{"type":"FeatureCollection","features":[{"type":"Feature","id":"bicimad-station-1","geometry":{"type":"Point","coordinates":[-3.70569,40.4204]},"properties":{"kind":"station","mode":"bicimad","id":"2","name":"Metro Callao","routes":"","route_keys":"||","capacity":27,"address":"Calle Miguel Moya nº 1","status":"In service","color":"#008F95","source_date":"2026-02-14"}},{"type":"Feature","id":"bicimad-station-2","geometry":{"type":"Point","coordinates":[-3.70725,40.43032]},"properties":{"kind":"station","mode":"bicimad","id":"3","name":"Plaza Conde Suchil","routes":"","route_keys":"||","capacity":19,"address":"Plaza Conde Surchill, 4 ","status":"In service","color":"#008F95","source_date":"2026-02-14"}},{"type":"Feature","id":"bicimad-station-3","geometry":{"type":"Point","coordinates":[-3.7025,40.42863]},"properties":{"kind":"station","mode":"bicimad","id":"4","name":"Malasaña","routes":"","route_keys":"||","capacity":27,"address":"Calle Manuela Malasaña nº 3","status":"In service","color":"#008F95","source_date":"2026-02-14"}},{"type":"Feature","id":"bicimad-station-4","geometry":{"type":"Point","coordinates":[-3.70214,40.42852]},"properties":{"kind":"station","mode":"bicimad","id":"5","name":"Fuencarral","routes":"","route_keys":"||","capacity":27,"address":"Calle Fuencarral nº 106","status":"In service","color":"#008F95","source_date":"2026-02-14"}},{"type":"Feature","id":"bicimad-station-5","geometry":{"type":"Point","coordinates":[-3.69902,40.42318]},"properties":{"kind":"station","mode":"bicimad","id":"6","name":"Colegio de Arquitectos","routes":"","route_keys":"||","capacity":19,"address":"Calle de Hortaleza, 53","status":"In service","color":"#008F95","source_date":"2026-02-14"}},{"type":"Feature","id":"bicimad-station-6","geometry":{"type":"Point","coordinates":[-3.69777,40.42519]},"properties":{"kind":"station","mode":"bicimad","id":"7","name":"Hortaleza, 75","routes":"","route_keys":"||","capacity":19,"address":"Calle Hortaleza nº 75","status":"In service","color":"#008F95","source_date":"2026-02-14"}},{"type":"Feature","id":"bicimad-station-7","geometry":{"type":"Point","coordinates":[-3.69544,40.42787]},"properties":{"kind":"station","mode":"bicimad","id":"8","name":"Metro Alonso Martínez","routes":"","route_keys":"||","capacity":24,"address":"Plaza de Alonso Martínez nº 6","status":"In service","color":"#008F95","source_date":"2026-02-14"}},{"type":"Feature","id":"bicimad-station-8","geometry":{"type":"Point","coordinates":[-3.70951,40.41561]},"properties":{"kind":"station","mode":"bicimad","id":"9","name":"Plaza de San Miguel","routes":"","route_keys":"||","capacity":24,"address":"Plaza de San Miguel nº 10","status":"In service","color":"#008F95","source_date":"2026-02-14"}},{"type":"Feature","id":"bicimad-station-9","geometry":{"type":"Point","coordinates":[-3.6921,40.4254]},"properties":{"kind":"station","mode":"bicimad","id":"10","name":"Marqués de la Ensenada","routes":"","route_keys":"||","capacity":23,"address":"Calle Marqués de la Ensenada (junto a edif, Centro Colón)","status":"In service","color":"#008F95","source_date":"2026-02-14"}},{"type":"Feature","id":"bicimad-station-10","geometry":{"type":"Point","coordinates":[-3.7036,40.427]},"properties":{"kind":"station","mode":"bicimad","id":"11","name":"Plaza del Dos de Mayo","routes":"","route_keys":"||","capacity":23,"address":"Calle San Andrés nº 18 - 20","status":"In service","color":"#008F95","source_date":"2026-02-14"}},{"type":"Feature","id":"bicimad-station-11","geometry":{"type":"Point","coordinates":[-3.70614,40.42847]},"properties":{"kind":"station","mode":"bicimad","id":"12","name":"San Hermenegildo","routes":"","route_keys":"||","capacity":27,"address":"Calle San Bernardo nº 85 - 87","status":"In service","color":"#008F95","source_date":"2026-02-14"}},{"type":"Feature","id":"bicimad-station-12","geometry":{"type":"Point","coordinates":[-3.7105,40.4273]},"properties":{"kind":"station","mode":"bicimad","id":"13","name":"Conde Duque","routes":"","route_keys":"||","capacity":23,"address":"Calle Conde Duque nº 22","status":"In service","color":"#008F95","source_date":"2026-02-14"}},{"type":"Feature","id":"bicimad-station-13","geometry":{"type":"Point","coordinates":[-3.71331,40.42604]},"properties":{"kind":"station","mode":"bicimad","id":"14","name":"Ventura Rodríguez","routes":"","route_keys":"||","capacity":27,"address":"Ventura Rodríguez, 3","status":"In service","color":"#008F95","source_date":"2026-02-14"}},{"type":"Feature","id":"bicimad-station-14","geometry":{"type":"Point","coordinates":[-3.70745,40.42624]},"properties":{"kind":"station","mode":"bicimad","id":"15","name":"Norte","routes":"","route_keys":"||","capacity":19,"address":"Calle norte nº 10","status":"In service","color":"#008F95","source_date":"2026-02-14"}},{"type":"Feature","id":"bicimad-station-15","geometry":{"type":"Point","coordinates":[-3.70748,40.42294]},"properties":{"kind":"station","mode":"bicimad","id":"16","name":"San Bernardo","routes":"","route_keys":"||","capacity":19,"address":"Calle San Bernardo nº 22","status":"In service","color":"#008F95","source_date":"2026-02-14"}},{"type":"Feature","id":"bicimad-station-16","geometry":{"type":"Point","coordinates":[-3.70505,40.4228]},"properties":{"kind":"station","mode":"bicimad","id":"17","name":"Plaza de Carlos Cambronero","routes":"","route_keys":"||","capacity":19,"address":"Calle de la Madera, 10","status":"In service","color":"#008F95","source_date":"2026-02-14"}},{"type":"Feature","id":"bicimad-station-17","geometry":{"type":"Point","coordinates":[-3.69968,40.42093]},"properties":{"kind":"station","mode":"bicimad","id":"18","name":"Plaza de Pedro Zerolo","routes":"","route_keys":"||","capacity":24,"address":"Plaza de Pedro Zerolo nº 20","status":"In service","color":"#008F95","source_date":"2026-02-14"}},{"type":"Feature","id":"bicimad-station-18","geometry":{"type":"Point","coordinates":[-3.6955,40.42186]},"properties":{"kind":"station","mode":"bicimad","id":"19","name":"Prim","routes":"","route_keys":"||","capacity":28,"address":"Calle Prim nº 4","status":"In service","color":"#008F95","source_date":"2026-02-14"}},{"type":"Feature","id":"bicimad-station-19","geometry":{"type":"Point","coordinates":[-3.69525,40.41881]},"properties":{"kind":"station","mode":"bicimad","id":"20","name":"Banco de España","routes":"","route_keys":"||","capacity":27,"address":"Calle Alcalá nº 48","status":"In service","color":"#008F95","source_date":"2026-02-14"}},{"type":"Feature","id":"bicimad-station-20","geometry":{"type":"Point","coordinates":[-3.70825,40.42026]},"properties":{"kind":"station","mode":"bicimad","id":"23","name":"Santo Domingo","routes":"","route_keys":"||","capacity":24,"address":"Plaza de Santo Domingo nº 1","status":"In service","color":"#008F95","source_date":"2026-02-14"}},{"type":"Feature","id":"bicimad-station-21","geometry":{"type":"Point","coordinates":[-3.71065,40.41777]},"properties":{"kind":"station","mode":"bicimad","id":"24","name":"Palacio de Oriente","routes":"","route_keys":"||","capacity":18,"address":"Calle Carlos III nº 1","status":"In service","color":"#008F95","source_date":"2026-02-14"}},{"type":"Feature","id":"bicimad-station-22","geometry":{"type":"Point","coordinates":[-3.70578,40.41737]},"properties":{"kind":"station","mode":"bicimad","id":"25A","name":"25A - Plaza de Celenque A","routes":"","route_keys":"||","capacity":24,"address":"Plaza de Celenque nº 1","status":"In service","color":"#008F95","source_date":"2026-02-14"}},{"type":"Feature","id":"bicimad-station-23","geometry":{"type":"Point","coordinates":[-3.7059,40.41737]},"properties":{"kind":"station","mode":"bicimad","id":"25B","name":"25B - Plaza de Celenque B","routes":"","route_keys":"||","capacity":24,"address":"Plaza de Celenque nº 1","status":"In service","color":"#008F95","source_date":"2026-02-14"}},{"type":"Feature","id":"bicimad-station-24","geometry":{"type":"Point","coordinates":[-3.6945,40.4239]},"properties":{"kind":"station","mode":"bicimad","id":"26","name":"Plaza de las Salesas","routes":"","route_keys":"||","capacity":27,"address":"Plaza de las Salesas nº 2","status":"In service","color":"#008F95","source_date":"2026-02-14"}},{"type":"Feature","id":"bicimad-station-25","geometry":{"type":"Point","coordinates":[-3.6957,40.4133]},"properties":{"kind":"station","mode":"bicimad","id":"27","name":"Huertas","routes":"","route_keys":"||","capacity":27,"address":"Calle Jesús nº 6","status":"In service","color":"#008F95","source_date":"2026-02-14"}},{"type":"Feature","id":"bicimad-station-26","geometry":{"type":"Point","coordinates":[-3.69574,40.41638]},"properties":{"kind":"station","mode":"bicimad","id":"29","name":"Marqués de Cubas","routes":"","route_keys":"||","capacity":23,"address":"Calle del Marqués de Cubas nº 25","status":"In service","color":"#008F95","source_date":"2026-02-14"}},{"type":"Feature","id":"bicimad-station-27","geometry":{"type":"Point","coordinates":[-3.7115,40.41921]},"properties":{"kind":"station","mode":"bicimad","id":"30","name":"San Quintín","routes":"","route_keys":"||","capacity":27,"address":"Calle Pavía nº 4","status":"In service","color":"#008F95","source_date":"2026-02-14"}},{"type":"Feature","id":"bicimad-station-28","geometry":{"type":"Point","coordinates":[-3.7069,40.41636]},"properties":{"kind":"station","mode":"bicimad","id":"31","name":"Mayor","routes":"","route_keys":"||","capacity":27,"address":"Calle Mayor nº 16","status":"In service","color":"#008F95","source_date":"2026-02-14"}},{"type":"Feature","id":"bicimad-station-29","geometry":{"type":"Point","coordinates":[-3.70664,40.41467]},"properties":{"kind":"station","mode":"bicimad","id":"32","name":"Plaza de la Provincia","routes":"","route_keys":"||","capacity":23,"address":"Calle Imperial, 3","status":"In service","color":"#008F95","source_date":"2026-02-14"}},{"type":"Feature","id":"bicimad-station-30","geometry":{"type":"Point","coordinates":[-3.70323,40.41654]},"properties":{"kind":"station","mode":"bicimad","id":"33","name":"Puerta del Sol","routes":"","route_keys":"||","capacity":23,"address":"Calle Carretas nº 3","status":"In service","color":"#008F95","source_date":"2026-02-14"}},{"type":"Feature","id":"bicimad-station-31","geometry":{"type":"Point","coordinates":[-3.70369,40.41454]},"properties":{"kind":"station","mode":"bicimad","id":"34","name":"Jacinto Benavente","routes":"","route_keys":"||","capacity":24,"address":"Plaza de Jacinto Benavente","status":"In service","color":"#008F95","source_date":"2026-02-14"}},{"type":"Feature","id":"bicimad-station-32","geometry":{"type":"Point","coordinates":[-3.71006,40.41369]},"properties":{"kind":"station","mode":"bicimad","id":"35","name":"Doctor Letamendi, 3","routes":"","route_keys":"||","capacity":23,"address":"Calle del Dr. Letamendi, 3","status":"In service","color":"#008F95","source_date":"2026-02-14"}},{"type":"Feature","id":"bicimad-station-33","geometry":{"type":"Point","coordinates":[-3.71215,40.41688]},"properties":{"kind":"station","mode":"bicimad","id":"36","name":"Plaza Ramales","routes":"","route_keys":"||","capacity":19,"address":"calle de Noblejas nº1","status":"In service","color":"#008F95","source_date":"2026-02-14"}},{"type":"Feature","id":"bicimad-station-34","geometry":{"type":"Point","coordinates":[-3.71348,40.41022]},"properties":{"kind":"station","mode":"bicimad","id":"37","name":"Calatrava, 38","routes":"","route_keys":"||","capacity":23,"address":"Calle de Calatrava, 38","status":"In service","color":"#008F95","source_date":"2026-02-14"}},{"type":"Feature","id":"bicimad-station-35","geometry":{"type":"Point","coordinates":[-3.71159,40.41136]},"properties":{"kind":"station","mode":"bicimad","id":"38","name":"Plaza de los Carros","routes":"","route_keys":"||","capacity":27,"address":"Carrera de San Francisco enfrente del nº 2 ","status":"In service","color":"#008F95","source_date":"2026-02-14"}},{"type":"Feature","id":"bicimad-station-36","geometry":{"type":"Point","coordinates":[-3.70883,40.41127]},"properties":{"kind":"station","mode":"bicimad","id":"39","name":"Plaza de la Cebada","routes":"","route_keys":"||","capacity":31,"address":"Plaza de la Cebada nº 3","status":"In service","color":"#008F95","source_date":"2026-02-14"}},{"type":"Feature","id":"bicimad-station-37","geometry":{"type":"Point","coordinates":[-3.70495,40.41315]},"properties":{"kind":"station","mode":"bicimad","id":"40","name":"Conde de Romanones","routes":"","route_keys":"||","capacity":23,"address":"Calle Conde de Romanones, 10","status":"In service","color":"#008F95","source_date":"2026-02-14"}},{"type":"Feature","id":"bicimad-station-38","geometry":{"type":"Point","coordinates":[-3.69911,40.4122]},"properties":{"kind":"station","mode":"bicimad","id":"41","name":"Metro Antón Martín","routes":"","route_keys":"||","capacity":19,"address":"Calle Atocha nº 56","status":"In service","color":"#008F95","source_date":"2026-02-14"}},{"type":"Feature","id":"bicimad-station-39","geometry":{"type":"Point","coordinates":[-3.69829,40.41085]},"properties":{"kind":"station","mode":"bicimad","id":"42","name":"Santa Isabel","routes":"","route_keys":"||","capacity":27,"address":"Calle Santa Isabel 32","status":"In service","color":"#008F95","source_date":"2026-02-14"}},{"type":"Feature","id":"bicimad-station-40","geometry":{"type":"Point","coordinates":[-3.70247,40.41004]},"properties":{"kind":"station","mode":"bicimad","id":"43","name":"Jesús y María","routes":"","route_keys":"||","capacity":18,"address":"Calle Jesús y María, 38 ","status":"In service","color":"#008F95","source_date":"2026-02-14"}},{"type":"Feature","id":"bicimad-station-41","geometry":{"type":"Point","coordinates":[-3.70386,40.40979]},"properties":{"kind":"station","mode":"bicimad","id":"44","name":"Plaza de Nelson Mandela","routes":"","route_keys":"||","capacity":19,"address":"Plaza Nelson Mandela, 44 ","status":"In service","color":"#008F95","source_date":"2026-02-14"}},{"type":"Feature","id":"bicimad-station-42","geometry":{"type":"Point","coordinates":[-3.7111,40.40687]},"properties":{"kind":"station","mode":"bicimad","id":"45","name":"Metro Puerta de Toledo","routes":"","route_keys":"||","capacity":19,"address":"Puerta de Toledo 1 ","status":"In service","color":"#008F95","source_date":"2026-02-14"}},{"type":"Feature","id":"bicimad-station-43","geometry":{"type":"Point","coordinates":[-3.70713,40.40532]},"properties":{"kind":"station","mode":"bicimad","id":"46","name":"Ribera de Curtidores","routes":"","route_keys":"||","capacity":27,"address":"Calle Ribera de Curtidores nº 28","status":"In service","color":"#008F95","source_date":"2026-02-14"}},{"type":"Feature","id":"bicimad-station-44","geometry":{"type":"Point","coordinates":[-3.7028,40.40458]},"properties":{"kind":"station","mode":"bicimad","id":"47","name":"Renfe/Cercanías Embajadores","routes":"","route_keys":"||","capacity":24,"address":"Glorieta de Embajadores, 7 ","status":"In service","color":"#008F95","source_date":"2026-02-14"}},{"type":"Feature","id":"bicimad-station-45","geometry":{"type":"Point","coordinates":[-3.70132,40.40404]},"properties":{"kind":"station","mode":"bicimad","id":"48","name":"Juan Sebastián Elcano","routes":"","route_keys":"||","capacity":23,"address":"Calle Juan Sebastián Elcano  2","status":"In service","color":"#008F95","source_date":"2026-02-14"}},{"type":"Feature","id":"bicimad-station-46","geometry":{"type":"Point","coordinates":[-3.69928,40.40605]},"properties":{"kind":"station","mode":"bicimad","id":"49","name":"Casa Encendida","routes":"","route_keys":"||","capacity":27,"address":"Ronda de Atocha nº 34","status":"In service","color":"#008F95","source_date":"2026-02-14"}},{"type":"Feature","id":"bicimad-station-47","geometry":{"type":"Point","coordinates":[-3.69604,40.40735]},"properties":{"kind":"station","mode":"bicimad","id":"50","name":"Museo Reina Sofía","routes":"","route_keys":"||","capacity":23,"address":"Calle Argumosa, 30","status":"In service","color":"#008F95","source_date":"2026-02-14"}},{"type":"Feature","id":"bicimad-station-48","geometry":{"type":"Point","coordinates":[-3.69349,40.40776]},"properties":{"kind":"station","mode":"bicimad","id":"51","name":"Ronda de Atocha","routes":"","route_keys":"||","capacity":27,"address":"Ronda de Atocha (esquina con Plaza del Emperador Carlos V)","status":"In service","color":"#008F95","source_date":"2026-02-14"}},{"type":"Feature","id":"bicimad-station-49","geometry":{"type":"Point","coordinates":[-3.70086,40.41447]},"properties":{"kind":"station","mode":"bicimad","id":"52","name":"Plaza de Santa Ana","routes":"","route_keys":"||","capacity":15,"address":"Plaza de Santa Ana nº 10","status":"In service","color":"#008F95","source_date":"2026-02-14"}},{"type":"Feature","id":"bicimad-station-50","geometry":{"type":"Point","coordinates":[-3.70075,40.40831]},"properties":{"kind":"station","mode":"bicimad","id":"53","name":"Plaza de Lavapiés","routes":"","route_keys":"||","capacity":24,"address":"Plazuela de Ana Diosdado","status":"In service","color":"#008F95","source_date":"2026-02-14"}},{"type":"Feature","id":"bicimad-station-51","geometry":{"type":"Point","coordinates":[-3.70039,40.4266]},"properties":{"kind":"station","mode":"bicimad","id":"54","name":"Metro Tribunal","routes":"","route_keys":"||","capacity":19,"address":"Calle Barceló nº 9","status":"In service","color":"#008F95","source_date":"2026-02-14"}},{"type":"Feature","id":"bicimad-station-52","geometry":{"type":"Point","coordinates":[-3.70208,40.42398]},"properties":{"kind":"station","mode":"bicimad","id":"55","name":"Plaza de San Ildefonso","routes":"","route_keys":"||","capacity":24,"address":"Plaza de San Ildefonso nº4","status":"In service","color":"#008F95","source_date":"2026-02-14"}},{"type":"Feature","id":"bicimad-station-53","geometry":{"type":"Point","coordinates":[-3.7039,40.41903]},"properties":{"kind":"station","mode":"bicimad","id":"56","name":"Plaza del Carmen ","routes":"","route_keys":"||","capacity":24,"address":"Calle Abada, 2","status":"In service","color":"#008F95","source_date":"2026-02-14"}},{"type":"Feature","id":"bicimad-station-54","geometry":{"type":"Point","coordinates":[-3.71263,40.42957]},"properties":{"kind":"station","mode":"bicimad","id":"57","name":"Santa Cruz de Marcenado","routes":"","route_keys":"||","capacity":23,"address":"Calle Santa Cruz del Marcenado nº 26","status":"In service","color":"#008F95","source_date":"2026-02-14"}},{"type":"Feature","id":"bicimad-station-55","geometry":{"type":"Point","coordinates":[-3.69786,40.42228]},"properties":{"kind":"station","mode":"bicimad","id":"58","name":"Metro Chueca","routes":"","route_keys":"||","capacity":27,"address":"Calle Augusto Figueroa nº 33","status":"In service","color":"#008F95","source_date":"2026-02-14"}},{"type":"Feature","id":"bicimad-station-56","geometry":{"type":"Point","coordinates":[-3.70434,40.42555]},"properties":{"kind":"station","mode":"bicimad","id":"59","name":"Plaza de Juan Pujol","routes":"","route_keys":"||","capacity":19,"address":"Calle Espíritu Santo nº 30","status":"NOT_IN_SERVICE","color":"#008F95","source_date":"2026-02-14"}},{"type":"Feature","id":"bicimad-station-57","geometry":{"type":"Point","coordinates":[-3.6891,40.41885]},"properties":{"kind":"station","mode":"bicimad","id":"60","name":"Puerta de Alcalá","routes":"","route_keys":"||","capacity":24,"address":"Calle Valenzuela, 3","status":"In service","color":"#008F95","source_date":"2026-02-14"}},{"type":"Feature","id":"bicimad-station-58","geometry":{"type":"Point","coordinates":[-3.67531,40.42146]},"properties":{"kind":"station","mode":"bicimad","id":"61","name":"O Donnell - Narváez","routes":"","route_keys":"||","capacity":27,"address":"Calle O Donnell nº 30","status":"In service","color":"#008F95","source_date":"2026-02-14"}},{"type":"Feature","id":"bicimad-station-59","geometry":{"type":"Point","coordinates":[-3.6725,40.42131]},"properties":{"kind":"station","mode":"bicimad","id":"62","name":"Hospital M. Infantil Gregorio Marañón","routes":"","route_keys":"||","capacity":27,"address":"Calle O Donnell nº 48","status":"In service","color":"#008F95","source_date":"2026-02-14"}},{"type":"Feature","id":"bicimad-station-60","geometry":{"type":"Point","coordinates":[-3.6709,40.41792]},"properties":{"kind":"station","mode":"bicimad","id":"63","name":"Hospital Gral. Uni. Gregorio Marañón","routes":"","route_keys":"||","capacity":23,"address":"Calle Ibiza nº 64","status":"In service","color":"#008F95","source_date":"2026-02-14"}},{"type":"Feature","id":"bicimad-station-61","geometry":{"type":"Point","coordinates":[-3.68942,40.4167]},"properties":{"kind":"station","mode":"bicimad","id":"65","name":"Parque del Retiro - Calle Antonio Maura","routes":"","route_keys":"||","capacity":24,"address":"Calle Antonio Maura nº 13","status":"In service","color":"#008F95","source_date":"2026-02-14"}},{"type":"Feature","id":"bicimad-station-62","geometry":{"type":"Point","coordinates":[-3.69322,40.41085]},"properties":{"kind":"station","mode":"bicimad","id":"67","name":"CaixaForum Madrid","routes":"","route_keys":"||","capacity":23,"address":"Calle de Almadén, 38","status":"In service","color":"#008F95","source_date":"2026-02-14"}},{"type":"Feature","id":"bicimad-station-63","geometry":{"type":"Point","coordinates":[-3.69132,40.41277]},"properties":{"kind":"station","mode":"bicimad","id":"68","name":"Espalter - Ruiz de Alarcón","routes":"","route_keys":"||","capacity":19,"address":"Calle Espalter nº 3","status":"In service","color":"#008F95","source_date":"2026-02-14"}},{"type":"Feature","id":"bicimad-station-64","geometry":{"type":"Point","coordinates":[-3.68882,40.40981]},"properties":{"kind":"station","mode":"bicimad","id":"69","name":"Parque del Retiro - Puerta Ángel Caído","routes":"","route_keys":"||","capacity":27,"address":"Avenida de Alfonso XII nº 54","status":"In service","color":"#008F95","source_date":"2026-02-14"}},{"type":"Feature","id":"bicimad-station-65","geometry":{"type":"Point","coordinates":[-3.67787,40.41538]},"properties":{"kind":"station","mode":"bicimad","id":"70","name":"Hospital Uni. Infantil Niño Jesús","routes":"","route_keys":"||","capacity":27,"address":"Avenida de Menéndez Pelayo nº 63","status":"In service","color":"#008F95","source_date":"2026-02-14"}},{"type":"Feature","id":"bicimad-station-66","geometry":{"type":"Point","coordinates":[-3.6739,40.4161]},"properties":{"kind":"station","mode":"bicimad","id":"71","name":"Plaza del Doctor Laguna","routes":"","route_keys":"||","capacity":23,"address":"Calle Doce de Octubre nº 28","status":"In service","color":"#008F95","source_date":"2026-02-14"}},{"type":"Feature","id":"bicimad-station-67","geometry":{"type":"Point","coordinates":[-3.66921,40.41591]},"properties":{"kind":"station","mode":"bicimad","id":"72","name":"Metro Sáinz de Baranda","routes":"","route_keys":"||","capacity":23,"address":"Calle Doctor Esquerdo nº 99","status":"In service","color":"#008F95","source_date":"2026-02-14"}},{"type":"Feature","id":"bicimad-station-68","geometry":{"type":"Point","coordinates":[-3.6687,40.4115]},"properties":{"kind":"station","mode":"bicimad","id":"73","name":"Plaza de los Astros","routes":"","route_keys":"||","capacity":23,"address":"Calle de los Astros, nº5 ","status":"In service","color":"#008F95","source_date":"2026-02-14"}},{"type":"Feature","id":"bicimad-station-69","geometry":{"type":"Point","coordinates":[-3.67659,40.41206]},"properties":{"kind":"station","mode":"bicimad","id":"74","name":"Parque Retiro - Jardines Cecilio Rguez","routes":"","route_keys":"||","capacity":27,"address":"Avenida de Menéndez Pelayo nº 69","status":"In service","color":"#008F95","source_date":"2026-02-14"}},{"type":"Feature","id":"bicimad-station-70","geometry":{"type":"Point","coordinates":[-3.67847,40.40827]},"properties":{"kind":"station","mode":"bicimad","id":"75","name":"Parque del Retiro - Plaza Mariano Cavia","routes":"","route_keys":"||","capacity":27,"address":"Avenida Menéndez pelayo (esquina con calle Poeta Esteban Villegas)","status":"In service","color":"#008F95","source_date":"2026-02-14"}},{"type":"Feature","id":"bicimad-station-71","geometry":{"type":"Point","coordinates":[-3.6751,40.40727]},"properties":{"kind":"station","mode":"bicimad","id":"76","name":"Avenida del Mediterráneo, 19","routes":"","route_keys":"||","capacity":24,"address":"Avenida del Mediterráneo nº 19","status":"In service","color":"#008F95","source_date":"2026-02-14"}},{"type":"Feature","id":"bicimad-station-72","geometry":{"type":"Point","coordinates":[-3.67071,40.40648]},"properties":{"kind":"station","mode":"bicimad","id":"77","name":"Plaza del Conde de Casal","routes":"","route_keys":"||","capacity":18,"address":"Plaza del Conde de Casal nº 8","status":"In service","color":"#008F95","source_date":"2026-02-14"}},{"type":"Feature","id":"bicimad-station-73","geometry":{"type":"Point","coordinates":[-3.67452,40.40064]},"properties":{"kind":"station","mode":"bicimad","id":"78","name":"Metro Pacífico","routes":"","route_keys":"||","capacity":27,"address":"Calle Cerro de la Plata nº 4","status":"In service","color":"#008F95","source_date":"2026-02-14"}},{"type":"Feature","id":"bicimad-station-74","geometry":{"type":"Point","coordinates":[-3.68044,40.40511]},"properties":{"kind":"station","mode":"bicimad","id":"79","name":"Metro Menéndez Pelayo","routes":"","route_keys":"||","capacity":27,"address":"Avenida de Menéndez Pelayo nº 38","status":"In service","color":"#008F95","source_date":"2026-02-14"}},{"type":"Feature","id":"bicimad-station-75","geometry":{"type":"Point","coordinates":[-3.69183,40.40934]},"properties":{"kind":"station","mode":"bicimad","id":"81","name":"Cuesta de Moyano","routes":"","route_keys":"||","capacity":24,"address":"Calle Claudio Moyano, nº5 ","status":"In service","color":"#008F95","source_date":"2026-02-14"}},{"type":"Feature","id":"bicimad-station-76","geometry":{"type":"Point","coordinates":[-3.66975,40.40846]},"properties":{"kind":"station","mode":"bicimad","id":"82","name":"Doctor Esquerdo - Metro Conde de Casal","routes":"","route_keys":"||","capacity":23,"address":"Calle Lira, nº1 ","status":"In service","color":"#008F95","source_date":"2026-02-14"}},{"type":"Feature","id":"bicimad-station-77","geometry":{"type":"Point","coordinates":[-3.67448,40.4133]},"properties":{"kind":"station","mode":"bicimad","id":"83","name":"Pío Baroja","routes":"","route_keys":"||","capacity":23,"address":"Calle Pío Baroja nº8","status":"In service","color":"#008F95","source_date":"2026-02-14"}},{"type":"Feature","id":"bicimad-station-78","geometry":{"type":"Point","coordinates":[-3.67248,40.40357]},"properties":{"kind":"station","mode":"bicimad","id":"84","name":"Biblioteca Pública Elena Fortún","routes":"","route_keys":"||","capacity":23,"address":"Calle Doctor Esquerdo nº 191","status":"In service","color":"#008F95","source_date":"2026-02-14"}},{"type":"Feature","id":"bicimad-station-79","geometry":{"type":"Point","coordinates":[-3.67989,40.42131]},"properties":{"kind":"station","mode":"bicimad","id":"85","name":"Parque del Retiro - Puerta de O´Donnell","routes":"","route_keys":"||","capacity":27,"address":"Avenida de Menéndez Pelayo, 9","status":"In service","color":"#008F95","source_date":"2026-02-14"}},{"type":"Feature","id":"bicimad-station-80","geometry":{"type":"Point","coordinates":[-3.69335,40.41865]},"properties":{"kind":"station","mode":"bicimad","id":"86","name":"Cibeles","routes":"","route_keys":"||","capacity":24,"address":"Paseo del Prado, 1B ","status":"In service","color":"#008F95","source_date":"2026-02-14"}},{"type":"Feature","id":"bicimad-station-81","geometry":{"type":"Point","coordinates":[-3.68326,40.42774]},"properties":{"kind":"station","mode":"bicimad","id":"87","name":"Ayala - Velázquez","routes":"","route_keys":"||","capacity":23,"address":"Calle Ayala nº 46","status":"In service","color":"#008F95","source_date":"2026-02-14"}},{"type":"Feature","id":"bicimad-station-82","geometry":{"type":"Point","coordinates":[-3.68383,40.43136]},"properties":{"kind":"station","mode":"bicimad","id":"88","name":"Velázquez-Padilla","routes":"","route_keys":"||","capacity":23,"address":"Calle Velázquez, 73 ","status":"In service","color":"#008F95","source_date":"2026-02-14"}},{"type":"Feature","id":"bicimad-station-83","geometry":{"type":"Point","coordinates":[-3.6752,40.42726]},"properties":{"kind":"station","mode":"bicimad","id":"89","name":"Ayala - Conde de Peñalver","routes":"","route_keys":"||","capacity":23,"address":"Calle Ayala nº 104","status":"In service","color":"#008F95","source_date":"2026-02-14"}},{"type":"Feature","id":"bicimad-station-84","geometry":{"type":"Point","coordinates":[-3.68384,40.42515]},"properties":{"kind":"station","mode":"bicimad","id":"90","name":"Metro Velázquez","routes":"","route_keys":"||","capacity":27,"address":"Calle Goya, 20 ","status":"In service","color":"#008F95","source_date":"2026-02-14"}},{"type":"Feature","id":"bicimad-station-85","geometry":{"type":"Point","coordinates":[-3.67863,40.42605]},"properties":{"kind":"station","mode":"bicimad","id":"91","name":"Hermosilla - General Pardiñas","routes":"","route_keys":"||","capacity":23,"address":"Calle Hermosilla nº 71","status":"In service","color":"#008F95","source_date":"2026-02-14"}},{"type":"Feature","id":"bicimad-station-86","geometry":{"type":"Point","coordinates":[-3.68655,40.42629]},"properties":{"kind":"station","mode":"bicimad","id":"92","name":"Claudio Coello - Hermosilla","routes":"","route_keys":"||","capacity":23,"address":"Calle Claudio Coello, 43 ","status":"In service","color":"#008F95","source_date":"2026-02-14"}},{"type":"Feature","id":"bicimad-station-87","geometry":{"type":"Point","coordinates":[-3.68934,40.42576]},"properties":{"kind":"station","mode":"bicimad","id":"93","name":"Plaza de Margaret Thatcher","routes":"","route_keys":"||","capacity":23,"address":"Calle Goya (esquina calle Marqués de Zurgeña)","status":"In service","color":"#008F95","source_date":"2026-02-14"}},{"type":"Feature","id":"bicimad-station-88","geometry":{"type":"Point","coordinates":[-3.69076,40.42322]},"properties":{"kind":"station","mode":"bicimad","id":"94","name":"Estación de tren de Recoletos","routes":"","route_keys":"||","capacity":23,"address":"Paseo de Recoletos nº 20","status":"In service","color":"#008F95","source_date":"2026-02-14"}},{"type":"Feature","id":"bicimad-station-89","geometry":{"type":"Point","coordinates":[-3.68693,40.42254]},"properties":{"kind":"station","mode":"bicimad","id":"95","name":"Claudio Coello - Villanueva","routes":"","route_keys":"||","capacity":23,"address":"Calle Claudio Coello nº 19","status":"In service","color":"#008F95","source_date":"2026-02-14"}},{"type":"Feature","id":"bicimad-station-90","geometry":{"type":"Point","coordinates":[-3.6822,40.42202]},"properties":{"kind":"station","mode":"bicimad","id":"96","name":"Alcalá - Castelló","routes":"","route_keys":"||","capacity":27,"address":"Calle Alcalá nº 111","status":"In service","color":"#008F95","source_date":"2026-02-14"}},{"type":"Feature","id":"bicimad-station-91","geometry":{"type":"Point","coordinates":[-3.68026,40.42254]},"properties":{"kind":"station","mode":"bicimad","id":"97","name":"Metro Príncipe de Vergara","routes":"","route_keys":"||","capacity":27,"address":"Avenida Menéndez Pelayo (esquina calle Alcalá)","status":"In service","color":"#008F95","source_date":"2026-02-14"}},{"type":"Feature","id":"bicimad-station-92","geometry":{"type":"Point","coordinates":[-3.67577,40.42413]},"properties":{"kind":"station","mode":"bicimad","id":"98","name":"Plaza de Felipe II","routes":"","route_keys":"||","capacity":24,"address":"Calle Narváez, 3 ","status":"In service","color":"#008F95","source_date":"2026-02-14"}},{"type":"Feature","id":"bicimad-station-93","geometry":{"type":"Point","coordinates":[-3.67402,40.42604]},"properties":{"kind":"station","mode":"bicimad","id":"99","name":"Alcántara - Hermosilla","routes":"","route_keys":"||","capacity":23,"address":"Calle Alcántara, 4 ","status":"In service","color":"#008F95","source_date":"2026-02-14"}},{"type":"Feature","id":"bicimad-station-94","geometry":{"type":"Point","coordinates":[-3.67384,40.42478]},"properties":{"kind":"station","mode":"bicimad","id":"100","name":"Wizink Center","routes":"","route_keys":"||","capacity":27,"address":"Calle Goya nº 99","status":"In service","color":"#008F95","source_date":"2026-02-14"}},{"type":"Feature","id":"bicimad-station-95","geometry":{"type":"Point","coordinates":[-3.66968,40.42308]},"properties":{"kind":"station","mode":"bicimad","id":"101","name":"Metro O Donnell","routes":"","route_keys":"||","capacity":24,"address":"Calle Jorge Juán, 129 ","status":"In service","color":"#008F95","source_date":"2026-02-14"}},{"type":"Feature","id":"bicimad-station-96","geometry":{"type":"Point","coordinates":[-3.68423,40.42118]},"properties":{"kind":"station","mode":"bicimad","id":"102","name":"Metro Retiro","routes":"","route_keys":"||","capacity":23,"address":"Calle Alcalá nº 95","status":"In service","color":"#008F95","source_date":"2026-02-14"}},{"type":"Feature","id":"bicimad-station-97","geometry":{"type":"Point","coordinates":[-3.68674,40.43053]},"properties":{"kind":"station","mode":"bicimad","id":"103","name":"Ortega y Gasset - Serrano","routes":"","route_keys":"||","capacity":23,"address":"Calle José Ortega y Gasset, 6 ","status":"In service","color":"#008F95","source_date":"2026-02-14"}},{"type":"Feature","id":"bicimad-station-98","geometry":{"type":"Point","coordinates":[-3.68958,40.42677]},"properties":{"kind":"station","mode":"bicimad","id":"104","name":"Castellana - Hermosilla","routes":"","route_keys":"||","capacity":23,"address":"Paseo de la Castellana nº 4","status":"In service","color":"#008F95","source_date":"2026-02-14"}},{"type":"Feature","id":"bicimad-station-99","geometry":{"type":"Point","coordinates":[-3.68754,40.42708]},"properties":{"kind":"station","mode":"bicimad","id":"105","name":"Serrano, 46","routes":"","route_keys":"||","capacity":23,"address":"Calle Serrano nº 46","status":"In service","color":"#008F95","source_date":"2026-02-14"}},{"type":"Feature","id":"bicimad-station-100","geometry":{"type":"Point","coordinates":[-3.68789,40.42478]},"properties":{"kind":"station","mode":"bicimad","id":"106B","name":"106B - Plaza de Colón B","routes":"","route_keys":"||","capacity":19,"address":"Calle Serrano nº 32","status":"In service","color":"#008F95","source_date":"2026-02-14"}},{"type":"Feature","id":"bicimad-station-101","geometry":{"type":"Point","coordinates":[-3.68838,40.42156]},"properties":{"kind":"station","mode":"bicimad","id":"107","name":"Serrano - Conde de Aranda","routes":"","route_keys":"||","capacity":23,"address":"Calle Serrano nº 8","status":"In service","color":"#008F95","source_date":"2026-02-14"}},{"type":"Feature","id":"bicimad-station-102","geometry":{"type":"Point","coordinates":[-3.67065,40.4274]},"properties":{"kind":"station","mode":"bicimad","id":"108","name":"Mártires Concepcionistas - Alcalá","routes":"","route_keys":"||","capacity":27,"address":"Calle Mártires Concepcionistas nº 2","status":"In service","color":"#008F95","source_date":"2026-02-14"}},{"type":"Feature","id":"bicimad-station-103","geometry":{"type":"Point","coordinates":[-3.68145,40.43012]},"properties":{"kind":"station","mode":"bicimad","id":"109","name":"Marqués de Salamanca","routes":"","route_keys":"||","capacity":23,"address":"Calle José Ortega y Gasset nº 30","status":"In service","color":"#008F95","source_date":"2026-02-14"}},{"type":"Feature","id":"bicimad-station-104","geometry":{"type":"Point","coordinates":[-3.7201,40.43475]},"properties":{"kind":"station","mode":"bicimad","id":"110","name":"Intercambiador de Moncloa","routes":"","route_keys":"||","capacity":23,"address":"Paseo de Moret nº 1","status":"In service","color":"#008F95","source_date":"2026-02-14"}},{"type":"Feature","id":"bicimad-station-105","geometry":{"type":"Point","coordinates":[-3.71752,40.4336]},"properties":{"kind":"station","mode":"bicimad","id":"111A","name":"111A - Metro Moncloa A","routes":"","route_keys":"||","capacity":23,"address":"Calle Arcipreste de Hita nº 8","status":"In service","color":"#008F95","source_date":"2026-02-14"}},{"type":"Feature","id":"bicimad-station-106","geometry":{"type":"Point","coordinates":[-3.71774,40.43391]},"properties":{"kind":"station","mode":"bicimad","id":"111B","name":"111B - Metro Moncloa B","routes":"","route_keys":"||","capacity":23,"address":"Calle Arcipreste de Hita nº 12","status":"In service","color":"#008F95","source_date":"2026-02-14"}},{"type":"Feature","id":"bicimad-station-107","geometry":{"type":"Point","coordinates":[-3.72474,40.43269]},"properties":{"kind":"station","mode":"bicimad","id":"112","name":"Paseo de Moret - Parque del Oeste","routes":"","route_keys":"||","capacity":23,"address":"Paseo Moret, 9 ","status":"In service","color":"#008F95","source_date":"2026-02-14"}},{"type":"Feature","id":"bicimad-station-108","geometry":{"type":"Point","coordinates":[-3.72073,40.42754]},"properties":{"kind":"station","mode":"bicimad","id":"113","name":"Teleférico Madrid - Estación Rosales","routes":"","route_keys":"||","capacity":24,"address":"Paseo del Pintor Rosales frente al nº 38","status":"In service","color":"#008F95","source_date":"2026-02-14"}},{"type":"Feature","id":"bicimad-station-109","geometry":{"type":"Point","coordinates":[-3.71746,40.42784]},"properties":{"kind":"station","mode":"bicimad","id":"114","name":"Quintana - Juan Álvarez de Mendizábal","routes":"","route_keys":"||","capacity":23,"address":"Calle Quintana nº 13","status":"In service","color":"#008F95","source_date":"2026-02-14"}},{"type":"Feature","id":"bicimad-station-110","geometry":{"type":"Point","coordinates":[-3.71705,40.42531]},"properties":{"kind":"station","mode":"bicimad","id":"115","name":"Ferraz - Templo de Debod","routes":"","route_keys":"||","capacity":23,"address":"Paseo de Pintor Rosales (esquina Marqués de Cerralbo)","status":"In service","color":"#008F95","source_date":"2026-02-14"}},{"type":"Feature","id":"bicimad-station-111","geometry":{"type":"Point","coordinates":[-3.71304,40.42368]},"properties":{"kind":"station","mode":"bicimad","id":"116A","name":"116A - Plaza de España - Martín de los Heros","routes":"","route_keys":"||","capacity":18,"address":"Plaza de España nº16","status":"In service","color":"#008F95","source_date":"2026-02-14"}},{"type":"Feature","id":"bicimad-station-112","geometry":{"type":"Point","coordinates":[-3.71046,40.42368]},"properties":{"kind":"station","mode":"bicimad","id":"116B","name":"116B - Metro Plaza de España","routes":"","route_keys":"||","capacity":18,"address":"Calle de los Reyes, nº10","status":"In service","color":"#008F95","source_date":"2026-02-14"}},{"type":"Feature","id":"bicimad-station-113","geometry":{"type":"Point","coordinates":[-3.71889,40.43098]},"properties":{"kind":"station","mode":"bicimad","id":"117","name":"Altamirano  - Martín de los Heros","routes":"","route_keys":"||","capacity":23,"address":"Calle Altamirano nº 24","status":"In service","color":"#008F95","source_date":"2026-02-14"}},{"type":"Feature","id":"bicimad-station-114","geometry":{"type":"Point","coordinates":[-3.68824,40.40078]},"properties":{"kind":"station","mode":"bicimad","id":"118","name":"OFICINA DEL SER, APR Y BICIREGISTRO","routes":"","route_keys":"||","capacity":23,"address":"Calle Juan Martínez el empeciado (esquina calle Bustamante) ","status":"In service","color":"#008F95","source_date":"2026-02-14"}},{"type":"Feature","id":"bicimad-station-115","geometry":{"type":"Point","coordinates":[-3.68627,40.40129]},"properties":{"kind":"station","mode":"bicimad","id":"119","name":"Méndez Álvaro","routes":"","route_keys":"||","capacity":23,"address":"Calle Méndez Álvaro nº 11","status":"In service","color":"#008F95","source_date":"2026-02-14"}},{"type":"Feature","id":"bicimad-station-116","geometry":{"type":"Point","coordinates":[-3.69483,40.40309]},"properties":{"kind":"station","mode":"bicimad","id":"120","name":"Metro Palos de la Frontera","routes":"","route_keys":"||","capacity":27,"address":"Calle Palos de la Frontera nº 27","status":"In service","color":"#008F95","source_date":"2026-02-14"}},{"type":"Feature","id":"bicimad-station-117","geometry":{"type":"Point","coordinates":[-3.6986,40.40175]},"properties":{"kind":"station","mode":"bicimad","id":"121","name":"Glorieta de Santa María de la Cabeza","routes":"","route_keys":"||","capacity":27,"address":"Paseo de Santa María de la Cabeza nº 58","status":"In service","color":"#008F95","source_date":"2026-02-14"}},{"type":"Feature","id":"bicimad-station-118","geometry":{"type":"Point","coordinates":[-3.69637,40.42954]},"properties":{"kind":"station","mode":"bicimad","id":"122","name":"Santa Engracia - Zurbarán","routes":"","route_keys":"||","capacity":23,"address":"Calle Santa Engracia nº 14","status":"In service","color":"#008F95","source_date":"2026-02-14"}},{"type":"Feature","id":"bicimad-station-119","geometry":{"type":"Point","coordinates":[-3.71334,40.43065]},"properties":{"kind":"station","mode":"bicimad","id":"123","name":"Metro Argüelles","routes":"","route_keys":"||","capacity":27,"address":"Calle Guzmán el Bueno nº 2","status":"In service","color":"#008F95","source_date":"2026-02-14"}},{"type":"Feature","id":"bicimad-station-120","geometry":{"type":"Point","coordinates":[-3.69937,40.43097]},"properties":{"kind":"station","mode":"bicimad","id":"124","name":"Metro Bilbao","routes":"","route_keys":"||","capacity":27,"address":"Calle Manuel Silvela nº 20","status":"In service","color":"#008F95","source_date":"2026-02-14"}},{"type":"Feature","id":"bicimad-station-121","geometry":{"type":"Point","coordinates":[-3.6948,40.4353]},"properties":{"kind":"station","mode":"bicimad","id":"125","name":"Fdez. de la Hoz - Gral. Martínez Campos","routes":"","route_keys":"||","capacity":27,"address":"Calle Fernández de la Hoz nº 29","status":"In service","color":"#008F95","source_date":"2026-02-14"}},{"type":"Feature","id":"bicimad-station-122","geometry":{"type":"Point","coordinates":[-3.7018,40.4346]},"properties":{"kind":"station","mode":"bicimad","id":"126","name":"General Álvarez de Castro","routes":"","route_keys":"||","capacity":27,"address":"Calle del General Álvarez de Castro, 6 ","status":"In service","color":"#008F95","source_date":"2026-02-14"}},{"type":"Feature","id":"bicimad-station-123","geometry":{"type":"Point","coordinates":[-3.70844,40.43385]},"properties":{"kind":"station","mode":"bicimad","id":"127","name":"Mercado Municipal de Vallehermoso","routes":"","route_keys":"||","capacity":27,"address":"Calle Fernando el Católico nº 19","status":"In service","color":"#008F95","source_date":"2026-02-14"}},{"type":"Feature","id":"bicimad-station-124","geometry":{"type":"Point","coordinates":[-3.71555,40.43899]},"properties":{"kind":"station","mode":"bicimad","id":"128","name":"Metro Islas Filipinas","routes":"","route_keys":"||","capacity":27,"address":"Calle Cea Bermúdez nº 59","status":"In service","color":"#008F95","source_date":"2026-02-14"}},{"type":"Feature","id":"bicimad-station-125","geometry":{"type":"Point","coordinates":[-3.69824,40.43839]},"properties":{"kind":"station","mode":"bicimad","id":"129","name":"Metro Alonso Cano","routes":"","route_keys":"||","capacity":27,"address":"Calle de José Abascal, 33-35 ","status":"In service","color":"#008F95","source_date":"2026-02-14"}},{"type":"Feature","id":"bicimad-station-126","geometry":{"type":"Point","coordinates":[-3.70164,40.44156]},"properties":{"kind":"station","mode":"bicimad","id":"130","name":"Metro Ríos Rosas","routes":"","route_keys":"||","capacity":23,"address":"Calle de Santa Engracia, 129 ","status":"In service","color":"#008F95","source_date":"2026-02-14"}},{"type":"Feature","id":"bicimad-station-127","geometry":{"type":"Point","coordinates":[-3.70403,40.44179]},"properties":{"kind":"station","mode":"bicimad","id":"131","name":"Plaza de Juan Zorrilla","routes":"","route_keys":"||","capacity":23,"address":"Calle Bravo Murillo nº 44","status":"In service","color":"#008F95","source_date":"2026-02-14"}},{"type":"Feature","id":"bicimad-station-128","geometry":{"type":"Point","coordinates":[-3.70361,40.44638]},"properties":{"kind":"station","mode":"bicimad","id":"132","name":"Glorieta de Cuatro Caminos","routes":"","route_keys":"||","capacity":27,"address":"Calle Santa Engracia, 164 ","status":"In service","color":"#008F95","source_date":"2026-02-14"}},{"type":"Feature","id":"bicimad-station-129","geometry":{"type":"Point","coordinates":[-3.70017,40.44713]},"properties":{"kind":"station","mode":"bicimad","id":"133","name":"Raimundo Fdez. Villaverde - Dulcinea","routes":"","route_keys":"||","capacity":24,"address":"Calle Dulcinea, 3 ","status":"In service","color":"#008F95","source_date":"2026-02-14"}},{"type":"Feature","id":"bicimad-station-130","geometry":{"type":"Point","coordinates":[-3.69557,40.44418]},"properties":{"kind":"station","mode":"bicimad","id":"134","name":"María de Guzmán - Agustín de Betancourt","routes":"","route_keys":"||","capacity":23,"address":"Calle María de Guzmán nº 58","status":"In service","color":"#008F95","source_date":"2026-02-14"}},{"type":"Feature","id":"bicimad-station-131","geometry":{"type":"Point","coordinates":[-3.69273,40.44148]},"properties":{"kind":"station","mode":"bicimad","id":"135","name":"Plaza de San Juan de la Cruz","routes":"","route_keys":"||","capacity":23,"address":"Plaza de San Juan de la Cruz, 10 ","status":"In service","color":"#008F95","source_date":"2026-02-14"}},{"type":"Feature","id":"bicimad-station-132","geometry":{"type":"Point","coordinates":[-3.69077,40.44512]},"properties":{"kind":"station","mode":"bicimad","id":"136","name":"Metro Nuevos Ministerios","routes":"","route_keys":"||","capacity":23,"address":"Paseo de la Castellana nº 106","status":"In service","color":"#008F95","source_date":"2026-02-14"}},{"type":"Feature","id":"bicimad-station-133","geometry":{"type":"Point","coordinates":[-3.68534,40.44545]},"properties":{"kind":"station","mode":"bicimad","id":"137","name":"Plaza de la República Argentina","routes":"","route_keys":"||","capacity":24,"address":"Plaza de la republica argentina, 7 ","status":"In service","color":"#008F95","source_date":"2026-02-14"}},{"type":"Feature","id":"bicimad-station-134","geometry":{"type":"Point","coordinates":[-3.69141,40.44574]},"properties":{"kind":"station","mode":"bicimad","id":"138","name":"Estación de tren Nuevos Ministerios","routes":"","route_keys":"||","capacity":23,"address":"Paseo de la Castellana, 63 ","status":"In service","color":"#008F95","source_date":"2026-02-14"}},{"type":"Feature","id":"bicimad-station-135","geometry":{"type":"Point","coordinates":[-3.69042,40.4394]},"properties":{"kind":"station","mode":"bicimad","id":"139","name":"José Gutiérrez Abascal - Castellana","routes":"","route_keys":"||","capacity":24,"address":"Calle Pedro de Valdivia, 2 ","status":"In service","color":"#008F95","source_date":"2026-02-14"}},{"type":"Feature","id":"bicimad-station-136","geometry":{"type":"Point","coordinates":[-3.68306,40.43876]},"properties":{"kind":"station","mode":"bicimad","id":"140","name":"Velázquez - López de Hoyos","routes":"","route_keys":"||","capacity":27,"address":"Calle Velázquez, 134 ","status":"In service","color":"#008F95","source_date":"2026-02-14"}},{"type":"Feature","id":"bicimad-station-137","geometry":{"type":"Point","coordinates":[-3.68939,40.4354]},"properties":{"kind":"station","mode":"bicimad","id":"141","name":"Plaza de Emilio Castelar","routes":"","route_keys":"||","capacity":12,"address":"Paseo de la Castellana nº 43","status":"In service","color":"#008F95","source_date":"2026-02-14"}},{"type":"Feature","id":"bicimad-station-138","geometry":{"type":"Point","coordinates":[-3.68792,40.43341]},"properties":{"kind":"station","mode":"bicimad","id":"142","name":"Bajo elevado de Eduardo Dato","routes":"","route_keys":"||","capacity":23,"address":"Paseo de la Castellana nº 42","status":"In service","color":"#008F95","source_date":"2026-02-14"}},{"type":"Feature","id":"bicimad-station-139","geometry":{"type":"Point","coordinates":[-3.6783,40.42898]},"properties":{"kind":"station","mode":"bicimad","id":"186","name":"General Pardiñas - Don Ramón de la Cruz","routes":"","route_keys":"||","capacity":23,"address":"Calle General Pardiñas, 58 ","status":"In service","color":"#008F95","source_date":"2026-02-14"}},{"type":"Feature","id":"bicimad-station-140","geometry":{"type":"Point","coordinates":[-3.67556,40.43241]},"properties":{"kind":"station","mode":"bicimad","id":"144","name":"Metro Diego de León","routes":"","route_keys":"||","capacity":27,"address":"Calle de Juan Bravo, 51 ","status":"In service","color":"#008F95","source_date":"2026-02-14"}},{"type":"Feature","id":"bicimad-station-141","geometry":{"type":"Point","coordinates":[-3.67128,40.42989]},"properties":{"kind":"station","mode":"bicimad","id":"145","name":"Ortega y Gasset 87","routes":"","route_keys":"||","capacity":23,"address":"Calle Ortega y Gasset nº 87","status":"In service","color":"#008F95","source_date":"2026-02-14"}},{"type":"Feature","id":"bicimad-station-142","geometry":{"type":"Point","coordinates":[-3.67885,40.44425]},"properties":{"kind":"station","mode":"bicimad","id":"146","name":"María Francisca, 3","routes":"","route_keys":"||","capacity":19,"address":"Calle de María Francisca, 3","status":"In service","color":"#008F95","source_date":"2026-02-14"}},{"type":"Feature","id":"bicimad-station-143","geometry":{"type":"Point","coordinates":[-3.6794,40.4484]},"properties":{"kind":"station","mode":"bicimad","id":"147","name":"Doctor Arce 45","routes":"","route_keys":"||","capacity":23,"address":"Avenida del Doctor Arce nº 45","status":"In service","color":"#008F95","source_date":"2026-02-14"}},{"type":"Feature","id":"bicimad-station-144","geometry":{"type":"Point","coordinates":[-3.6814,40.45112]},"properties":{"kind":"station","mode":"bicimad","id":"148","name":"Serrano 210","routes":"","route_keys":"||","capacity":23,"address":"Calle Serrano nº 210","status":"In service","color":"#008F95","source_date":"2026-02-14"}},{"type":"Feature","id":"bicimad-station-145","geometry":{"type":"Point","coordinates":[-3.68793,40.44985]},"properties":{"kind":"station","mode":"bicimad","id":"149","name":"Plaza de Quito","routes":"","route_keys":"||","capacity":22,"address":"Paseo de la Habana nº 42","status":"In service","color":"#008F95","source_date":"2026-02-14"}},{"type":"Feature","id":"bicimad-station-146","geometry":{"type":"Point","coordinates":[-3.69536,40.44881]},"properties":{"kind":"station","mode":"bicimad","id":"151","name":"Orense 12","routes":"","route_keys":"||","capacity":27,"address":"Calle Orense nº 12","status":"In service","color":"#008F95","source_date":"2026-02-14"}},{"type":"Feature","id":"bicimad-station-147","geometry":{"type":"Point","coordinates":[-3.6989,40.4525]},"properties":{"kind":"station","mode":"bicimad","id":"152","name":"General Perón, 4","routes":"","route_keys":"||","capacity":23,"address":"Avenida del General Perón, 4 ","status":"In service","color":"#008F95","source_date":"2026-02-14"}},{"type":"Feature","id":"bicimad-station-148","geometry":{"type":"Point","coordinates":[-3.6936,40.4523]},"properties":{"kind":"station","mode":"bicimad","id":"153","name":"General Perón - Poeta Joan Maragall","routes":"","route_keys":"||","capacity":23,"address":"Avenida del General Perón, 36 ","status":"In service","color":"#008F95","source_date":"2026-02-14"}},{"type":"Feature","id":"bicimad-station-149","geometry":{"type":"Point","coordinates":[-3.69462,40.45485]},"properties":{"kind":"station","mode":"bicimad","id":"154","name":"Orense 36","routes":"","route_keys":"||","capacity":24,"address":"Calle Orense nº 36","status":"In service","color":"#008F95","source_date":"2026-02-14"}},{"type":"Feature","id":"bicimad-station-150","geometry":{"type":"Point","coordinates":[-3.70093,40.45733]},"properties":{"kind":"station","mode":"bicimad","id":"155","name":"San Germán 57","routes":"","route_keys":"||","capacity":23,"address":"Calle San Germán nº 57","status":"In service","color":"#008F95","source_date":"2026-02-14"}},{"type":"Feature","id":"bicimad-station-151","geometry":{"type":"Point","coordinates":[-3.69153,40.45924]},"properties":{"kind":"station","mode":"bicimad","id":"156","name":"Sor Ángela de la Cruz-Paseo Castellana","routes":"","route_keys":"||","capacity":24,"address":"Calle Sor Ángela de la Cruz nº 2","status":"In service","color":"#008F95","source_date":"2026-02-14"}},{"type":"Feature","id":"bicimad-station-152","geometry":{"type":"Point","coordinates":[-3.68471,40.45853]},"properties":{"kind":"station","mode":"bicimad","id":"158","name":"Alberto Alcocer - Padre Damián","routes":"","route_keys":"||","capacity":23,"address":"Avenida de Alberto Alcocer nº 22","status":"In service","color":"#008F95","source_date":"2026-02-14"}},{"type":"Feature","id":"bicimad-station-153","geometry":{"type":"Point","coordinates":[-3.68359,40.45439]},"properties":{"kind":"station","mode":"bicimad","id":"159","name":"Paseo de la Habana 63","routes":"","route_keys":"||","capacity":23,"address":"Paseo de la Habana nº 63","status":"In service","color":"#008F95","source_date":"2026-02-14"}},{"type":"Feature","id":"bicimad-station-154","geometry":{"type":"Point","coordinates":[-3.67634,40.45725]},"properties":{"kind":"station","mode":"bicimad","id":"160","name":"Metro Colombia","routes":"","route_keys":"||","capacity":24,"address":"Calle Colombia, 11 ","status":"In service","color":"#008F95","source_date":"2026-02-14"}},{"type":"Feature","id":"bicimad-station-155","geometry":{"type":"Point","coordinates":[-3.7221,40.42219]},"properties":{"kind":"station","mode":"bicimad","id":"161","name":"Intercambiador de Príncipe Pío A","routes":"","route_keys":"||","capacity":27,"address":"Paseo de la Florida nº 8","status":"In service","color":"#008F95","source_date":"2026-02-14"}},{"type":"Feature","id":"bicimad-station-156","geometry":{"type":"Point","coordinates":[-3.71058,40.4035]},"properties":{"kind":"station","mode":"bicimad","id":"162","name":"Metro Pirámides","routes":"","route_keys":"||","capacity":23,"address":"Paseo de los Olmos, 26 ","status":"In service","color":"#008F95","source_date":"2026-02-14"}},{"type":"Feature","id":"bicimad-station-157","geometry":{"type":"Point","coordinates":[-3.70644,40.40376]},"properties":{"kind":"station","mode":"bicimad","id":"163","name":"Metro Acacias","routes":"","route_keys":"||","capacity":19,"address":"Paseo de la Esperanza, 2A ","status":"In service","color":"#008F95","source_date":"2026-02-14"}},{"type":"Feature","id":"bicimad-station-158","geometry":{"type":"Point","coordinates":[-3.69461,40.39723]},"properties":{"kind":"station","mode":"bicimad","id":"164","name":"Paseo de las Delicias - Tomás Bretón","routes":"","route_keys":"||","capacity":27,"address":"Paseo de las Delicias nº 94","status":"In service","color":"#008F95","source_date":"2026-02-14"}},{"type":"Feature","id":"bicimad-station-159","geometry":{"type":"Point","coordinates":[-3.6976,40.39289]},"properties":{"kind":"station","mode":"bicimad","id":"165","name":"Entrada Matadero - Paseo de la Chopera","routes":"","route_keys":"||","capacity":43,"address":"Paseo de la Chopera frente 51 ","status":"In service","color":"#008F95","source_date":"2026-02-14"}},{"type":"Feature","id":"bicimad-station-160","geometry":{"type":"Point","coordinates":[-3.71338,40.4139]},"properties":{"kind":"station","mode":"bicimad","id":"166","name":"Viaducto de Segovia","routes":"","route_keys":"||","capacity":26,"address":"Calle Segovia nº 26","status":"In service","color":"#008F95","source_date":"2026-02-14"}},{"type":"Feature","id":"bicimad-station-161","geometry":{"type":"Point","coordinates":[-3.71749,40.41375]},"properties":{"kind":"station","mode":"bicimad","id":"167","name":"Segovia 45","routes":"","route_keys":"||","capacity":27,"address":"Calle Segovia nº 45","status":"In service","color":"#008F95","source_date":"2026-02-14"}},{"type":"Feature","id":"bicimad-station-162","geometry":{"type":"Point","coordinates":[-3.6959,40.4046]},"properties":{"kind":"station","mode":"bicimad","id":"168","name":"Santa María Cabeza - Batalla del Salado","routes":"","route_keys":"||","capacity":23,"address":"Paseo Santa María de la Cabeza frente al 30 ","status":"In service","color":"#008F95","source_date":"2026-02-14"}},{"type":"Feature","id":"bicimad-station-163","geometry":{"type":"Point","coordinates":[-3.71382,40.40159]},"properties":{"kind":"station","mode":"bicimad","id":"169","name":"Glorieta de Pirámides","routes":"","route_keys":"||","capacity":24,"address":"Calle Toledo nº 181","status":"In service","color":"#008F95","source_date":"2026-02-14"}},{"type":"Feature","id":"bicimad-station-164","geometry":{"type":"Point","coordinates":[-3.7044,40.40106]},"properties":{"kind":"station","mode":"bicimad","id":"170","name":"Paseo de la Esperanza, 21","routes":"","route_keys":"||","capacity":24,"address":"Paseo de la Esperanza nº 21","status":"In service","color":"#008F95","source_date":"2026-02-14"}},{"type":"Feature","id":"bicimad-station-165","geometry":{"type":"Point","coordinates":[-3.6984,40.3997]},"properties":{"kind":"station","mode":"bicimad","id":"171","name":"Embajadores-Cáceres","routes":"","route_keys":"||","capacity":27,"address":"Calle Embajadores nº 97","status":"In service","color":"#008F95","source_date":"2026-02-14"}},{"type":"Feature","id":"bicimad-station-166","geometry":{"type":"Point","coordinates":[-3.69349,40.40083]},"properties":{"kind":"station","mode":"bicimad","id":"172","name":"Estación de tren de Delicias","routes":"","route_keys":"||","capacity":23,"address":"Calle Bustamante nº 3","status":"In service","color":"#008F95","source_date":"2026-02-14"}},{"type":"Feature","id":"bicimad-station-167","geometry":{"type":"Point","coordinates":[-3.70248,40.39835]},"properties":{"kind":"station","mode":"bicimad","id":"173","name":"Paseo Esperanza - Santa María Cabeza","routes":"","route_keys":"||","capacity":24,"address":"Paseo de la Esperanza nº 59","status":"In service","color":"#008F95","source_date":"2026-02-14"}},{"type":"Feature","id":"bicimad-station-168","geometry":{"type":"Point","coordinates":[-3.70653,40.39743]},"properties":{"kind":"station","mode":"bicimad","id":"174","name":"Paseo de las Yeserías, 45","routes":"","route_keys":"||","capacity":27,"address":"Paseo de Yeserías nº 45","status":"In service","color":"#008F95","source_date":"2026-02-14"}},{"type":"Feature","id":"bicimad-station-169","geometry":{"type":"Point","coordinates":[-3.69834,40.39623]},"properties":{"kind":"station","mode":"bicimad","id":"175","name":"Jaime el Conquistador - Divino Vallés","routes":"","route_keys":"||","capacity":19,"address":"Calle Jaime el Conquistador nº 30","status":"In service","color":"#008F95","source_date":"2026-02-14"}},{"type":"Feature","id":"bicimad-station-170","geometry":{"type":"Point","coordinates":[-3.69419,40.39145]},"properties":{"kind":"station","mode":"bicimad","id":"177","name":"Metro Legazpi","routes":"","route_keys":"||","capacity":23,"address":"Calle Bolívar nº 3","status":"In service","color":"#008F95","source_date":"2026-02-14"}},{"type":"Feature","id":"bicimad-station-171","geometry":{"type":"Point","coordinates":[-3.67883,40.40292]},"properties":{"kind":"station","mode":"bicimad","id":"178","name":"Junta Municipal Distrito de Retiro","routes":"","route_keys":"||","capacity":24,"address":"Calle León Gil de Palacio nº 1","status":"In service","color":"#008F95","source_date":"2026-02-14"}},{"type":"Feature","id":"bicimad-station-172","geometry":{"type":"Point","coordinates":[-3.67589,40.39404]},"properties":{"kind":"station","mode":"bicimad","id":"180","name":"Estación Sur Méndez Álvaro B","routes":"","route_keys":"||","capacity":23,"address":"Calle Retama (esquina con calle Acanto)","status":"In service","color":"#008F95","source_date":"2026-02-14"}},{"type":"Feature","id":"bicimad-station-173","geometry":{"type":"Point","coordinates":[-3.67644,40.41817]},"properties":{"kind":"station","mode":"bicimad","id":"181","name":"Ibiza - Narváez","routes":"","route_keys":"||","capacity":27,"address":"Calle Ibiza nº 16","status":"In service","color":"#008F95","source_date":"2026-02-14"}},{"type":"Feature","id":"bicimad-station-174","geometry":{"type":"Point","coordinates":[-3.66578,40.41867]},"properties":{"kind":"station","mode":"bicimad","id":"182","name":"Parque Roma","routes":"","route_keys":"||","capacity":23,"address":"Alcalde Sainz de Baranda (esquina con calle de Juan Espladiu)","status":"In service","color":"#008F95","source_date":"2026-02-14"}},{"type":"Feature","id":"bicimad-station-175","geometry":{"type":"Point","coordinates":[-3.66934,40.42564]},"properties":{"kind":"station","mode":"bicimad","id":"183","name":"Hermosilla - Doctor Esquerdo","routes":"","route_keys":"||","capacity":23,"address":"Calle Hermosilla, 135","status":"In service","color":"#008F95","source_date":"2026-02-14"}},{"type":"Feature","id":"bicimad-station-176","geometry":{"type":"Point","coordinates":[-3.66531,40.426]},"properties":{"kind":"station","mode":"bicimad","id":"184","name":"Marqués de Zafra, 24","routes":"","route_keys":"||","capacity":24,"address":"Paseo del Marqués Zafra, 24 ","status":"In service","color":"#008F95","source_date":"2026-02-14"}},{"type":"Feature","id":"bicimad-station-177","geometry":{"type":"Point","coordinates":[-3.66153,40.42508]},"properties":{"kind":"station","mode":"bicimad","id":"185","name":"Parque Quinta de la Fuente del Berro","routes":"","route_keys":"||","capacity":24,"address":"Calle Sancho Dávila, 35 ","status":"In service","color":"#008F95","source_date":"2026-02-14"}},{"type":"Feature","id":"bicimad-station-178","geometry":{"type":"Point","coordinates":[-3.67808,40.43468]},"properties":{"kind":"station","mode":"bicimad","id":"143","name":"Diego de León - General Pardiñas","routes":"","route_keys":"||","capacity":23,"address":"Calle de Diego de León, 54 ","status":"In service","color":"#008F95","source_date":"2026-02-14"}},{"type":"Feature","id":"bicimad-station-179","geometry":{"type":"Point","coordinates":[-3.66382,40.43013]},"properties":{"kind":"station","mode":"bicimad","id":"187","name":"Alejandro González - Alcalá","routes":"","route_keys":"||","capacity":23,"address":"Calle de Alejandro González,1","status":"In service","color":"#008F95","source_date":"2026-02-14"}},{"type":"Feature","id":"bicimad-station-180","geometry":{"type":"Point","coordinates":[-3.65903,40.43126]},"properties":{"kind":"station","mode":"bicimad","id":"188","name":"Puente de Ventas","routes":"","route_keys":"||","capacity":27,"address":"Avenida de Daroca, 2 ","status":"In service","color":"#008F95","source_date":"2026-02-14"}},{"type":"Feature","id":"bicimad-station-181","geometry":{"type":"Point","coordinates":[-3.65549,40.43513]},"properties":{"kind":"station","mode":"bicimad","id":"189","name":"Virgen de la Alegría","routes":"","route_keys":"||","capacity":23,"address":"Calle Virgen de la Alegría, 18","status":"In service","color":"#008F95","source_date":"2026-02-14"}},{"type":"Feature","id":"bicimad-station-182","geometry":{"type":"Point","coordinates":[-3.68338,40.43431]},"properties":{"kind":"station","mode":"bicimad","id":"190","name":"Velázquez - Diego de León","routes":"","route_keys":"||","capacity":23,"address":"Calle Velázquez, 91 ","status":"In service","color":"#008F95","source_date":"2026-02-14"}},{"type":"Feature","id":"bicimad-station-183","geometry":{"type":"Point","coordinates":[-3.67408,40.43457]},"properties":{"kind":"station","mode":"bicimad","id":"191","name":"Metro Diego de León","routes":"","route_keys":"||","capacity":19,"address":"Calle de Alfonso Heredia, 2 ","status":"In service","color":"#008F95","source_date":"2026-02-14"}},{"type":"Feature","id":"bicimad-station-184","geometry":{"type":"Point","coordinates":[-3.67147,40.43183]},"properties":{"kind":"station","mode":"bicimad","id":"192","name":"Avda. de los Toreros - Fco. Silvela","routes":"","route_keys":"||","capacity":27,"address":"Avenida de los Toreros, 3 ","status":"In service","color":"#008F95","source_date":"2026-02-14"}},{"type":"Feature","id":"bicimad-station-185","geometry":{"type":"Point","coordinates":[-3.66556,40.43247]},"properties":{"kind":"station","mode":"bicimad","id":"193","name":"Plaza de las Ventas","routes":"","route_keys":"||","capacity":27,"address":"Avenida De los Toreros, 49 ","status":"In service","color":"#008F95","source_date":"2026-02-14"}},{"type":"Feature","id":"bicimad-station-186","geometry":{"type":"Point","coordinates":[-3.67715,40.43726]},"properties":{"kind":"station","mode":"bicimad","id":"194","name":"Intercambiador de Avenida de América","routes":"","route_keys":"||","capacity":24,"address":"Calle Francisco Silvela, 87 ","status":"In service","color":"#008F95","source_date":"2026-02-14"}},{"type":"Feature","id":"bicimad-station-187","geometry":{"type":"Point","coordinates":[-3.67544,40.43922]},"properties":{"kind":"station","mode":"bicimad","id":"195","name":"Indalecio Hernández - Mataelpino","routes":"","route_keys":"||","capacity":24,"address":"Calle Mataelpino, 1 ","status":"In service","color":"#008F95","source_date":"2026-02-14"}},{"type":"Feature","id":"bicimad-station-188","geometry":{"type":"Point","coordinates":[-3.67522,40.44422]},"properties":{"kind":"station","mode":"bicimad","id":"196","name":"Metro Prosperidad","routes":"","route_keys":"||","capacity":27,"address":"Calle Suero de Quiñones, 4 ","status":"In service","color":"#008F95","source_date":"2026-02-14"}},{"type":"Feature","id":"bicimad-station-189","geometry":{"type":"Point","coordinates":[-3.67792,40.45161]},"properties":{"kind":"station","mode":"bicimad","id":"197","name":"Parque de Berlín","routes":"","route_keys":"||","capacity":23,"address":"Avenida de Concha Espina, 36 ","status":"In service","color":"#008F95","source_date":"2026-02-14"}},{"type":"Feature","id":"bicimad-station-190","geometry":{"type":"Point","coordinates":[-3.6891,40.432]},"properties":{"kind":"station","mode":"bicimad","id":"198","name":"Metro Rubén Darío","routes":"","route_keys":"||","capacity":23,"address":"Paseo de las Castellana, 33 ","status":"In service","color":"#008F95","source_date":"2026-02-14"}},{"type":"Feature","id":"bicimad-station-191","geometry":{"type":"Point","coordinates":[-3.71492,40.43436]},"properties":{"kind":"station","mode":"bicimad","id":"199","name":"Fernando el Católico, 61","routes":"","route_keys":"||","capacity":27,"address":"Calle Fernando el Católico, 61 ","status":"In service","color":"#008F95","source_date":"2026-02-14"}},{"type":"Feature","id":"bicimad-station-192","geometry":{"type":"Point","coordinates":[-3.70458,40.43375]},"properties":{"kind":"station","mode":"bicimad","id":"200","name":"Metro Quevedo","routes":"","route_keys":"||","capacity":24,"address":"Glorieta de Quevedo, 4 ","status":"In service","color":"#008F95","source_date":"2026-02-14"}},{"type":"Feature","id":"bicimad-station-193","geometry":{"type":"Point","coordinates":[-3.70383,40.43869]},"properties":{"kind":"station","mode":"bicimad","id":"201","name":"Metro Canal","routes":"","route_keys":"||","capacity":23,"address":"Calle José Abascal, 2 ","status":"In service","color":"#008F95","source_date":"2026-02-14"}},{"type":"Feature","id":"bicimad-station-194","geometry":{"type":"Point","coordinates":[-3.7083,40.4413]},"properties":{"kind":"station","mode":"bicimad","id":"202","name":"Parque de Santander","routes":"","route_keys":"||","capacity":27,"address":"Calle de Santander, 1 ","status":"In service","color":"#008F95","source_date":"2026-02-14"}},{"type":"Feature","id":"bicimad-station-195","geometry":{"type":"Point","coordinates":[-3.71447,40.44175]},"properties":{"kind":"station","mode":"bicimad","id":"203","name":"General Ampudia - San Francisco Sales","routes":"","route_keys":"||","capacity":24,"address":"Calle General Ampudia 2","status":"In service","color":"#008F95","source_date":"2026-02-14"}},{"type":"Feature","id":"bicimad-station-196","geometry":{"type":"Point","coordinates":[-3.70404,40.44765]},"properties":{"kind":"station","mode":"bicimad","id":"204","name":"Doctor Santero - Bravo Murillo","routes":"","route_keys":"||","capacity":23,"address":"Calle Doctor Santero, 1 ","status":"In service","color":"#008F95","source_date":"2026-02-14"}},{"type":"Feature","id":"bicimad-station-197","geometry":{"type":"Point","coordinates":[-3.70328,40.4535]},"properties":{"kind":"station","mode":"bicimad","id":"205","name":"Metro Estrecho","routes":"","route_keys":"||","capacity":23,"address":"Calle Navarra, 1 ","status":"In service","color":"#008F95","source_date":"2026-02-14"}},{"type":"Feature","id":"bicimad-station-198","geometry":{"type":"Point","coordinates":[-3.69895,40.46088]},"properties":{"kind":"station","mode":"bicimad","id":"206","name":"Metro Tetuán","routes":"","route_keys":"||","capacity":23,"address":"Calle Marqués de Viana, 3 ","status":"In service","color":"#008F95","source_date":"2026-02-14"}},{"type":"Feature","id":"bicimad-station-199","geometry":{"type":"Point","coordinates":[-3.69734,40.46304]},"properties":{"kind":"station","mode":"bicimad","id":"207","name":"Plaza de la Remonta","routes":"","route_keys":"||","capacity":19,"address":"Calle Azucenas, 2 ","status":"In service","color":"#008F95","source_date":"2026-02-14"}},{"type":"Feature","id":"bicimad-station-200","geometry":{"type":"Point","coordinates":[-3.68906,40.46628]},"properties":{"kind":"station","mode":"bicimad","id":"208","name":"Intercambiador de Plaza de Castilla","routes":"","route_keys":"||","capacity":18,"address":"Paseo de la Castellana, 216 ","status":"In service","color":"#008F95","source_date":"2026-02-14"}},{"type":"Feature","id":"bicimad-station-201","geometry":{"type":"Point","coordinates":[-3.6887,40.4657]},"properties":{"kind":"station","mode":"bicimad","id":"209","name":"Plaza de Castilla - Fundación Canal","routes":"","route_keys":"||","capacity":23,"address":"Plaza de Castilla, 9 ","status":"In service","color":"#008F95","source_date":"2026-02-14"}},{"type":"Feature","id":"bicimad-station-202","geometry":{"type":"Point","coordinates":[-3.70272,40.41965]},"properties":{"kind":"station","mode":"bicimad","id":"210","name":"Calle de las Tres Cruces - Gran Vía","routes":"","route_keys":"||","capacity":27,"address":"Calle de las Tres Cruces","status":"In service","color":"#008F95","source_date":"2026-02-14"}},{"type":"Feature","id":"bicimad-station-203","geometry":{"type":"Point","coordinates":[-3.70239,40.42059]},"properties":{"kind":"station","mode":"bicimad","id":"211","name":"Desengaño - Valverde","routes":"","route_keys":"||","capacity":23,"address":"Calle de el Desengaño, 4 ","status":"In service","color":"#008F95","source_date":"2026-02-14"}},{"type":"Feature","id":"bicimad-station-204","geometry":{"type":"Point","coordinates":[-3.71659,40.39825]},"properties":{"kind":"station","mode":"bicimad","id":"212","name":"Metro Marqués de Vadillo","routes":"","route_keys":"||","capacity":27,"address":"Glorieta Marqués de Vadillo, 9","status":"In service","color":"#008F95","source_date":"2026-02-14"}},{"type":"Feature","id":"bicimad-station-205","geometry":{"type":"Point","coordinates":[-3.70022,40.38899]},"properties":{"kind":"station","mode":"bicimad","id":"213","name":"Glorieta de Cádiz","routes":"","route_keys":"||","capacity":23,"address":"Calle de Antonio López, 129 ","status":"In service","color":"#008F95","source_date":"2026-02-14"}},{"type":"Feature","id":"bicimad-station-206","geometry":{"type":"Point","coordinates":[-3.6569,40.44343]},"properties":{"kind":"station","mode":"bicimad","id":"214","name":"Condesa de Venadito - Albacete","routes":"","route_keys":"||","capacity":24,"address":"Calle Condesa de Venadito, 2 ","status":"In service","color":"#008F95","source_date":"2026-02-14"}},{"type":"Feature","id":"bicimad-station-207","geometry":{"type":"Point","coordinates":[-3.64081,40.42959]},"properties":{"kind":"station","mode":"bicimad","id":"215","name":"Gutierre de Cetina - Ascao","routes":"","route_keys":"||","capacity":23,"address":"Calle Gutierre de Cetina, 77 ","status":"In service","color":"#008F95","source_date":"2026-02-14"}},{"type":"Feature","id":"bicimad-station-208","geometry":{"type":"Point","coordinates":[-3.72897,40.4141]},"properties":{"kind":"station","mode":"bicimad","id":"216","name":"Plaza de Puerta del Ángel","routes":"","route_keys":"||","capacity":27,"address":"Plaza Puerta del Ángel, 3 ","status":"In service","color":"#008F95","source_date":"2026-02-14"}},{"type":"Feature","id":"bicimad-station-209","geometry":{"type":"Point","coordinates":[-3.68908,40.48088]},"properties":{"kind":"station","mode":"bicimad","id":"217","name":"Hospital Universitario La Paz","routes":"","route_keys":"||","capacity":23,"address":"Calle Pedro Rico, 4 ","status":"In service","color":"#008F95","source_date":"2026-02-14"}},{"type":"Feature","id":"bicimad-station-210","geometry":{"type":"Point","coordinates":[-3.6573,40.41055]},"properties":{"kind":"station","mode":"bicimad","id":"218","name":"Camino de los Vinateros A","routes":"","route_keys":"||","capacity":23,"address":"Camino de Vinateros, 28 ","status":"In service","color":"#008F95","source_date":"2026-02-14"}},{"type":"Feature","id":"bicimad-station-211","geometry":{"type":"Point","coordinates":[-3.64673,40.40836]},"properties":{"kind":"station","mode":"bicimad","id":"219","name":"Camino de los Vinateros B","routes":"","route_keys":"||","capacity":18,"address":"Camino de los Vinateros, 108 ","status":"In service","color":"#008F95","source_date":"2026-02-14"}},{"type":"Feature","id":"bicimad-station-212","geometry":{"type":"Point","coordinates":[-3.65138,40.40616]},"properties":{"kind":"station","mode":"bicimad","id":"220","name":"Plaza del Encuentro","routes":"","route_keys":"||","capacity":24,"address":"Calle Arroyo de las Pilillas, 2 ","status":"In service","color":"#008F95","source_date":"2026-02-14"}},{"type":"Feature","id":"bicimad-station-213","geometry":{"type":"Point","coordinates":[-3.63474,40.40049]},"properties":{"kind":"station","mode":"bicimad","id":"221","name":"Metro Pavones","routes":"","route_keys":"||","capacity":23,"address":"Calle Hacienda de Pavones, 148 ","status":"In service","color":"#008F95","source_date":"2026-02-14"}},{"type":"Feature","id":"bicimad-station-214","geometry":{"type":"Point","coordinates":[-3.70268,40.39179]},"properties":{"kind":"station","mode":"bicimad","id":"222","name":"Eugenio Caxes - Antonio López","routes":"","route_keys":"||","capacity":23,"address":"Calle Eugenio Caxes, 14 ","status":"In service","color":"#008F95","source_date":"2026-02-14"}},{"type":"Feature","id":"bicimad-station-215","geometry":{"type":"Point","coordinates":[-3.72458,40.40645]},"properties":{"kind":"station","mode":"bicimad","id":"223","name":"Ermita del Santo","routes":"","route_keys":"||","capacity":27,"address":"Paseo de la Ermita del Santo, 48 ","status":"In service","color":"#008F95","source_date":"2026-02-14"}},{"type":"Feature","id":"bicimad-station-216","geometry":{"type":"Point","coordinates":[-3.7287,40.409]},"properties":{"kind":"station","mode":"bicimad","id":"224","name":"Parque de Caramuel","routes":"","route_keys":"||","capacity":27,"address":"Calle Caramuel, 51 ","status":"In service","color":"#008F95","source_date":"2026-02-14"}},{"type":"Feature","id":"bicimad-station-217","geometry":{"type":"Point","coordinates":[-3.66034,40.40251]},"properties":{"kind":"station","mode":"bicimad","id":"225","name":"Sierra Toledana - Doctor Lozano","routes":"","route_keys":"||","capacity":24,"address":"Calle Sierra Toledana, 33 ","status":"In service","color":"#008F95","source_date":"2026-02-14"}},{"type":"Feature","id":"bicimad-station-218","geometry":{"type":"Point","coordinates":[-3.66078,40.39902]},"properties":{"kind":"station","mode":"bicimad","id":"226","name":"Sierra Toledana - Camino de Valderribas","routes":"","route_keys":"||","capacity":23,"address":"Camino Valderribas, 94 ","status":"In service","color":"#008F95","source_date":"2026-02-14"}},{"type":"Feature","id":"bicimad-station-219","geometry":{"type":"Point","coordinates":[-3.66594,40.39383]},"properties":{"kind":"station","mode":"bicimad","id":"227","name":"Arroyo del Olivar","routes":"","route_keys":"||","capacity":24,"address":"Calle Arroyo del Olivar, 3 ","status":"In service","color":"#008F95","source_date":"2026-02-14"}},{"type":"Feature","id":"bicimad-station-220","geometry":{"type":"Point","coordinates":[-3.70804,40.39441]},"properties":{"kind":"station","mode":"bicimad","id":"228","name":"San Delfín - Antonio López","routes":"","route_keys":"||","capacity":18,"address":"Calle San Delfín, 10 ","status":"In service","color":"#008F95","source_date":"2026-02-14"}},{"type":"Feature","id":"bicimad-station-221","geometry":{"type":"Point","coordinates":[-3.64865,40.43694]},"properties":{"kind":"station","mode":"bicimad","id":"229","name":"Centro Deportivo Municipal Concepción","routes":"","route_keys":"||","capacity":23,"address":"Calle José del Hierro, 6 ","status":"In service","color":"#008F95","source_date":"2026-02-14"}},{"type":"Feature","id":"bicimad-station-222","geometry":{"type":"Point","coordinates":[-3.64883,40.44368]},"properties":{"kind":"station","mode":"bicimad","id":"230","name":"Carlota O´Neill - Agastia","routes":"","route_keys":"||","capacity":24,"address":"Calle Carlota O Neill, 30-32 ","status":"In service","color":"#008F95","source_date":"2026-02-14"}},{"type":"Feature","id":"bicimad-station-223","geometry":{"type":"Point","coordinates":[-3.65572,40.43983]},"properties":{"kind":"station","mode":"bicimad","id":"231","name":"Derechos Humanos - Verdaguer y García","routes":"","route_keys":"||","capacity":24,"address":"Calle Derechos Humanos, 14 ","status":"In service","color":"#008F95","source_date":"2026-02-14"}},{"type":"Feature","id":"bicimad-station-224","geometry":{"type":"Point","coordinates":[-3.64862,40.43277]},"properties":{"kind":"station","mode":"bicimad","id":"232","name":"José María de Pereda - Alcalá","routes":"","route_keys":"||","capacity":27,"address":"Calle De José Maria Pereda, 1 ","status":"In service","color":"#008F95","source_date":"2026-02-14"}},{"type":"Feature","id":"bicimad-station-225","geometry":{"type":"Point","coordinates":[-3.65558,40.42295]},"properties":{"kind":"station","mode":"bicimad","id":"233","name":"El dragón de La Elipa","routes":"","route_keys":"||","capacity":24,"address":"Calle Marqués de Corbera, 12 ","status":"In service","color":"#008F95","source_date":"2026-02-14"}},{"type":"Feature","id":"bicimad-station-226","geometry":{"type":"Point","coordinates":[-3.65109,40.42613]},"properties":{"kind":"station","mode":"bicimad","id":"234","name":"Metro La Elipa","routes":"","route_keys":"||","capacity":24,"address":"Avenida Marques de Corbera, 52 ","status":"In service","color":"#008F95","source_date":"2026-02-14"}},{"type":"Feature","id":"bicimad-station-227","geometry":{"type":"Point","coordinates":[-3.69108,40.38904]},"properties":{"kind":"station","mode":"bicimad","id":"235","name":"Sodio - Embajadores","routes":"","route_keys":"||","capacity":23,"address":"Calle del Sodio, 1B ","status":"In service","color":"#008F95","source_date":"2026-02-14"}},{"type":"Feature","id":"bicimad-station-228","geometry":{"type":"Point","coordinates":[-3.71708,40.40758]},"properties":{"kind":"station","mode":"bicimad","id":"236","name":"Paseo Imperial","routes":"","route_keys":"||","capacity":27,"address":"Paseo Imperial, 31 ","status":"In service","color":"#008F95","source_date":"2026-02-14"}},{"type":"Feature","id":"bicimad-station-229","geometry":{"type":"Point","coordinates":[-3.69326,40.45618]},"properties":{"kind":"station","mode":"bicimad","id":"238","name":"San Germán, 5","routes":"","route_keys":"||","capacity":24,"address":"CalleSan Germán, 5 ","status":"In service","color":"#008F95","source_date":"2026-02-14"}},{"type":"Feature","id":"bicimad-station-230","geometry":{"type":"Point","coordinates":[-3.70783,40.45671]},"properties":{"kind":"station","mode":"bicimad","id":"239","name":"Francos Rodríguez - José Calvo","routes":"","route_keys":"||","capacity":23,"address":"Calle de Francos Rodríguez, 62 ","status":"In service","color":"#008F95","source_date":"2026-02-14"}},{"type":"Feature","id":"bicimad-station-231","geometry":{"type":"Point","coordinates":[-3.66096,40.43666]},"properties":{"kind":"station","mode":"bicimad","id":"240","name":"Brasilia - Parque Breogán","routes":"","route_keys":"||","capacity":23,"address":"Avenida De Brasilia, 9 ","status":"In service","color":"#008F95","source_date":"2026-02-14"}},{"type":"Feature","id":"bicimad-station-232","geometry":{"type":"Point","coordinates":[-3.66779,40.4378]},"properties":{"kind":"station","mode":"bicimad","id":"241","name":"Camilo José Cela","routes":"","route_keys":"||","capacity":23,"address":"Calle Camilo José Cela, 27","status":"In service","color":"#008F95","source_date":"2026-02-14"}},{"type":"Feature","id":"bicimad-station-233","geometry":{"type":"Point","coordinates":[-3.66293,40.43951]},"properties":{"kind":"station","mode":"bicimad","id":"242","name":"Metro Parque de las Avenidas","routes":"","route_keys":"||","capacity":23,"address":"Avenida De Bruselas, 56 ","status":"In service","color":"#008F95","source_date":"2026-02-14"}},{"type":"Feature","id":"bicimad-station-234","geometry":{"type":"Point","coordinates":[-3.67012,40.43503]},"properties":{"kind":"station","mode":"bicimad","id":"243","name":"Cartagena","routes":"","route_keys":"||","capacity":23,"address":"Calle Cartagena, 37","status":"In service","color":"#008F95","source_date":"2026-02-14"}},{"type":"Feature","id":"bicimad-station-235","geometry":{"type":"Point","coordinates":[-3.71757,40.44003]},"properties":{"kind":"station","mode":"bicimad","id":"244","name":"Hospital Clínico San Carlos","routes":"","route_keys":"||","capacity":23,"address":"Calle Isaac Peral, 42 ","status":"In service","color":"#008F95","source_date":"2026-02-14"}},{"type":"Feature","id":"bicimad-station-236","geometry":{"type":"Point","coordinates":[-3.71014,40.43636]},"properties":{"kind":"station","mode":"bicimad","id":"245","name":"Galileo - Donoso Cortés","routes":"","route_keys":"||","capacity":24,"address":"Calle Galileo, 63 ","status":"In service","color":"#008F95","source_date":"2026-02-14"}},{"type":"Feature","id":"bicimad-station-237","geometry":{"type":"Point","coordinates":[-3.69925,40.43596]},"properties":{"kind":"station","mode":"bicimad","id":"246","name":"Metro Iglesia","routes":"","route_keys":"||","capacity":27,"address":"Calle de Santa Engracia, 85-87 ","status":"In service","color":"#008F95","source_date":"2026-02-14"}},{"type":"Feature","id":"bicimad-station-238","geometry":{"type":"Point","coordinates":[-3.69281,40.43837]},"properties":{"kind":"station","mode":"bicimad","id":"247","name":"Zurbano - José Abascal","routes":"","route_keys":"||","capacity":23,"address":"Calle de Zurbano, 90 ","status":"In service","color":"#008F95","source_date":"2026-02-14"}},{"type":"Feature","id":"bicimad-station-239","geometry":{"type":"Point","coordinates":[-3.688,40.47432]},"properties":{"kind":"station","mode":"bicimad","id":"248","name":"Sinesio Delgado - Cuatro Torres ","routes":"","route_keys":"||","capacity":27,"address":"Calle de Sinesio Delgado, 2 ","status":"In service","color":"#008F95","source_date":"2026-02-14"}},{"type":"Feature","id":"bicimad-station-240","geometry":{"type":"Point","coordinates":[-3.68542,40.47646]},"properties":{"kind":"station","mode":"bicimad","id":"249","name":"Castellana - Cuatro Torres","routes":"","route_keys":"||","capacity":24,"address":"Calle Manuel Caldeiro, 1","status":"In service","color":"#008F95","source_date":"2026-02-14"}},{"type":"Feature","id":"bicimad-station-241","geometry":{"type":"Point","coordinates":[-3.68581,40.44065]},"properties":{"kind":"station","mode":"bicimad","id":"250","name":"Serrano - CSIC","routes":"","route_keys":"||","capacity":27,"address":"Calle Serrano, 111 ","status":"In service","color":"#008F95","source_date":"2026-02-14"}},{"type":"Feature","id":"bicimad-station-242","geometry":{"type":"Point","coordinates":[-3.66683,40.44421]},"properties":{"kind":"station","mode":"bicimad","id":"251","name":"Santa Hortensia - Corazón de María","routes":"","route_keys":"||","capacity":23,"address":"Calle Santa Hortensia, 31 ","status":"In service","color":"#008F95","source_date":"2026-02-14"}},{"type":"Feature","id":"bicimad-station-243","geometry":{"type":"Point","coordinates":[-3.68397,40.47174]},"properties":{"kind":"station","mode":"bicimad","id":"252","name":"Est. tren Chamartín - Clara Campoamor","routes":"","route_keys":"||","capacity":23,"address":"Calle Agustín de Foxá, 40 ","status":"In service","color":"#008F95","source_date":"2026-02-14"}},{"type":"Feature","id":"bicimad-station-244","geometry":{"type":"Point","coordinates":[-3.68844,40.45546]},"properties":{"kind":"station","mode":"bicimad","id":"253","name":"Doctor Fleming - Estadio S. Bernabéu","routes":"","route_keys":"||","capacity":19,"address":"Calle del Doctor Fleming, 7 ","status":"In service","color":"#008F95","source_date":"2026-02-14"}},{"type":"Feature","id":"bicimad-station-245","geometry":{"type":"Point","coordinates":[-3.67656,40.461]},"properties":{"kind":"station","mode":"bicimad","id":"254","name":"Plaza del Perú","routes":"","route_keys":"||","capacity":23,"address":"Avenida De Pio XII, 3 ","status":"In service","color":"#008F95","source_date":"2026-02-14"}},{"type":"Feature","id":"bicimad-station-246","geometry":{"type":"Point","coordinates":[-3.68529,40.46361]},"properties":{"kind":"station","mode":"bicimad","id":"255","name":"General López Pozas - Apolonio Morales","routes":"","route_keys":"||","capacity":23,"address":"Calle General López pozas, 2 ","status":"In service","color":"#008F95","source_date":"2026-02-14"}},{"type":"Feature","id":"bicimad-station-247","geometry":{"type":"Point","coordinates":[-3.71383,40.44635]},"properties":{"kind":"station","mode":"bicimad","id":"256","name":"Reina Victoria - Beatriz de Bobadilla","routes":"","route_keys":"||","capacity":23,"address":"Calle Beatriz de Bobadilla, 4 ","status":"In service","color":"#008F95","source_date":"2026-02-14"}},{"type":"Feature","id":"bicimad-station-248","geometry":{"type":"Point","coordinates":[-3.73053,40.43887]},"properties":{"kind":"station","mode":"bicimad","id":"257","name":"Ciudad Universitaria - INEF","routes":"","route_keys":"||","capacity":23,"address":"Avenida Juan Herrera, 1 ","status":"In service","color":"#008F95","source_date":"2026-02-14"}},{"type":"Feature","id":"bicimad-station-249","geometry":{"type":"Point","coordinates":[-3.72694,40.44431]},"properties":{"kind":"station","mode":"bicimad","id":"258","name":"Metro Ciudad Universitaria A","routes":"","route_keys":"||","capacity":24,"address":"Ciudad Universitaria, 1 ","status":"In service","color":"#008F95","source_date":"2026-02-14"}},{"type":"Feature","id":"bicimad-station-250","geometry":{"type":"Point","coordinates":[-3.72675,40.44271]},"properties":{"kind":"station","mode":"bicimad","id":"259","name":"Metro Ciudad Universitaria B","routes":"","route_keys":"||","capacity":19,"address":"Ciudad Universitaria, 2 ","status":"In service","color":"#008F95","source_date":"2026-02-14"}},{"type":"Feature","id":"bicimad-station-251","geometry":{"type":"Point","coordinates":[-3.72729,40.44833]},"properties":{"kind":"station","mode":"bicimad","id":"260","name":"Ciudad Universitaria - Fac. de Biología","routes":"","route_keys":"||","capacity":24,"address":"Facultad de Biología","status":"In service","color":"#008F95","source_date":"2026-02-14"}},{"type":"Feature","id":"bicimad-station-252","geometry":{"type":"Point","coordinates":[-3.72968,40.45055]},"properties":{"kind":"station","mode":"bicimad","id":"261","name":"Ciudad Universitaria - Facultad Derecho","routes":"","route_keys":"||","capacity":23,"address":"Avenida Complutense, 21 ","status":"In service","color":"#008F95","source_date":"2026-02-14"}},{"type":"Feature","id":"bicimad-station-253","geometry":{"type":"Point","coordinates":[-3.70614,40.38707]},"properties":{"kind":"station","mode":"bicimad","id":"384","name":"Metro Usera","routes":"","route_keys":"||","capacity":23,"address":"Calle Amparo Usera, 46 ","status":"In service","color":"#008F95","source_date":"2026-02-14"}},{"type":"Feature","id":"bicimad-station-254","geometry":{"type":"Point","coordinates":[-3.70041,40.37838]},"properties":{"kind":"station","mode":"bicimad","id":"388","name":"Estación tren - Hospital 12 de Octubre","routes":"","route_keys":"||","capacity":23,"address":"Calle Doctor Tolosa Latour, 7 ","status":"In service","color":"#008F95","source_date":"2026-02-14"}},{"type":"Feature","id":"bicimad-station-255","geometry":{"type":"Point","coordinates":[-3.70389,40.36721]},"properties":{"kind":"station","mode":"bicimad","id":"385","name":"Estación de tren Orcasitas","routes":"","route_keys":"||","capacity":23,"address":"Calle Campotejar , 25","status":"In service","color":"#008F95","source_date":"2026-02-14"}},{"type":"Feature","id":"bicimad-station-256","geometry":{"type":"Point","coordinates":[-3.70774,40.38272]},"properties":{"kind":"station","mode":"bicimad","id":"387","name":"Isabelita Usera, 44","routes":"","route_keys":"||","capacity":23,"address":"Calle Isabelita Usera, 44 ","status":"In service","color":"#008F95","source_date":"2026-02-14"}},{"type":"Feature","id":"bicimad-station-257","geometry":{"type":"Point","coordinates":[-3.69397,40.37]},"properties":{"kind":"station","mode":"bicimad","id":"383","name":"Metro San Fermín-Orcasur","routes":"","route_keys":"||","capacity":23,"address":"Avenida de la Perla, 35","status":"In service","color":"#008F95","source_date":"2026-02-14"}},{"type":"Feature","id":"bicimad-station-258","geometry":{"type":"Point","coordinates":[-3.71332,40.37347]},"properties":{"kind":"station","mode":"bicimad","id":"386","name":"Avenida de los Poblados, 130","routes":"","route_keys":"||","capacity":23,"address":"Avenida de los Poblados, 130","status":"In service","color":"#008F95","source_date":"2026-02-14"}},{"type":"Feature","id":"bicimad-station-259","geometry":{"type":"Point","coordinates":[-3.66202,40.45349]},"properties":{"kind":"station","mode":"bicimad","id":"476","name":"Metro Avenida de la Paz","routes":"","route_keys":"||","capacity":23,"address":"Avenida Ramon y Cajal, 101","status":"In service","color":"#008F95","source_date":"2026-02-14"}},{"type":"Feature","id":"bicimad-station-260","geometry":{"type":"Point","coordinates":[-3.6389,40.43828]},"properties":{"kind":"station","mode":"bicimad","id":"477","name":"Metro Ciudad Lineal","routes":"","route_keys":"||","capacity":23,"address":"Calle de los Misterios, 2 ","status":"In service","color":"#008F95","source_date":"2026-02-14"}},{"type":"Feature","id":"bicimad-station-261","geometry":{"type":"Point","coordinates":[-3.64106,40.44152]},"properties":{"kind":"station","mode":"bicimad","id":"478","name":"José del Hierro - Misterios","routes":"","route_keys":"||","capacity":23,"address":"Calle José del Hierro esquina con Arturo Soria ","status":"In service","color":"#008F95","source_date":"2026-02-14"}},{"type":"Feature","id":"bicimad-station-262","geometry":{"type":"Point","coordinates":[-3.65584,40.45478]},"properties":{"kind":"station","mode":"bicimad","id":"479","name":"Metro Arturo Soria","routes":"","route_keys":"||","capacity":27,"address":"Calle de Ángel Muñoz, 1","status":"In service","color":"#008F95","source_date":"2026-02-14"}},{"type":"Feature","id":"bicimad-station-263","geometry":{"type":"Point","coordinates":[-3.66044,40.45903]},"properties":{"kind":"station","mode":"bicimad","id":"480","name":"Vicente Muzas - Arturo Soria","routes":"","route_keys":"||","capacity":23,"address":"Calle Vicente Muzas, 13 ","status":"In service","color":"#008F95","source_date":"2026-02-14"}},{"type":"Feature","id":"bicimad-station-264","geometry":{"type":"Point","coordinates":[-3.65219,40.45118]},"properties":{"kind":"station","mode":"bicimad","id":"481","name":"Diego Ayllón - Arturo Soria","routes":"","route_keys":"||","capacity":23,"address":"Diego Ayllon, 2","status":"In service","color":"#008F95","source_date":"2026-02-14"}},{"type":"Feature","id":"bicimad-station-265","geometry":{"type":"Point","coordinates":[-3.5941,40.453]},"properties":{"kind":"station","mode":"bicimad","id":"554","name":"Metro El Capricho","routes":"","route_keys":"||","capacity":27,"address":"Calle de Velero, 16 ","status":"In service","color":"#008F95","source_date":"2026-02-14"}},{"type":"Feature","id":"bicimad-station-266","geometry":{"type":"Point","coordinates":[-3.67579,40.47359]},"properties":{"kind":"station","mode":"bicimad","id":"284","name":"Avenida de Burgos, 17","routes":"","route_keys":"||","capacity":23,"address":"Avda. de Burgos, 17 ","status":"In service","color":"#008F95","source_date":"2026-02-14"}},{"type":"Feature","id":"bicimad-station-267","geometry":{"type":"Point","coordinates":[-3.64234,40.43569]},"properties":{"kind":"station","mode":"bicimad","id":"482","name":"Metro Pueblo Nuevo","routes":"","route_keys":"||","capacity":23,"address":"Campuzano, 1","status":"In service","color":"#008F95","source_date":"2026-02-14"}},{"type":"Feature","id":"bicimad-station-268","geometry":{"type":"Point","coordinates":[-3.65343,40.42974]},"properties":{"kind":"station","mode":"bicimad","id":"483","name":"Marcelino Álvarez - Daroca","routes":"","route_keys":"||","capacity":23,"address":"Calle Marcelino Álvarez, 31 ","status":"In service","color":"#008F95","source_date":"2026-02-14"}},{"type":"Feature","id":"bicimad-station-269","geometry":{"type":"Point","coordinates":[-3.63239,40.42893]},"properties":{"kind":"station","mode":"bicimad","id":"484","name":"Metro García Noblejas","routes":"","route_keys":"||","capacity":23,"address":"Calle Luis Campos, 3","status":"In service","color":"#008F95","source_date":"2026-02-14"}},{"type":"Feature","id":"bicimad-station-270","geometry":{"type":"Point","coordinates":[-3.65089,40.46287]},"properties":{"kind":"station","mode":"bicimad","id":"523","name":"Carretera de Canillas","routes":"","route_keys":"||","capacity":23,"address":"Calle Carretera de Canillas, 40","status":"In service","color":"#008F95","source_date":"2026-02-14"}},{"type":"Feature","id":"bicimad-station-271","geometry":{"type":"Point","coordinates":[-3.6706,40.4631]},"properties":{"kind":"station","mode":"bicimad","id":"285","name":"Santa María Magdalena - La Drácena","routes":"","route_keys":"||","capacity":23,"address":"Calle Santa María Magdalena, 15 ","status":"In service","color":"#008F95","source_date":"2026-02-14"}},{"type":"Feature","id":"bicimad-station-272","geometry":{"type":"Point","coordinates":[-3.6779,40.4679]},"properties":{"kind":"station","mode":"bicimad","id":"286","name":"Plaza Duque de Pastrana ","routes":"","route_keys":"||","capacity":23,"address":"Plaza Duque de Pastrana, 2 ","status":"In service","color":"#008F95","source_date":"2026-02-14"}},{"type":"Feature","id":"bicimad-station-273","geometry":{"type":"Point","coordinates":[-3.6762,40.4765]},"properties":{"kind":"station","mode":"bicimad","id":"287","name":"Metro Bambú","routes":"","route_keys":"||","capacity":23,"address":"Calle de la Yuca, 1","status":"In service","color":"#008F95","source_date":"2026-02-14"}},{"type":"Feature","id":"bicimad-station-274","geometry":{"type":"Point","coordinates":[-3.6723,40.4664]},"properties":{"kind":"station","mode":"bicimad","id":"288","name":"Caídos de la División Azul","routes":"","route_keys":"||","capacity":23,"address":"Calle Caídos de la División Azul, 28 ","status":"In service","color":"#008F95","source_date":"2026-02-14"}},{"type":"Feature","id":"bicimad-station-275","geometry":{"type":"Point","coordinates":[-3.6543,40.4673]},"properties":{"kind":"station","mode":"bicimad","id":"524","name":"Glorieta Luis Rosales","routes":"","route_keys":"||","capacity":23,"address":"Glorieta de Luís Rosales (esquina con López De Hoyos) ","status":"In service","color":"#008F95","source_date":"2026-02-14"}},{"type":"Feature","id":"bicimad-station-276","geometry":{"type":"Point","coordinates":[-3.63192,40.40702]},"properties":{"kind":"station","mode":"bicimad","id":"460","name":"Fuente Carrantona - Doctor García Tapia","routes":"","route_keys":"||","capacity":27,"address":"Fuente Carrantona , 33","status":"In service","color":"#008F95","source_date":"2026-02-14"}},{"type":"Feature","id":"bicimad-station-277","geometry":{"type":"Point","coordinates":[-3.62927,40.40009]},"properties":{"kind":"station","mode":"bicimad","id":"455","name":"Luis de Hoyos Sainz,  198","routes":"","route_keys":"||","capacity":23,"address":"Luis de Hoyos Sainz, 198","status":"In service","color":"#008F95","source_date":"2026-02-14"}},{"type":"Feature","id":"bicimad-station-278","geometry":{"type":"Point","coordinates":[-3.6464,40.4005]},"properties":{"kind":"station","mode":"bicimad","id":"456","name":"Encomienda de Palacios, 8","routes":"","route_keys":"||","capacity":23,"address":"Encomienda de Palacios, 8","status":"In service","color":"#008F95","source_date":"2026-02-14"}},{"type":"Feature","id":"bicimad-station-279","geometry":{"type":"Point","coordinates":[-3.64597,40.38876]},"properties":{"kind":"station","mode":"bicimad","id":"416","name":"Ramírez Tomé","routes":"","route_keys":"||","capacity":27,"address":"Calle Ramirez Tomé, 33 ","status":"In service","color":"#008F95","source_date":"2026-02-14"}},{"type":"Feature","id":"bicimad-station-280","geometry":{"type":"Point","coordinates":[-3.66218,40.37874]},"properties":{"kind":"station","mode":"bicimad","id":"417","name":"Romeo y Julieta, 13","routes":"","route_keys":"||","capacity":27,"address":"Calle Romeo y Julieta, 13 ","status":"In service","color":"#008F95","source_date":"2026-02-14"}},{"type":"Feature","id":"bicimad-station-281","geometry":{"type":"Point","coordinates":[-3.6675,40.3864]},"properties":{"kind":"station","mode":"bicimad","id":"418","name":"Puerto de Arlabán - San Diego","routes":"","route_keys":"||","capacity":27,"address":"Calle Puerto de Arlabán, 83 ","status":"In service","color":"#008F95","source_date":"2026-02-14"}},{"type":"Feature","id":"bicimad-station-282","geometry":{"type":"Point","coordinates":[-3.61943,40.43847]},"properties":{"kind":"station","mode":"bicimad","id":"496","name":"Cronos","routes":"","route_keys":"||","capacity":27,"address":"Calle Cronos, 57 ","status":"In service","color":"#008F95","source_date":"2026-02-14"}},{"type":"Feature","id":"bicimad-station-283","geometry":{"type":"Point","coordinates":[-3.6242,40.4191]},"properties":{"kind":"station","mode":"bicimad","id":"501","name":"Metro Alsacia","routes":"","route_keys":"||","capacity":23,"address":"Calle Hermanos García Noblejas, 137 ","status":"In service","color":"#008F95","source_date":"2026-02-14"}},{"type":"Feature","id":"bicimad-station-284","geometry":{"type":"Point","coordinates":[-3.61783,40.44313]},"properties":{"kind":"station","mode":"bicimad","id":"498","name":"Metro Torre Arias","routes":"","route_keys":"||","capacity":27,"address":"Calle Alcalá, 546","status":"In service","color":"#008F95","source_date":"2026-02-14"}},{"type":"Feature","id":"bicimad-station-285","geometry":{"type":"Point","coordinates":[-3.6122,40.44666]},"properties":{"kind":"station","mode":"bicimad","id":"499","name":"Biblioteca Pública Municipal Canillejas","routes":"","route_keys":"||","capacity":23,"address":"Calle Alcala, 590","status":"In service","color":"#008F95","source_date":"2026-02-14"}},{"type":"Feature","id":"bicimad-station-286","geometry":{"type":"Point","coordinates":[-3.5895,40.445]},"properties":{"kind":"station","mode":"bicimad","id":"500","name":"Aracne, 17","routes":"","route_keys":"||","capacity":27,"address":"Calle Aracne, 17","status":"In service","color":"#008F95","source_date":"2026-02-14"}},{"type":"Feature","id":"bicimad-station-287","geometry":{"type":"Point","coordinates":[-3.6274,40.4407]},"properties":{"kind":"station","mode":"bicimad","id":"497","name":"Metro Suances","routes":"","route_keys":"||","capacity":23,"address":"Calle Alcalá, 506","status":"In service","color":"#008F95","source_date":"2026-02-14"}},{"type":"Feature","id":"bicimad-station-288","geometry":{"type":"Point","coordinates":[-3.68846,40.38541]},"properties":{"kind":"station","mode":"bicimad","id":"265","name":"Puerto Serrano - Embajadores","routes":"","route_keys":"||","capacity":23,"address":"Calle Puerto Serrano, 1 enfrente del nº 6 ","status":"In service","color":"#008F95","source_date":"2026-02-14"}},{"type":"Feature","id":"bicimad-station-289","geometry":{"type":"Point","coordinates":[-3.72112,40.39514]},"properties":{"kind":"station","mode":"bicimad","id":"351","name":"Comandante Fontanes - General Ricardos","routes":"","route_keys":"||","capacity":23,"address":"Calle Comandante Fontanés, 1 ","status":"In service","color":"#008F95","source_date":"2026-02-14"}},{"type":"Feature","id":"bicimad-station-290","geometry":{"type":"Point","coordinates":[-3.7315,40.3947]},"properties":{"kind":"station","mode":"bicimad","id":"350","name":"Ervigio - Amalarico","routes":"","route_keys":"||","capacity":23,"address":"Calle Ervigio, 22 ","status":"In service","color":"#008F95","source_date":"2026-02-14"}},{"type":"Feature","id":"bicimad-station-291","geometry":{"type":"Point","coordinates":[-3.7032,40.3831]},"properties":{"kind":"station","mode":"bicimad","id":"389","name":"Julio Merino - Pilarica","routes":"","route_keys":"||","capacity":23,"address":"Calle Julio Merino, 5 ","status":"In service","color":"#008F95","source_date":"2026-02-14"}},{"type":"Feature","id":"bicimad-station-292","geometry":{"type":"Point","coordinates":[-3.7159,40.3773]},"properties":{"kind":"station","mode":"bicimad","id":"390","name":"Avena - Mijo","routes":"","route_keys":"||","capacity":23,"address":"Calle avena, 10 ","status":"In service","color":"#008F95","source_date":"2026-02-14"}},{"type":"Feature","id":"bicimad-station-293","geometry":{"type":"Point","coordinates":[-3.58772,40.45463]},"properties":{"kind":"station","mode":"bicimad","id":"556","name":"Cantabria, 6","routes":"","route_keys":"||","capacity":24,"address":"Avenida de Cantabria, 6","status":"In service","color":"#008F95","source_date":"2026-02-14"}},{"type":"Feature","id":"bicimad-station-294","geometry":{"type":"Point","coordinates":[-3.59812,40.45477]},"properties":{"kind":"station","mode":"bicimad","id":"555","name":"Parque del Capricho","routes":"","route_keys":"||","capacity":27,"address":"Paseo de la Alameda de Osuna, 48","status":"In service","color":"#008F95","source_date":"2026-02-14"}},{"type":"Feature","id":"bicimad-station-295","geometry":{"type":"Point","coordinates":[-3.64646,40.42933]},"properties":{"kind":"station","mode":"bicimad","id":"485","name":"Francisco Villaespesa - Ledesma","routes":"","route_keys":"||","capacity":23,"address":"Calle Francisco Villaespesa, 37 ","status":"In service","color":"#008F95","source_date":"2026-02-14"}},{"type":"Feature","id":"bicimad-station-296","geometry":{"type":"Point","coordinates":[-3.6938,40.4815]},"properties":{"kind":"station","mode":"bicimad","id":"570","name":"Uni. Autónoma Madrid - Facul. Medicina","routes":"","route_keys":"||","capacity":27,"address":"Calle Arzobispo Morcillo, 6","status":"In service","color":"#008F95","source_date":"2026-02-14"}},{"type":"Feature","id":"bicimad-station-297","geometry":{"type":"Point","coordinates":[-3.6972,40.4481]},"properties":{"kind":"station","mode":"bicimad","id":"295","name":"Hernani - Edgar Neville","routes":"","route_keys":"||","capacity":23,"address":"Calle Hernani, 59 ","status":"In service","color":"#008F95","source_date":"2026-02-14"}},{"type":"Feature","id":"bicimad-station-298","geometry":{"type":"Point","coordinates":[-3.69686,40.46948]},"properties":{"kind":"station","mode":"bicimad","id":"296","name":"Costa Verde","routes":"","route_keys":"||","capacity":23,"address":"Calle de la Costa Verde, 25-23 ","status":"In service","color":"#008F95","source_date":"2026-02-14"}},{"type":"Feature","id":"bicimad-station-299","geometry":{"type":"Point","coordinates":[-3.69511,40.4655]},"properties":{"kind":"station","mode":"bicimad","id":"297","name":"Simancas - Pinos Alta","routes":"","route_keys":"||","capacity":23,"address":"Calle Simancas, 2","status":"In service","color":"#008F95","source_date":"2026-02-14"}},{"type":"Feature","id":"bicimad-station-300","geometry":{"type":"Point","coordinates":[-3.7359,40.3984]},"properties":{"kind":"station","mode":"bicimad","id":"323","name":"Centro Deportivo Municipal Gallur","routes":"","route_keys":"||","capacity":23,"address":"Calle Gallur, 5","status":"In service","color":"#008F95","source_date":"2026-02-14"}},{"type":"Feature","id":"bicimad-station-301","geometry":{"type":"Point","coordinates":[-3.7451,40.40457]},"properties":{"kind":"station","mode":"bicimad","id":"324","name":"Metro Lucero","routes":"","route_keys":"||","capacity":23,"address":"Calle de las Higueras, 49","status":"In service","color":"#008F95","source_date":"2026-02-14"}},{"type":"Feature","id":"bicimad-station-302","geometry":{"type":"Point","coordinates":[-3.6419,40.4026]},"properties":{"kind":"station","mode":"bicimad","id":"457","name":"Hacienda de Pavones, 148","routes":"","route_keys":"||","capacity":23,"address":"Hacienda de Pavones, 148","status":"In service","color":"#008F95","source_date":"2026-02-14"}},{"type":"Feature","id":"bicimad-station-303","geometry":{"type":"Point","coordinates":[-3.6366,40.38071]},"properties":{"kind":"station","mode":"bicimad","id":"432","name":"Maquinilla - Tranvía Blanco","routes":"","route_keys":"||","capacity":24,"address":"Calle de la Maquinilla, 8-10 ","status":"In service","color":"#008F95","source_date":"2026-02-14"}},{"type":"Feature","id":"bicimad-station-304","geometry":{"type":"Point","coordinates":[-3.70448,40.46364]},"properties":{"kind":"station","mode":"bicimad","id":"298","name":"Marques de Viana - Bellver","routes":"","route_keys":"||","capacity":19,"address":"Calle Marqués de Viana, 85 ","status":"In service","color":"#008F95","source_date":"2026-02-14"}},{"type":"Feature","id":"bicimad-station-305","geometry":{"type":"Point","coordinates":[-3.62376,40.38135]},"properties":{"kind":"station","mode":"bicimad","id":"437","name":"Metro Sierra de Guadalupe","routes":"","route_keys":"||","capacity":27,"address":"Calle Sierra de Guadalupe, 11 ","status":"In service","color":"#008F95","source_date":"2026-02-14"}},{"type":"Feature","id":"bicimad-station-306","geometry":{"type":"Point","coordinates":[-3.71716,40.39179]},"properties":{"kind":"station","mode":"bicimad","id":"358","name":"Verdad","routes":"","route_keys":"||","capacity":23,"address":"Calle de la Verdad, 29","status":"In service","color":"#008F95","source_date":"2026-02-14"}},{"type":"Feature","id":"bicimad-station-307","geometry":{"type":"Point","coordinates":[-3.72745,40.39162]},"properties":{"kind":"station","mode":"bicimad","id":"352","name":"Algorta  - General Ricardos","routes":"","route_keys":"||","capacity":23,"address":"Calle Algorta, 2","status":"In service","color":"#008F95","source_date":"2026-02-14"}},{"type":"Feature","id":"bicimad-station-308","geometry":{"type":"Point","coordinates":[-3.6395,40.42466]},"properties":{"kind":"station","mode":"bicimad","id":"492","name":"Metro La Almudena","routes":"","route_keys":"||","capacity":24,"address":"Fernando Gabriel, 2 ","status":"In service","color":"#008F95","source_date":"2026-02-14"}},{"type":"Feature","id":"bicimad-station-309","geometry":{"type":"Point","coordinates":[-3.7351,40.408]},"properties":{"kind":"station","mode":"bicimad","id":"322","name":"Ps. Jesuitas - Mercado Alto Extremadura","routes":"","route_keys":"||","capacity":27,"address":"Paseo de los Jesuitas, 69 ","status":"In service","color":"#008F95","source_date":"2026-02-14"}},{"type":"Feature","id":"bicimad-station-310","geometry":{"type":"Point","coordinates":[-3.69786,40.38268]},"properties":{"kind":"station","mode":"bicimad","id":"392","name":"Metro Almendrales","routes":"","route_keys":"||","capacity":23,"address":"Avenida Córdoba, enfrente nº 21 ","status":"In service","color":"#008F95","source_date":"2026-02-14"}},{"type":"Feature","id":"bicimad-station-311","geometry":{"type":"Point","coordinates":[-3.663,40.38264]},"properties":{"kind":"station","mode":"bicimad","id":"420","name":"Candilejas, 5","routes":"","route_keys":"||","capacity":22,"address":"Calle Candilejas, 5 ","status":"In service","color":"#008F95","source_date":"2026-02-14"}},{"type":"Feature","id":"bicimad-station-312","geometry":{"type":"Point","coordinates":[-3.65587,40.37624]},"properties":{"kind":"station","mode":"bicimad","id":"419","name":"Estación de tren de El Pozo","routes":"","route_keys":"||","capacity":27,"address":"Calle Puerto de Balbarán, 10","status":"In service","color":"#008F95","source_date":"2026-02-14"}},{"type":"Feature","id":"bicimad-station-313","geometry":{"type":"Point","coordinates":[-3.62941,40.37648]},"properties":{"kind":"station","mode":"bicimad","id":"439","name":"Cabeza Mesada - Parque de Valdeperdices","routes":"","route_keys":"||","capacity":27,"address":"Calle Cabeza de Mesada, 5","status":"In service","color":"#008F95","source_date":"2026-02-14"}},{"type":"Feature","id":"bicimad-station-314","geometry":{"type":"Point","coordinates":[-3.6895,40.3587]},"properties":{"kind":"station","mode":"bicimad","id":"398","name":"Orovilla - Felicidad","routes":"","route_keys":"||","capacity":27,"address":"Avenida de Orovilla, 53","status":"In service","color":"#008F95","source_date":"2026-02-14"}},{"type":"Feature","id":"bicimad-station-315","geometry":{"type":"Point","coordinates":[-3.6965,40.4795]},"properties":{"kind":"station","mode":"bicimad","id":"569","name":"C. Deportivo Mpal. Vicente del Bosque","routes":"","route_keys":"||","capacity":23,"address":"Avenida Monforte de Lemos, 13 ","status":"In service","color":"#008F95","source_date":"2026-02-14"}},{"type":"Feature","id":"bicimad-station-316","geometry":{"type":"Point","coordinates":[-3.71033,40.47565]},"properties":{"kind":"station","mode":"bicimad","id":"571","name":"Melchor Fernández Almagro - Plaza Tuy","routes":"","route_keys":"||","capacity":23,"address":"Calle Melchor Fernandez Almagro, 80","status":"In service","color":"#008F95","source_date":"2026-02-14"}},{"type":"Feature","id":"bicimad-station-317","geometry":{"type":"Point","coordinates":[-3.71527,40.46963]},"properties":{"kind":"station","mode":"bicimad","id":"304","name":"Valle de Mena, 5","routes":"","route_keys":"||","capacity":23,"address":"Calle Valle de Mena, 5","status":"In service","color":"#008F95","source_date":"2026-02-14"}},{"type":"Feature","id":"bicimad-station-318","geometry":{"type":"Point","coordinates":[-3.68903,40.39338]},"properties":{"kind":"station","mode":"bicimad","id":"268","name":"Metro Arganzuela-Planetario","routes":"","route_keys":"||","capacity":23,"address":"Calle del Cobre, 6 ","status":"In service","color":"#008F95","source_date":"2026-02-14"}},{"type":"Feature","id":"bicimad-station-319","geometry":{"type":"Point","coordinates":[-3.72318,40.42276]},"properties":{"kind":"station","mode":"bicimad","id":"305","name":"Intercambiador de Príncipe Pío B","routes":"","route_keys":"||","capacity":23,"address":"Paseo de la Florida, 37","status":"In service","color":"#008F95","source_date":"2026-02-14"}},{"type":"Feature","id":"bicimad-station-320","geometry":{"type":"Point","coordinates":[-3.7122,40.4618]},"properties":{"kind":"station","mode":"bicimad","id":"306","name":"Centro Deportivo Mpal Fernando Martín","routes":"","route_keys":"||","capacity":23,"address":"Avenida Del Santo Ángel de la Guarda, 6 ","status":"In service","color":"#008F95","source_date":"2026-02-14"}},{"type":"Feature","id":"bicimad-station-321","geometry":{"type":"Point","coordinates":[-3.66794,40.47138]},"properties":{"kind":"station","mode":"bicimad","id":"486","name":"Serrano Galvache - Arturo Soria","routes":"","route_keys":"||","capacity":23,"address":"Calle Serrano Galvache 1","status":"In service","color":"#008F95","source_date":"2026-02-14"}},{"type":"Feature","id":"bicimad-station-322","geometry":{"type":"Point","coordinates":[-3.62374,40.44252]},"properties":{"kind":"station","mode":"bicimad","id":"502","name":"Puertollano - Veinticinco de Septiembre","routes":"","route_keys":"||","capacity":23,"address":"Calle de Puertollano, 4-2 ","status":"In service","color":"#008F95","source_date":"2026-02-14"}},{"type":"Feature","id":"bicimad-station-323","geometry":{"type":"Point","coordinates":[-3.61027,40.4024]},"properties":{"kind":"station","mode":"bicimad","id":"462","name":"Gallegos - Lavadero Viejo","routes":"","route_keys":"||","capacity":27,"address":"Calle Gallegos 27","status":"In service","color":"#008F95","source_date":"2026-02-14"}},{"type":"Feature","id":"bicimad-station-324","geometry":{"type":"Point","coordinates":[-3.65327,40.38844]},"properties":{"kind":"station","mode":"bicimad","id":"421","name":"Arroyo del Olivar - Buenos Aires","routes":"","route_keys":"||","capacity":24,"address":"Calle Arroyo del Olivar, 63","status":"In service","color":"#008F95","source_date":"2026-02-14"}},{"type":"Feature","id":"bicimad-station-325","geometry":{"type":"Point","coordinates":[-3.66503,40.46434]},"properties":{"kind":"station","mode":"bicimad","id":"487","name":"Manuel Uribe - Arturo Soria","routes":"","route_keys":"||","capacity":23,"address":"Calle Manuel Uribe, 1","status":"In service","color":"#008F95","source_date":"2026-02-14"}},{"type":"Feature","id":"bicimad-station-326","geometry":{"type":"Point","coordinates":[-3.67052,40.39017]},"properties":{"kind":"station","mode":"bicimad","id":"422","name":"Travesia de Palomeras, 7","routes":"","route_keys":"||","capacity":24,"address":"422 - Travesia de Palomeras, 7","status":"In service","color":"#008F95","source_date":"2026-02-14"}},{"type":"Feature","id":"bicimad-station-327","geometry":{"type":"Point","coordinates":[-3.66855,40.38139]},"properties":{"kind":"station","mode":"bicimad","id":"423","name":"Estación de tren Asamblea de Madrid","routes":"","route_keys":"||","capacity":24,"address":"Avenida de Entrevias, 56","status":"In service","color":"#008F95","source_date":"2026-02-14"}},{"type":"Feature","id":"bicimad-station-328","geometry":{"type":"Point","coordinates":[-3.66396,40.40022]},"properties":{"kind":"station","mode":"bicimad","id":"424","name":"Camino de Valderribas, 47","routes":"","route_keys":"||","capacity":24,"address":"Camino de Valderribas, 47","status":"In service","color":"#008F95","source_date":"2026-02-14"}},{"type":"Feature","id":"bicimad-station-329","geometry":{"type":"Point","coordinates":[-3.65381,40.40003]},"properties":{"kind":"station","mode":"bicimad","id":"425","name":"Ramón Perez Ayala - Pque. Cerro Tío Pío","routes":"","route_keys":"||","capacity":24,"address":"Calle Ramón Pérez de Ayala, 40","status":"In service","color":"#008F95","source_date":"2026-02-14"}},{"type":"Feature","id":"bicimad-station-330","geometry":{"type":"Point","coordinates":[-3.64933,40.39521]},"properties":{"kind":"station","mode":"bicimad","id":"426","name":"Humanes - Benjamín Palencia","routes":"","route_keys":"||","capacity":24,"address":"Calle Humanes, 3","status":"In service","color":"#008F95","source_date":"2026-02-14"}},{"type":"Feature","id":"bicimad-station-331","geometry":{"type":"Point","coordinates":[-3.64148,40.39142]},"properties":{"kind":"station","mode":"bicimad","id":"427","name":"Andaluces, 2","routes":"","route_keys":"||","capacity":24,"address":"Calle de los Andaluces, 2","status":"In service","color":"#008F95","source_date":"2026-02-14"}},{"type":"Feature","id":"bicimad-station-332","geometry":{"type":"Point","coordinates":[-3.6571,40.3919]},"properties":{"kind":"station","mode":"bicimad","id":"428","name":"Estadio de Vallecas","routes":"","route_keys":"||","capacity":24,"address":"Avenida La Albufera, 136 ","status":"In service","color":"#008F95","source_date":"2026-02-14"}},{"type":"Feature","id":"bicimad-station-333","geometry":{"type":"Point","coordinates":[-3.7118,40.38538]},"properties":{"kind":"station","mode":"bicimad","id":"393","name":"Manuel Noya , 29","routes":"","route_keys":"||","capacity":24,"address":"Calle Manuel Noya, 29 ","status":"In service","color":"#008F95","source_date":"2026-02-14"}},{"type":"Feature","id":"bicimad-station-334","geometry":{"type":"Point","coordinates":[-3.67145,40.47675]},"properties":{"kind":"station","mode":"bicimad","id":"489","name":"Serrano Galvache - Yerma","routes":"","route_keys":"||","capacity":24,"address":"Serrano Galvache, 56","status":"In service","color":"#008F95","source_date":"2026-02-14"}},{"type":"Feature","id":"bicimad-station-335","geometry":{"type":"Point","coordinates":[-3.62888,40.42428]},"properties":{"kind":"station","mode":"bicimad","id":"490","name":"Hnos.García Noblejas-FcoLargo Caballero","routes":"","route_keys":"||","capacity":24,"address":"Calle Hermanos García Nobleza (esquina Plaza del Reloj Solar) ","status":"In service","color":"#008F95","source_date":"2026-02-14"}},{"type":"Feature","id":"bicimad-station-336","geometry":{"type":"Point","coordinates":[-3.65796,40.42657]},"properties":{"kind":"station","mode":"bicimad","id":"488","name":"Ricardo Ortiz, 33","routes":"","route_keys":"||","capacity":24,"address":"Calle Ricardo Ortiz, 33","status":"In service","color":"#008F95","source_date":"2026-02-14"}},{"type":"Feature","id":"bicimad-station-337","geometry":{"type":"Point","coordinates":[-3.66269,40.47675]},"properties":{"kind":"station","mode":"bicimad","id":"525","name":"Metro Manoteras","routes":"","route_keys":"||","capacity":24,"address":"Calle Bacares, 20 ","status":"In service","color":"#008F95","source_date":"2026-02-14"}},{"type":"Feature","id":"bicimad-station-338","geometry":{"type":"Point","coordinates":[-3.62347,40.4231]},"properties":{"kind":"station","mode":"bicimad","id":"504","name":"Biblioteca Pública Municipal San Blas","routes":"","route_keys":"||","capacity":24,"address":"Calle de San Roman del Valle, 20","status":"In service","color":"#008F95","source_date":"2026-02-14"}},{"type":"Feature","id":"bicimad-station-339","geometry":{"type":"Point","coordinates":[-3.6265,40.43209]},"properties":{"kind":"station","mode":"bicimad","id":"503","name":"Zaldívar - Valdecanillas","routes":"","route_keys":"||","capacity":24,"address":"Calle Zaldivar, 19 ","status":"In service","color":"#008F95","source_date":"2026-02-14"}},{"type":"Feature","id":"bicimad-station-340","geometry":{"type":"Point","coordinates":[-3.71098,40.34911]},"properties":{"kind":"station","mode":"bicimad","id":"404","name":"Junta Municipal Distrito de Villaverde","routes":"","route_keys":"||","capacity":27,"address":"Calle Arroyo Bueno, 53 ","status":"In service","color":"#008F95","source_date":"2026-02-14"}},{"type":"Feature","id":"bicimad-station-341","geometry":{"type":"Point","coordinates":[-3.72222,40.39252]},"properties":{"kind":"station","mode":"bicimad","id":"353","name":"Mercedes Arteaga, 21","routes":"","route_keys":"||","capacity":24,"address":"Calle Mercedes Arteaga, 21","status":"In service","color":"#008F95","source_date":"2026-02-14"}},{"type":"Feature","id":"bicimad-station-342","geometry":{"type":"Point","coordinates":[-3.71823,40.38546]},"properties":{"kind":"station","mode":"bicimad","id":"355","name":"Intercambiador de Plaza Elíptica","routes":"","route_keys":"||","capacity":24,"address":"Calle de la Vía, 56 ","status":"In service","color":"#008F95","source_date":"2026-02-14"}},{"type":"Feature","id":"bicimad-station-343","geometry":{"type":"Point","coordinates":[-3.73962,40.40938]},"properties":{"kind":"station","mode":"bicimad","id":"326","name":"Metro Alto de Extremadura","routes":"","route_keys":"||","capacity":24,"address":"Calle Francisco Tejada, 1 ","status":"In service","color":"#008F95","source_date":"2026-02-14"}},{"type":"Feature","id":"bicimad-station-344","geometry":{"type":"Point","coordinates":[-3.74726,40.40741]},"properties":{"kind":"station","mode":"bicimad","id":"327","name":"El Greco, 27 - C. Cultural El Greco","routes":"","route_keys":"||","capacity":24,"address":"Calle El Greco, 27 ","status":"In service","color":"#008F95","source_date":"2026-02-14"}},{"type":"Feature","id":"bicimad-station-345","geometry":{"type":"Point","coordinates":[-3.65257,40.40991]},"properties":{"kind":"station","mode":"bicimad","id":"458","name":"Metro Vinateros","routes":"","route_keys":"||","capacity":24,"address":"Calle del Arroyo Belincoso, 26","status":"In service","color":"#008F95","source_date":"2026-02-14"}},{"type":"Feature","id":"bicimad-station-346","geometry":{"type":"Point","coordinates":[-3.66,40.40751]},"properties":{"kind":"station","mode":"bicimad","id":"459","name":"Moratalaz","routes":"","route_keys":"||","capacity":24,"address":"Avenida Moratalaz, 33 ","status":"In service","color":"#008F95","source_date":"2026-02-14"}},{"type":"Feature","id":"bicimad-station-347","geometry":{"type":"Point","coordinates":[-3.6408,40.4099]},"properties":{"kind":"station","mode":"bicimad","id":"461","name":"Plaza Corregidor Ldo. Antonio de Mena","routes":"","route_keys":"||","capacity":24,"address":"Corregidor licenciado Antonio de Mena, sn","status":"In service","color":"#008F95","source_date":"2026-02-14"}},{"type":"Feature","id":"bicimad-station-348","geometry":{"type":"Point","coordinates":[-3.72365,40.38938]},"properties":{"kind":"station","mode":"bicimad","id":"356","name":"Portalegre - Tinamús","routes":"","route_keys":"||","capacity":24,"address":"Calle Portalegre, 9 ","status":"In service","color":"#008F95","source_date":"2026-02-14"}},{"type":"Feature","id":"bicimad-station-349","geometry":{"type":"Point","coordinates":[-3.70997,40.4781]},"properties":{"kind":"station","mode":"bicimad","id":"572","name":"Junta Mpal. Dtto. Fuencarral - El Pardo","routes":"","route_keys":"||","capacity":24,"address":"Avenida Monforte de Lemos, 123","status":"In service","color":"#008F95","source_date":"2026-02-14"}},{"type":"Feature","id":"bicimad-station-350","geometry":{"type":"Point","coordinates":[-3.69963,40.47773]},"properties":{"kind":"station","mode":"bicimad","id":"573","name":"Melchor Fernández Almagro - Villa Marín","routes":"","route_keys":"||","capacity":24,"address":"Calle Melchor Fernandez Almagro, 16","status":"In service","color":"#008F95","source_date":"2026-02-14"}},{"type":"Feature","id":"bicimad-station-351","geometry":{"type":"Point","coordinates":[-3.70353,40.47817]},"properties":{"kind":"station","mode":"bicimad","id":"575","name":"Metro Barrio del Pilar","routes":"","route_keys":"||","capacity":24,"address":"Ginzo de Limia, 36","status":"In service","color":"#008F95","source_date":"2026-02-14"}},{"type":"Feature","id":"bicimad-station-352","geometry":{"type":"Point","coordinates":[-3.71068,40.4727]},"properties":{"kind":"station","mode":"bicimad","id":"574","name":"Chantada","routes":"","route_keys":"||","capacity":24,"address":"Calle Chantada, 14","status":"In service","color":"#008F95","source_date":"2026-02-14"}},{"type":"Feature","id":"bicimad-station-353","geometry":{"type":"Point","coordinates":[-3.62145,40.3795]},"properties":{"kind":"station","mode":"bicimad","id":"440","name":"Metro Villa de Vallecas","routes":"","route_keys":"||","capacity":18,"address":"Paseo de Federico García Lorca, 2 ","status":"NOT_IN_SERVICE","color":"#008F95","source_date":"2026-02-14"}},{"type":"Feature","id":"bicimad-station-354","geometry":{"type":"Point","coordinates":[-3.5965,40.44845]},"properties":{"kind":"station","mode":"bicimad","id":"507","name":"Seis - Sexta","routes":"","route_keys":"||","capacity":24,"address":"Calle Seis (esquina con Avenida Quinta)","status":"In service","color":"#008F95","source_date":"2026-02-14"}},{"type":"Feature","id":"bicimad-station-355","geometry":{"type":"Point","coordinates":[-3.69193,40.46205]},"properties":{"kind":"station","mode":"bicimad","id":"299","name":"Rosario Pino - Joan Maragall","routes":"","route_keys":"||","capacity":24,"address":"Calle Rosario Pino, 17 ","status":"In service","color":"#008F95","source_date":"2026-02-14"}},{"type":"Feature","id":"bicimad-station-356","geometry":{"type":"Point","coordinates":[-3.70319,40.46674]},"properties":{"kind":"station","mode":"bicimad","id":"300","name":"Capitan Blanco Argibay - Alfalfa","routes":"","route_keys":"||","capacity":24,"address":"Calle Capitan Blanco Argibay, 112 ","status":"In service","color":"#008F95","source_date":"2026-02-14"}},{"type":"Feature","id":"bicimad-station-357","geometry":{"type":"Point","coordinates":[-3.69838,40.46518]},"properties":{"kind":"station","mode":"bicimad","id":"301","name":"Muller - Capitan Blanco Argibay","routes":"","route_keys":"||","capacity":24,"address":"Calle Muller, 34 ","status":"In service","color":"#008F95","source_date":"2026-02-14"}},{"type":"Feature","id":"bicimad-station-358","geometry":{"type":"Point","coordinates":[-3.70761,40.36998]},"properties":{"kind":"station","mode":"bicimad","id":"396","name":"Gran Avenida, 27","routes":"","route_keys":"||","capacity":24,"address":"Gran Avenida, 27","status":"In service","color":"#008F95","source_date":"2026-02-14"}},{"type":"Feature","id":"bicimad-station-359","geometry":{"type":"Point","coordinates":[-3.68766,40.36672]},"properties":{"kind":"station","mode":"bicimad","id":"394","name":"Periana, 24","routes":"","route_keys":"||","capacity":24,"address":"Calle Periana, 24 ","status":"In service","color":"#008F95","source_date":"2026-02-14"}},{"type":"Feature","id":"bicimad-station-360","geometry":{"type":"Point","coordinates":[-3.69838,40.36809]},"properties":{"kind":"station","mode":"bicimad","id":"397","name":"Centro Deportivo Municipal Orcasur","routes":"","route_keys":"||","capacity":24,"address":"Calle Moreja, 30 ","status":"In service","color":"#008F95","source_date":"2026-02-14"}},{"type":"Feature","id":"bicimad-station-361","geometry":{"type":"Point","coordinates":[-3.6939,40.35654]},"properties":{"kind":"station","mode":"bicimad","id":"399","name":"Bohemios - Gigantes y Cabezudos","routes":"","route_keys":"||","capacity":24,"address":"Calle Bohemios, 1 ","status":"In service","color":"#008F95","source_date":"2026-02-14"}},{"type":"Feature","id":"bicimad-station-362","geometry":{"type":"Point","coordinates":[-3.64179,40.38501]},"properties":{"kind":"station","mode":"bicimad","id":"430","name":"Torremolinos - Rafael Alberti","routes":"","route_keys":"||","capacity":24,"address":"Calle Torremolinos, 1 ","status":"In service","color":"#008F95","source_date":"2026-02-14"}},{"type":"Feature","id":"bicimad-station-363","geometry":{"type":"Point","coordinates":[-3.6797,40.39302]},"properties":{"kind":"station","mode":"bicimad","id":"269","name":"Ariel - Parque Enrique Tierno Galván","routes":"","route_keys":"||","capacity":24,"address":"Calle Ariel, 11 ","status":"In service","color":"#008F95","source_date":"2026-02-14"}},{"type":"Feature","id":"bicimad-station-364","geometry":{"type":"Point","coordinates":[-3.63766,40.43288]},"properties":{"kind":"station","mode":"bicimad","id":"491","name":"Esteban Collantes - José Arcones Gil","routes":"","route_keys":"||","capacity":24,"address":"Calle Esteban Collantes 63","status":"In service","color":"#008F95","source_date":"2026-02-14"}},{"type":"Feature","id":"bicimad-station-365","geometry":{"type":"Point","coordinates":[-3.65927,40.4725]},"properties":{"kind":"station","mode":"bicimad","id":"527","name":"Velacho Alto - Trinquete","routes":"","route_keys":"||","capacity":24,"address":"Calle Velacho Alto, 4-16 ","status":"In service","color":"#008F95","source_date":"2026-02-14"}},{"type":"Feature","id":"bicimad-station-366","geometry":{"type":"Point","coordinates":[-3.64442,40.45754]},"properties":{"kind":"station","mode":"bicimad","id":"526","name":"Plaza del Liceo","routes":"","route_keys":"||","capacity":24,"address":"Plaza del Liceo (esquina con Calle Silvano) ","status":"In service","color":"#008F95","source_date":"2026-02-14"}},{"type":"Feature","id":"bicimad-station-367","geometry":{"type":"Point","coordinates":[-3.6634,40.3969]},"properties":{"kind":"station","mode":"bicimad","id":"431","name":"Puerto Canfranc, 18","routes":"","route_keys":"||","capacity":24,"address":"Calle Estación de Canfrac, 18 ","status":"In service","color":"#008F95","source_date":"2026-02-14"}},{"type":"Feature","id":"bicimad-station-368","geometry":{"type":"Point","coordinates":[-3.6635,40.3895]},"properties":{"kind":"station","mode":"bicimad","id":"429","name":"Carlos M. Alvarez - Javier de Miguel","routes":"","route_keys":"||","capacity":23,"address":"Calle Carlos Martín Álvarez, 38 ","status":"In service","color":"#008F95","source_date":"2026-02-14"}},{"type":"Feature","id":"bicimad-station-369","geometry":{"type":"Point","coordinates":[-3.71321,40.38987]},"properties":{"kind":"station","mode":"bicimad","id":"357","name":"Sorbe - Baleares","routes":"","route_keys":"||","capacity":24,"address":"Calle del Sorbe , 20","status":"In service","color":"#008F95","source_date":"2026-02-14"}},{"type":"Feature","id":"bicimad-station-370","geometry":{"type":"Point","coordinates":[-3.69329,40.38863]},"properties":{"kind":"station","mode":"bicimad","id":"270","name":"Teresa L. Valcárcel - Tte. Cnel. Noreña","routes":"","route_keys":"||","capacity":24,"address":"Calle Teresa López Valcarcel (esquina calle Teniente Coronel Noreña)","status":"In service","color":"#008F95","source_date":"2026-02-14"}},{"type":"Feature","id":"bicimad-station-371","geometry":{"type":"Point","coordinates":[-3.66842,40.47637]},"properties":{"kind":"station","mode":"bicimad","id":"493","name":"Arturo Soria - San Luis","routes":"","route_keys":"||","capacity":23,"address":"Calle Arturo Soria (esquina con calle Jazmín)","status":"In service","color":"#008F95","source_date":"2026-02-14"}},{"type":"Feature","id":"bicimad-station-372","geometry":{"type":"Point","coordinates":[-3.65076,40.38162]},"properties":{"kind":"station","mode":"bicimad","id":"433","name":"Villalobos, 28","routes":"","route_keys":"||","capacity":24,"address":"Calle Villalobos, 28 ","status":"In service","color":"#008F95","source_date":"2026-02-14"}},{"type":"Feature","id":"bicimad-station-373","geometry":{"type":"Point","coordinates":[-3.62714,40.39017]},"properties":{"kind":"station","mode":"bicimad","id":"436","name":"Campus Sur UPM","routes":"","route_keys":"||","capacity":24,"address":"Calle Alan Turing, 2 ","status":"In service","color":"#008F95","source_date":"2026-02-14"}},{"type":"Feature","id":"bicimad-station-374","geometry":{"type":"Point","coordinates":[-3.63219,40.38192]},"properties":{"kind":"station","mode":"bicimad","id":"434","name":"Charleroi - Cocherón de la Villa","routes":"","route_keys":"||","capacity":24,"address":"Calle Charleroi, 1 ","status":"In service","color":"#008F95","source_date":"2026-02-14"}},{"type":"Feature","id":"bicimad-station-375","geometry":{"type":"Point","coordinates":[-3.63252,40.43397]},"properties":{"kind":"station","mode":"bicimad","id":"506","name":"Albarracín - Julián Camarillo","routes":"","route_keys":"||","capacity":24,"address":"Calle Albarracin, sn","status":"In service","color":"#008F95","source_date":"2026-02-14"}},{"type":"Feature","id":"bicimad-station-376","geometry":{"type":"Point","coordinates":[-3.62307,40.43153]},"properties":{"kind":"station","mode":"bicimad","id":"505","name":"Castillo de Uclés, 37","routes":"","route_keys":"||","capacity":24,"address":"Calle Castillo de Ucles, 37","status":"In service","color":"#008F95","source_date":"2026-02-14"}},{"type":"Feature","id":"bicimad-station-377","geometry":{"type":"Point","coordinates":[-3.63954,40.38903]},"properties":{"kind":"station","mode":"bicimad","id":"435","name":"San Claudio","routes":"","route_keys":"||","capacity":24,"address":"Calle San Claudio, 150 ","status":"In service","color":"#008F95","source_date":"2026-02-14"}},{"type":"Feature","id":"bicimad-station-378","geometry":{"type":"Point","coordinates":[-3.6096,40.4491]},"properties":{"kind":"station","mode":"bicimad","id":"508-old","name":"old - Alcala  (acera de tránsito peatonal)","routes":"","route_keys":"||","capacity":0,"address":"Calle Alcala  (acera de tránsito peatonal)","status":"END_OF_LIFE","color":"#008F95","source_date":"2026-02-14"}},{"type":"Feature","id":"bicimad-station-379","geometry":{"type":"Point","coordinates":[-3.70395,40.47024]},"properties":{"kind":"station","mode":"bicimad","id":"302","name":"Ps. Dirección B - Pque A. Rguez Sahagún","routes":"","route_keys":"||","capacity":24,"address":"Paseo de la Dirección, 330, (enfrente) ","status":"In service","color":"#008F95","source_date":"2026-02-14"}},{"type":"Feature","id":"bicimad-station-380","geometry":{"type":"Point","coordinates":[-3.61232,40.40939]},"properties":{"kind":"station","mode":"bicimad","id":"463","name":"Casalarreina, 18","routes":"","route_keys":"||","capacity":24,"address":"Calle Casalarreina, 18","status":"In service","color":"#008F95","source_date":"2026-02-14"}},{"type":"Feature","id":"bicimad-station-381","geometry":{"type":"Point","coordinates":[-3.61283,40.40634]},"properties":{"kind":"station","mode":"bicimad","id":"464","name":"Univ. Rey Juan Carlos - Campus Madrid","routes":"","route_keys":"||","capacity":24,"address":"Avenida de Daroca 321","status":"In service","color":"#008F95","source_date":"2026-02-14"}},{"type":"Feature","id":"bicimad-station-382","geometry":{"type":"Point","coordinates":[-3.694,40.36065]},"properties":{"kind":"station","mode":"bicimad","id":"400","name":"Metro Ciudad de los Ángeles","routes":"","route_keys":"||","capacity":24,"address":"Paseo de los Gigantes y Cabezudos, 4","status":"In service","color":"#008F95","source_date":"2026-02-14"}},{"type":"Feature","id":"bicimad-station-383","geometry":{"type":"Point","coordinates":[-3.71693,40.46588]},"properties":{"kind":"station","mode":"bicimad","id":"307","name":"Metro Valdezarza","routes":"","route_keys":"||","capacity":24,"address":"Calle San Restituto, 74","status":"In service","color":"#008F95","source_date":"2026-02-14"}},{"type":"Feature","id":"bicimad-station-384","geometry":{"type":"Point","coordinates":[-3.70809,40.46779]},"properties":{"kind":"station","mode":"bicimad","id":"303","name":"Ps. Dirección A - Pque A. Rguez Sahagún","routes":"","route_keys":"||","capacity":0,"address":"Paseo de la Dirección, 161","status":"NOT_IN_SERVICE","color":"#008F95","source_date":"2026-02-14"}},{"type":"Feature","id":"bicimad-station-385","geometry":{"type":"Point","coordinates":[-3.70511,40.47431]},"properties":{"kind":"station","mode":"bicimad","id":"576","name":"El Ferrol, 18","routes":"","route_keys":"||","capacity":24,"address":"Avenida El Ferrol, 18","status":"In service","color":"#008F95","source_date":"2026-02-14"}},{"type":"Feature","id":"bicimad-station-386","geometry":{"type":"Point","coordinates":[-3.70567,40.479]},"properties":{"kind":"station","mode":"bicimad","id":"577","name":"Monforte de Lemos - Plaza de Mondariz","routes":"","route_keys":"||","capacity":24,"address":"Avenida de Monforte de Lemos, 103","status":"In service","color":"#008F95","source_date":"2026-02-14"}},{"type":"Feature","id":"bicimad-station-387","geometry":{"type":"Point","coordinates":[-3.70873,40.46205]},"properties":{"kind":"station","mode":"bicimad","id":"309","name":"Ofelia Nieto - Villaamil","routes":"","route_keys":"||","capacity":24,"address":"Calle Ofelia Nieto, 75","status":"In service","color":"#008F95","source_date":"2026-02-14"}},{"type":"Feature","id":"bicimad-station-388","geometry":{"type":"Point","coordinates":[-3.71346,40.45773]},"properties":{"kind":"station","mode":"bicimad","id":"308","name":"María Auxiliadora - Francos Rodríguez","routes":"","route_keys":"||","capacity":24,"address":"Calle María Auxiliadora, 1 ","status":"In service","color":"#008F95","source_date":"2026-02-14"}},{"type":"Feature","id":"bicimad-station-389","geometry":{"type":"Point","coordinates":[-3.61346,40.42219]},"properties":{"kind":"station","mode":"bicimad","id":"510","name":"Metro Avenida de Guadalajara","routes":"","route_keys":"||","capacity":24,"address":"Avenida de Guadalajara, 101","status":"In service","color":"#008F95","source_date":"2026-02-14"}},{"type":"Feature","id":"bicimad-station-390","geometry":{"type":"Point","coordinates":[-3.61727,40.41912]},"properties":{"kind":"station","mode":"bicimad","id":"511","name":"Aquitania 31","routes":"","route_keys":"||","capacity":27,"address":"Calle Aquitania, 31","status":"In service","color":"#008F95","source_date":"2026-02-14"}},{"type":"Feature","id":"bicimad-station-391","geometry":{"type":"Point","coordinates":[-3.61537,40.42668]},"properties":{"kind":"station","mode":"bicimad","id":"512","name":"Semilla - Aparejadores","routes":"","route_keys":"||","capacity":24,"address":"Calle de los Aparejadores, 24","status":"In service","color":"#008F95","source_date":"2026-02-14"}},{"type":"Feature","id":"bicimad-station-392","geometry":{"type":"Point","coordinates":[-3.60645,40.42712]},"properties":{"kind":"station","mode":"bicimad","id":"513","name":"Centro Deportivo Mpal. Pepu Hernández","routes":"","route_keys":"||","capacity":27,"address":"Avenida de Niza, 9","status":"In service","color":"#008F95","source_date":"2026-02-14"}},{"type":"Feature","id":"bicimad-station-393","geometry":{"type":"Point","coordinates":[-3.61095,40.43283]},"properties":{"kind":"station","mode":"bicimad","id":"514","name":"María Sevilla Diago","routes":"","route_keys":"||","capacity":24,"address":"Calle Maria Sevilla Diago, 5","status":"In service","color":"#008F95","source_date":"2026-02-14"}},{"type":"Feature","id":"bicimad-station-394","geometry":{"type":"Point","coordinates":[-3.6158,40.43092]},"properties":{"kind":"station","mode":"bicimad","id":"515","name":"Avenida de Hellin, 13","routes":"","route_keys":"||","capacity":24,"address":"Avenida de Hellin, 13","status":"In service","color":"#008F95","source_date":"2026-02-14"}},{"type":"Feature","id":"bicimad-station-395","geometry":{"type":"Point","coordinates":[-3.73634,40.39299]},"properties":{"kind":"station","mode":"bicimad","id":"359","name":"El Toboso - Zaida","routes":"","route_keys":"||","capacity":23,"address":"Calle de El Toboso, 115","status":"In service","color":"#008F95","source_date":"2026-02-14"}},{"type":"Feature","id":"bicimad-station-396","geometry":{"type":"Point","coordinates":[-3.74709,40.38402]},"properties":{"kind":"station","mode":"bicimad","id":"360","name":"Ntra. Sra. Fátima - Ntra. Sra. de Luz","routes":"","route_keys":"||","capacity":23,"address":"Avenida Nuestra Señora de Fatima, 34","status":"In service","color":"#008F95","source_date":"2026-02-14"}},{"type":"Feature","id":"bicimad-station-397","geometry":{"type":"Point","coordinates":[-3.73267,40.37735]},"properties":{"kind":"station","mode":"bicimad","id":"361","name":"Metro Pan Bendito","routes":"","route_keys":"||","capacity":23,"address":"Avenida de Abrantes, 106 ","status":"In service","color":"#008F95","source_date":"2026-02-14"}},{"type":"Feature","id":"bicimad-station-398","geometry":{"type":"Point","coordinates":[-3.60948,40.38601]},"properties":{"kind":"station","mode":"bicimad","id":"441","name":"Estación de tren de Santa Eugenia","routes":"","route_keys":"||","capacity":24,"address":"Avenida Santa Eugenia,1 ","status":"In service","color":"#008F95","source_date":"2026-02-14"}},{"type":"Feature","id":"bicimad-station-399","geometry":{"type":"Point","coordinates":[-3.60463,40.38306]},"properties":{"kind":"station","mode":"bicimad","id":"442","name":"Santa Eugenia - Zazuar","routes":"","route_keys":"||","capacity":27,"address":"Avenida de Santa Eugenia con Calle Zauzar","status":"In service","color":"#008F95","source_date":"2026-02-14"}},{"type":"Feature","id":"bicimad-station-400","geometry":{"type":"Point","coordinates":[-3.60725,40.37941]},"properties":{"kind":"station","mode":"bicimad","id":"443","name":"Fuentespina, 33","routes":"","route_keys":"||","capacity":24,"address":"Calle Fuentespina, 33","status":"In service","color":"#008F95","source_date":"2026-02-14"}},{"type":"Feature","id":"bicimad-station-401","geometry":{"type":"Point","coordinates":[-3.72664,40.37284]},"properties":{"kind":"station","mode":"bicimad","id":"362","name":"Hilario Herranz Establos, 36","routes":"","route_keys":"||","capacity":27,"address":"Calle Hilario Herránz Establos , 36","status":"In service","color":"#008F95","source_date":"2026-02-14"}},{"type":"Feature","id":"bicimad-station-402","geometry":{"type":"Point","coordinates":[-3.58815,40.45747]},"properties":{"kind":"station","mode":"bicimad","id":"557","name":"Metro Alameda de Osuna","routes":"","route_keys":"||","capacity":24,"address":"Calle Rioja, 13","status":"In service","color":"#008F95","source_date":"2026-02-14"}},{"type":"Feature","id":"bicimad-station-403","geometry":{"type":"Point","coordinates":[-3.67994,40.46438]},"properties":{"kind":"station","mode":"bicimad","id":"290","name":"Francisco Suárez - Paseo de La Habana","routes":"","route_keys":"||","capacity":23,"address":"Calle Francisco Suárez, 28 ","status":"In service","color":"#008F95","source_date":"2026-02-14"}},{"type":"Feature","id":"bicimad-station-404","geometry":{"type":"Point","coordinates":[-3.64984,40.47175]},"properties":{"kind":"station","mode":"bicimad","id":"529","name":"Lopez de Hoyos , 478","routes":"","route_keys":"||","capacity":23,"address":"Calle López de Hoyos, 478","status":"In service","color":"#008F95","source_date":"2026-02-14"}},{"type":"Feature","id":"bicimad-station-405","geometry":{"type":"Point","coordinates":[-3.63788,40.46857]},"properties":{"kind":"station","mode":"bicimad","id":"530","name":"Metro Mar de Cristal","routes":"","route_keys":"||","capacity":27,"address":"Calle de los Emigrantes, 15","status":"In service","color":"#008F95","source_date":"2026-02-14"}},{"type":"Feature","id":"bicimad-station-406","geometry":{"type":"Point","coordinates":[-3.64507,40.47688]},"properties":{"kind":"station","mode":"bicimad","id":"531","name":"Metro Parque de Santa María","routes":"","route_keys":"||","capacity":18,"address":"Calle de Santa Virgilia, 6","status":"In service","color":"#008F95","source_date":"2026-02-14"}},{"type":"Feature","id":"bicimad-station-407","geometry":{"type":"Point","coordinates":[-3.63952,40.4749]},"properties":{"kind":"station","mode":"bicimad","id":"532","name":"Metro San Lorenzo","routes":"","route_keys":"||","capacity":24,"address":"Avenida Barranquilla, 17 ","status":"In service","color":"#008F95","source_date":"2026-02-14"}},{"type":"Feature","id":"bicimad-station-408","geometry":{"type":"Point","coordinates":[-3.65511,40.47149]},"properties":{"kind":"station","mode":"bicimad","id":"533","name":"San Luis, 23","routes":"","route_keys":"||","capacity":23,"address":"Avenida de San Luis, 23","status":"In service","color":"#008F95","source_date":"2026-02-14"}},{"type":"Feature","id":"bicimad-station-409","geometry":{"type":"Point","coordinates":[-3.68781,40.42492]},"properties":{"kind":"station","mode":"bicimad","id":"106A","name":"106A - Plaza de Colón A","routes":"","route_keys":"||","capacity":19,"address":"Calle Serrano nº 32","status":"In service","color":"#008F95","source_date":"2026-02-14"}},{"type":"Feature","id":"bicimad-station-410","geometry":{"type":"Point","coordinates":[-3.68627,40.49262]},"properties":{"kind":"station","mode":"bicimad","id":"582","name":"Isla Graciosa - Isla de Java","routes":"","route_keys":"||","capacity":24,"address":"Calle de la Isla Graciosa, 2","status":"In service","color":"#008F95","source_date":"2026-02-14"}},{"type":"Feature","id":"bicimad-station-411","geometry":{"type":"Point","coordinates":[-3.68529,40.48468]},"properties":{"kind":"station","mode":"bicimad","id":"583","name":"Ángel Múgica - Marcos de Orueta","routes":"","route_keys":"||","capacity":24,"address":"Calle de Angel Mugica, 3","status":"In service","color":"#008F95","source_date":"2026-02-14"}},{"type":"Feature","id":"bicimad-station-412","geometry":{"type":"Point","coordinates":[-3.69603,40.50501]},"properties":{"kind":"station","mode":"bicimad","id":"584","name":"Metro Montecarmelo","routes":"","route_keys":"||","capacity":24,"address":"Avenida Monasterio de Silos, 63A","status":"In service","color":"#008F95","source_date":"2026-02-14"}},{"type":"Feature","id":"bicimad-station-413","geometry":{"type":"Point","coordinates":[-3.69375,40.49547]},"properties":{"kind":"station","mode":"bicimad","id":"585","name":"Metro Fuencarral","routes":"","route_keys":"||","capacity":24,"address":"Calle Molins de Rey, 8","status":"In service","color":"#008F95","source_date":"2026-02-14"}},{"type":"Feature","id":"bicimad-station-414","geometry":{"type":"Point","coordinates":[-3.69747,40.49639]},"properties":{"kind":"station","mode":"bicimad","id":"586","name":"Caldas Estrach - San Cugat del Vallés","routes":"","route_keys":"||","capacity":23,"address":"Calle Caldas de Estrach, 14","status":"In service","color":"#008F95","source_date":"2026-02-14"}},{"type":"Feature","id":"bicimad-station-415","geometry":{"type":"Point","coordinates":[-3.66341,40.46772]},"properties":{"kind":"station","mode":"bicimad","id":"534","name":"Mesena, 102","routes":"","route_keys":"||","capacity":24,"address":"Calle Mesena, 102 ","status":"In service","color":"#008F95","source_date":"2026-02-14"}},{"type":"Feature","id":"bicimad-station-416","geometry":{"type":"Point","coordinates":[-3.69092,40.40382]},"properties":{"kind":"station","mode":"bicimad","id":"273","name":"Delicias - General Lacy","routes":"","route_keys":"||","capacity":19,"address":"Calle de las Delicias, 41 ","status":"In service","color":"#008F95","source_date":"2026-02-14"}},{"type":"Feature","id":"bicimad-station-417","geometry":{"type":"Point","coordinates":[-3.70866,40.49892]},"properties":{"kind":"station","mode":"bicimad","id":"587","name":"Metro Paco de Lucía","routes":"","route_keys":"||","capacity":27,"address":"Calle Costa Brava, 14","status":"In service","color":"#008F95","source_date":"2026-02-14"}},{"type":"Feature","id":"bicimad-station-418","geometry":{"type":"Point","coordinates":[-3.69112,40.50052]},"properties":{"kind":"station","mode":"bicimad","id":"588","name":"Campo Calatrava - Rda Ingenioso Hidalgo","routes":"","route_keys":"||","capacity":27,"address":"Av. del Campo de Calatrava, 17","status":"In service","color":"#008F95","source_date":"2026-02-14"}},{"type":"Feature","id":"bicimad-station-419","geometry":{"type":"Point","coordinates":[-3.7029,40.5034]},"properties":{"kind":"station","mode":"bicimad","id":"589","name":"Monast. Silos - Monast. Montesclaros","routes":"","route_keys":"||","capacity":24,"address":"Avenida Monasterio de Silos, 37","status":"In service","color":"#008F95","source_date":"2026-02-14"}},{"type":"Feature","id":"bicimad-station-420","geometry":{"type":"Point","coordinates":[-3.635,40.46358]},"properties":{"kind":"station","mode":"bicimad","id":"535","name":"Metro Canillas","routes":"","route_keys":"||","capacity":27,"address":"Calle Ramón Power, 2 ","status":"In service","color":"#008F95","source_date":"2026-02-14"}},{"type":"Feature","id":"bicimad-station-421","geometry":{"type":"Point","coordinates":[-3.75219,40.40324]},"properties":{"kind":"station","mode":"bicimad","id":"328","name":"Cebreros, 97","routes":"","route_keys":"||","capacity":23,"address":"Calle de Cebreros, 97 ","status":"In service","color":"#008F95","source_date":"2026-02-14"}},{"type":"Feature","id":"bicimad-station-422","geometry":{"type":"Point","coordinates":[-3.74445,40.39882]},"properties":{"kind":"station","mode":"bicimad","id":"329","name":"Metro Laguna","routes":"","route_keys":"||","capacity":23,"address":"Calle Alhambra, 56 ","status":"In service","color":"#008F95","source_date":"2026-02-14"}},{"type":"Feature","id":"bicimad-station-423","geometry":{"type":"Point","coordinates":[-3.74473,40.395]},"properties":{"kind":"station","mode":"bicimad","id":"330","name":"Duquesa de Parcent - Marcelino Castillo","routes":"","route_keys":"||","capacity":23,"address":"Calle Duquesa de Parcent, 14 ","status":"In service","color":"#008F95","source_date":"2026-02-14"}},{"type":"Feature","id":"bicimad-station-424","geometry":{"type":"Point","coordinates":[-3.75757,40.3965]},"properties":{"kind":"station","mode":"bicimad","id":"331","name":"Valmojado","routes":"","route_keys":"||","capacity":24,"address":"Calle Valmojado, 53 ","status":"In service","color":"#008F95","source_date":"2026-02-14"}},{"type":"Feature","id":"bicimad-station-425","geometry":{"type":"Point","coordinates":[-3.75182,40.39303]},"properties":{"kind":"station","mode":"bicimad","id":"332","name":"Los Yébenes, 159","routes":"","route_keys":"||","capacity":23,"address":"Calle de los Yébenes, 159 ","status":"In service","color":"#008F95","source_date":"2026-02-14"}},{"type":"Feature","id":"bicimad-station-426","geometry":{"type":"Point","coordinates":[-3.72987,40.38745]},"properties":{"kind":"station","mode":"bicimad","id":"363","name":"Metro Oporto","routes":"","route_keys":"||","capacity":23,"address":"Avenida de Oporto, 102","status":"In service","color":"#008F95","source_date":"2026-02-14"}},{"type":"Feature","id":"bicimad-station-427","geometry":{"type":"Point","coordinates":[-3.72378,40.38551]},"properties":{"kind":"station","mode":"bicimad","id":"364","name":"Metro Opañel","routes":"","route_keys":"||","capacity":23,"address":"Avenida de Oporto, 34","status":"In service","color":"#008F95","source_date":"2026-02-14"}},{"type":"Feature","id":"bicimad-station-428","geometry":{"type":"Point","coordinates":[-3.61808,40.45602]},"properties":{"kind":"station","mode":"bicimad","id":"536","name":"Boj","routes":"","route_keys":"||","capacity":23,"address":"Calle de Boj, 5","status":"In service","color":"#008F95","source_date":"2026-02-14"}},{"type":"Feature","id":"bicimad-station-429","geometry":{"type":"Point","coordinates":[-3.62579,40.45841]},"properties":{"kind":"station","mode":"bicimad","id":"537","name":"Plaza López de la Plata","routes":"","route_keys":"||","capacity":27,"address":"Avenida de Machupichu, 23","status":"In service","color":"#008F95","source_date":"2026-02-14"}},{"type":"Feature","id":"bicimad-station-430","geometry":{"type":"Point","coordinates":[-3.62532,40.46275]},"properties":{"kind":"station","mode":"bicimad","id":"538","name":"Haendel, 8","routes":"","route_keys":"||","capacity":27,"address":"Calle de Haendel, 8","status":"In service","color":"#008F95","source_date":"2026-02-14"}},{"type":"Feature","id":"bicimad-station-431","geometry":{"type":"Point","coordinates":[-3.75623,40.39218]},"properties":{"kind":"station","mode":"bicimad","id":"333","name":"Illescas - Camarena","routes":"","route_keys":"||","capacity":23,"address":"Calle Illescas, 80","status":"In service","color":"#008F95","source_date":"2026-02-14"}},{"type":"Feature","id":"bicimad-station-432","geometry":{"type":"Point","coordinates":[-3.73726,40.38537]},"properties":{"kind":"station","mode":"bicimad","id":"365","name":"Palacio Vistalegre Arena","routes":"","route_keys":"||","capacity":23,"address":"Avenida Plaza de Toros, 3 ","status":"In service","color":"#008F95","source_date":"2026-02-14"}},{"type":"Feature","id":"bicimad-station-433","geometry":{"type":"Point","coordinates":[-3.74452,40.38774]},"properties":{"kind":"station","mode":"bicimad","id":"366","name":"Metro Carabanchel","routes":"","route_keys":"||","capacity":23,"address":"Paseo de Marcelino Camacho, 53 ","status":"In service","color":"#008F95","source_date":"2026-02-14"}},{"type":"Feature","id":"bicimad-station-434","geometry":{"type":"Point","coordinates":[-3.6679,40.45867]},"properties":{"kind":"station","mode":"bicimad","id":"291","name":"Plaza José María Soler","routes":"","route_keys":"||","capacity":23,"address":"Avenida Alfonso XIII, 113","status":"In service","color":"#008F95","source_date":"2026-02-14"}},{"type":"Feature","id":"bicimad-station-435","geometry":{"type":"Point","coordinates":[-3.67179,40.44904]},"properties":{"kind":"station","mode":"bicimad","id":"292","name":"Centro Deportivo Municipal Pradillo","routes":"","route_keys":"||","capacity":23,"address":"Calle Pradillo, 33","status":"In service","color":"#008F95","source_date":"2026-02-14"}},{"type":"Feature","id":"bicimad-station-436","geometry":{"type":"Point","coordinates":[-3.66653,40.48069]},"properties":{"kind":"station","mode":"bicimad","id":"494","name":"Metro Pinar de Chamartín","routes":"","route_keys":"||","capacity":23,"address":"Arturo Soria, 332","status":"In service","color":"#008F95","source_date":"2026-02-14"}},{"type":"Feature","id":"bicimad-station-437","geometry":{"type":"Point","coordinates":[-3.6311,40.44797]},"properties":{"kind":"station","mode":"bicimad","id":"516","name":"Juan Ignacio Luca Tena - Quinta Molinos","routes":"","route_keys":"||","capacity":27,"address":"Calle Juan Ignacio Luca de Tena, 13 ","status":"In service","color":"#008F95","source_date":"2026-02-14"}},{"type":"Feature","id":"bicimad-station-438","geometry":{"type":"Point","coordinates":[-3.74706,40.3791]},"properties":{"kind":"station","mode":"bicimad","id":"368","name":"Eugenia de Montijo","routes":"","route_keys":"||","capacity":15,"address":"Calle Eugenia de Montijo, 57 ","status":"In service","color":"#008F95","source_date":"2026-02-14"}},{"type":"Feature","id":"bicimad-station-439","geometry":{"type":"Point","coordinates":[-3.7308,40.38387]},"properties":{"kind":"station","mode":"bicimad","id":"370","name":"Avefría - Plaza de Tarifa","routes":"","route_keys":"||","capacity":23,"address":"Calle de Avefria, 26","status":"In service","color":"#008F95","source_date":"2026-02-14"}},{"type":"Feature","id":"bicimad-station-440","geometry":{"type":"Point","coordinates":[-3.72757,40.49093]},"properties":{"kind":"station","mode":"bicimad","id":"590","name":"Metro Arroyofresno","routes":"","route_keys":"||","capacity":27,"address":"Calle Maria de Maeztu, 50","status":"In service","color":"#008F95","source_date":"2026-02-14"}},{"type":"Feature","id":"bicimad-station-441","geometry":{"type":"Point","coordinates":[-3.6119,40.44175]},"properties":{"kind":"station","mode":"bicimad","id":"517","name":"San Mariano - Circe","routes":"","route_keys":"||","capacity":27,"address":"Calle de San Mariano, 52-60 ","status":"In service","color":"#008F95","source_date":"2026-02-14"}},{"type":"Feature","id":"bicimad-station-442","geometry":{"type":"Point","coordinates":[-3.63534,40.44457]},"properties":{"kind":"station","mode":"bicimad","id":"518","name":"Tampico - Plaza Barbados","routes":"","route_keys":"||","capacity":23,"address":"Calle Tampico, 71 ","status":"In service","color":"#008F95","source_date":"2026-02-14"}},{"type":"Feature","id":"bicimad-station-443","geometry":{"type":"Point","coordinates":[-3.76182,40.37246]},"properties":{"kind":"station","mode":"bicimad","id":"371","name":"Joaquin Turina, 49","routes":"","route_keys":"||","capacity":27,"address":"Calle Joaquin Turina, 49","status":"In service","color":"#008F95","source_date":"2026-02-14"}},{"type":"Feature","id":"bicimad-station-444","geometry":{"type":"Point","coordinates":[-3.76158,40.36612]},"properties":{"kind":"station","mode":"bicimad","id":"372","name":"Lonja de la Seda, 33","routes":"","route_keys":"||","capacity":23,"address":"Calle Lonja de la Seda, 33","status":"In service","color":"#008F95","source_date":"2026-02-14"}},{"type":"Feature","id":"bicimad-station-445","geometry":{"type":"Point","coordinates":[-3.75787,40.36278]},"properties":{"kind":"station","mode":"bicimad","id":"373","name":"Metro La Peseta","routes":"","route_keys":"||","capacity":23,"address":"Calle Salvador Allende, 28 ","status":"In service","color":"#008F95","source_date":"2026-02-14"}},{"type":"Feature","id":"bicimad-station-446","geometry":{"type":"Point","coordinates":[-3.75015,40.36257]},"properties":{"kind":"station","mode":"bicimad","id":"374","name":"Dinero - La Peseta","routes":"","route_keys":"||","capacity":27,"address":"Calle del Dinero, 38","status":"In service","color":"#008F95","source_date":"2026-02-14"}},{"type":"Feature","id":"bicimad-station-447","geometry":{"type":"Point","coordinates":[-3.73851,40.36521]},"properties":{"kind":"station","mode":"bicimad","id":"375","name":"Calderilla, 4","routes":"","route_keys":"||","capacity":27,"address":"Calle Calderilla, 4","status":"In service","color":"#008F95","source_date":"2026-02-14"}},{"type":"Feature","id":"bicimad-station-448","geometry":{"type":"Point","coordinates":[-3.71623,40.49108]},"properties":{"kind":"station","mode":"bicimad","id":"591","name":"Metro Mirasierra","routes":"","route_keys":"||","capacity":19,"address":"Av.Ventisquero de la Condesa, 37","status":"In service","color":"#008F95","source_date":"2026-02-14"}},{"type":"Feature","id":"bicimad-station-449","geometry":{"type":"Point","coordinates":[-3.72495,40.4957]},"properties":{"kind":"station","mode":"bicimad","id":"592","name":"Estación de tren de Pitis","routes":"","route_keys":"||","capacity":27,"address":"Calle de Gloria Fuertes, 180","status":"In service","color":"#008F95","source_date":"2026-02-14"}},{"type":"Feature","id":"bicimad-station-450","geometry":{"type":"Point","coordinates":[-3.74054,40.39229]},"properties":{"kind":"station","mode":"bicimad","id":"376","name":"Metro Carpetana","routes":"","route_keys":"||","capacity":24,"address":"Calle del Pinzón, 111 ","status":"In service","color":"#008F95","source_date":"2026-02-14"}},{"type":"Feature","id":"bicimad-station-451","geometry":{"type":"Point","coordinates":[-3.72784,40.38092]},"properties":{"kind":"station","mode":"bicimad","id":"377","name":"Metro Abrantes","routes":"","route_keys":"||","capacity":23,"address":"Avenida De Abrantes, 55 ","status":"In service","color":"#008F95","source_date":"2026-02-14"}},{"type":"Feature","id":"bicimad-station-452","geometry":{"type":"Point","coordinates":[-3.63136,40.46488]},"properties":{"kind":"station","mode":"bicimad","id":"539","name":"Mota del Cuervo","routes":"","route_keys":"||","capacity":24,"address":"Calle Mota del Cuervo, 72 ","status":"In service","color":"#008F95","source_date":"2026-02-14"}},{"type":"Feature","id":"bicimad-station-453","geometry":{"type":"Point","coordinates":[-3.76816,40.39497]},"properties":{"kind":"station","mode":"bicimad","id":"334","name":"Metro Campamento","routes":"","route_keys":"||","capacity":24,"address":"Calle Seseña, 93 ","status":"In service","color":"#008F95","source_date":"2026-02-14"}},{"type":"Feature","id":"bicimad-station-454","geometry":{"type":"Point","coordinates":[-3.77058,40.3966]},"properties":{"kind":"station","mode":"bicimad","id":"335","name":"Cardaño, 10","routes":"","route_keys":"||","capacity":24,"address":"Plaza Patricio, 5 ","status":"In service","color":"#008F95","source_date":"2026-02-14"}},{"type":"Feature","id":"bicimad-station-455","geometry":{"type":"Point","coordinates":[-3.61192,40.437]},"properties":{"kind":"station","mode":"bicimad","id":"519","name":"Troya, 11","routes":"","route_keys":"||","capacity":24,"address":"Calle Troya, 11","status":"In service","color":"#008F95","source_date":"2026-02-14"}},{"type":"Feature","id":"bicimad-station-456","geometry":{"type":"Point","coordinates":[-3.75097,40.37562]},"properties":{"kind":"station","mode":"bicimad","id":"378","name":"Eugenia de Montijo, 83","routes":"","route_keys":"||","capacity":24,"address":"Calle Eugenia de Montijo, 83","status":"In service","color":"#008F95","source_date":"2026-02-14"}},{"type":"Feature","id":"bicimad-station-457","geometry":{"type":"Point","coordinates":[-3.74766,40.37314]},"properties":{"kind":"station","mode":"bicimad","id":"379","name":"Antonia Rodríguez Sacristán - Valeriana","routes":"","route_keys":"||","capacity":24,"address":"Calle Antonia Rodriguez Sacristan, 4","status":"In service","color":"#008F95","source_date":"2026-02-14"}},{"type":"Feature","id":"bicimad-station-458","geometry":{"type":"Point","coordinates":[-3.67048,40.47861]},"properties":{"kind":"station","mode":"bicimad","id":"495","name":"Caleruega","routes":"","route_keys":"||","capacity":24,"address":"Calle Caleruega, 14 ","status":"In service","color":"#008F95","source_date":"2026-02-14"}},{"type":"Feature","id":"bicimad-station-459","geometry":{"type":"Point","coordinates":[-3.71869,40.48027]},"properties":{"kind":"station","mode":"bicimad","id":"593","name":"Metro Avenida de la Ilustración","routes":"","route_keys":"||","capacity":24,"address":"Calle Islas Cies, 27","status":"In service","color":"#008F95","source_date":"2026-02-14"}},{"type":"Feature","id":"bicimad-station-460","geometry":{"type":"Point","coordinates":[-3.70392,40.48194]},"properties":{"kind":"station","mode":"bicimad","id":"594","name":"Pedro Rico, 49","routes":"","route_keys":"||","capacity":24,"address":"Calle Pedro Rico, 49","status":"In service","color":"#008F95","source_date":"2026-02-14"}},{"type":"Feature","id":"bicimad-station-461","geometry":{"type":"Point","coordinates":[-3.71322,40.48179]},"properties":{"kind":"station","mode":"bicimad","id":"595","name":"Betanzos - Fermín Caballero","routes":"","route_keys":"||","capacity":24,"address":"Avenida de Betanzos, 68","status":"In service","color":"#008F95","source_date":"2026-02-14"}},{"type":"Feature","id":"bicimad-station-462","geometry":{"type":"Point","coordinates":[-3.723,40.48548]},"properties":{"kind":"station","mode":"bicimad","id":"596","name":"Metro Lacoma","routes":"","route_keys":"||","capacity":24,"address":"Calle del valle de pinares llanos, 36","status":"In service","color":"#008F95","source_date":"2026-02-14"}},{"type":"Feature","id":"bicimad-station-463","geometry":{"type":"Point","coordinates":[-3.66365,40.48456]},"properties":{"kind":"station","mode":"bicimad","id":"540","name":"Estación de tren Fuente de la Mora","routes":"","route_keys":"||","capacity":24,"address":"Calle Dulce Chacón, S/N ","status":"In service","color":"#008F95","source_date":"2026-02-14"}},{"type":"Feature","id":"bicimad-station-464","geometry":{"type":"Point","coordinates":[-3.77915,40.3785]},"properties":{"kind":"station","mode":"bicimad","id":"336","name":"Calle Oliva de Plasencia, 1","routes":"","route_keys":"||","capacity":24,"address":"Calle Oliva de Plasencia, 1","status":"In service","color":"#008F95","source_date":"2026-02-14"}},{"type":"Feature","id":"bicimad-station-465","geometry":{"type":"Point","coordinates":[-3.76049,40.38614]},"properties":{"kind":"station","mode":"bicimad","id":"337","name":"Metro Aluche","routes":"","route_keys":"||","capacity":18,"address":"Calle Valmojado, 295","status":"In service","color":"#008F95","source_date":"2026-02-14"}},{"type":"Feature","id":"bicimad-station-466","geometry":{"type":"Point","coordinates":[-3.76534,40.38636]},"properties":{"kind":"station","mode":"bicimad","id":"338","name":"Guareña - Luis Chamizo","routes":"","route_keys":"||","capacity":18,"address":"Calle Guareña, 22 ","status":"In service","color":"#008F95","source_date":"2026-02-14"}},{"type":"Feature","id":"bicimad-station-467","geometry":{"type":"Point","coordinates":[-3.78062,40.38133]},"properties":{"kind":"station","mode":"bicimad","id":"339","name":"Estación de tren Las Águilas","routes":"","route_keys":"||","capacity":24,"address":"Avenida de las Aguilas , 110","status":"In service","color":"#008F95","source_date":"2026-02-14"}},{"type":"Feature","id":"bicimad-station-468","geometry":{"type":"Point","coordinates":[-3.66778,40.49853]},"properties":{"kind":"station","mode":"bicimad","id":"597","name":"Foresta, 8","routes":"","route_keys":"||","capacity":23,"address":"Calle de la Foresta nº8","status":"In service","color":"#008F95","source_date":"2026-02-14"}},{"type":"Feature","id":"bicimad-station-469","geometry":{"type":"Point","coordinates":[-3.60504,40.36335]},"properties":{"kind":"station","mode":"bicimad","id":"445","name":"C. Deportivo Mpal. Juan de Dios Román","routes":"","route_keys":"||","capacity":27,"address":"Calle José Gutiérrez Maroto, 36 ","status":"In service","color":"#008F95","source_date":"2026-02-14"}},{"type":"Feature","id":"bicimad-station-470","geometry":{"type":"Point","coordinates":[-3.7192,40.47223]},"properties":{"kind":"station","mode":"bicimad","id":"599","name":"Instalación Deportiva La Cabrera","routes":"","route_keys":"||","capacity":27,"address":"Calle La Cabrera, sn","status":"In service","color":"#008F95","source_date":"2026-02-14"}},{"type":"Feature","id":"bicimad-station-471","geometry":{"type":"Point","coordinates":[-3.78339,40.38359]},"properties":{"kind":"station","mode":"bicimad","id":"343","name":"Metro Aviación Española","routes":"","route_keys":"||","capacity":23,"address":"Calle Fuente de Lima, 10","status":"In service","color":"#008F95","source_date":"2026-02-14"}},{"type":"Feature","id":"bicimad-station-472","geometry":{"type":"Point","coordinates":[-3.75292,40.38586]},"properties":{"kind":"station","mode":"bicimad","id":"344","name":"Ocaña, 103","routes":"","route_keys":"||","capacity":23,"address":"Calle Ocaña, 103","status":"In service","color":"#008F95","source_date":"2026-02-14"}},{"type":"Feature","id":"bicimad-station-473","geometry":{"type":"Point","coordinates":[-3.71694,40.44808]},"properties":{"kind":"station","mode":"bicimad","id":"313","name":"Juan XXIII, 24","routes":"","route_keys":"||","capacity":27,"address":"Paseo de Juan XXIII, 24","status":"In service","color":"#008F95","source_date":"2026-02-14"}},{"type":"Feature","id":"bicimad-station-474","geometry":{"type":"Point","coordinates":[-3.73068,40.42966]},"properties":{"kind":"station","mode":"bicimad","id":"314","name":"Av. Valladolid - Parque de la Bombilla","routes":"","route_keys":"||","capacity":27,"address":"Avenida Valladolid, 47D ","status":"In service","color":"#008F95","source_date":"2026-02-14"}},{"type":"Feature","id":"bicimad-station-475","geometry":{"type":"Point","coordinates":[-3.78463,40.45862]},"properties":{"kind":"station","mode":"bicimad","id":"315","name":"Caroli","routes":"","route_keys":"||","capacity":23,"address":"Calle de Caroli, 10","status":"In service","color":"#008F95","source_date":"2026-02-14"}},{"type":"Feature","id":"bicimad-station-476","geometry":{"type":"Point","coordinates":[-3.71995,40.4644]},"properties":{"kind":"station","mode":"bicimad","id":"316","name":"C. Deportivo Mpal. Ciudad De Los Poetas","routes":"","route_keys":"||","capacity":19,"address":"Calle Antonio Machado, s/n ","status":"In service","color":"#008F95","source_date":"2026-02-14"}},{"type":"Feature","id":"bicimad-station-477","geometry":{"type":"Point","coordinates":[-3.71922,40.46827]},"properties":{"kind":"station","mode":"bicimad","id":"317","name":"Antonio Machado, 30","routes":"","route_keys":"||","capacity":27,"address":"Calle Antonio Machado, 30","status":"In service","color":"#008F95","source_date":"2026-02-14"}},{"type":"Feature","id":"bicimad-station-478","geometry":{"type":"Point","coordinates":[-3.7798,40.38309]},"properties":{"kind":"station","mode":"bicimad","id":"345","name":"Fuente del Tiro - Avd. de las Águilas","routes":"","route_keys":"||","capacity":24,"address":"Calle Fuente del Tiro, 72 ","status":"In service","color":"#008F95","source_date":"2026-02-14"}},{"type":"Feature","id":"bicimad-station-479","geometry":{"type":"Point","coordinates":[-3.61869,40.37287]},"properties":{"kind":"station","mode":"bicimad","id":"449","name":"Metro Congosto","routes":"","route_keys":"||","capacity":24,"address":"Calle del Pico Chilegua, 3","status":"In service","color":"#008F95","source_date":"2026-02-14"}},{"type":"Feature","id":"bicimad-station-480","geometry":{"type":"Point","coordinates":[-3.63708,40.37626]},"properties":{"kind":"station","mode":"bicimad","id":"450","name":"Camino de las Hormigueras, 161","routes":"","route_keys":"||","capacity":24,"address":"Calle Camino de las Hormigueras, 161","status":"In service","color":"#008F95","source_date":"2026-02-14"}},{"type":"Feature","id":"bicimad-station-481","geometry":{"type":"Point","coordinates":[-3.67234,40.44094]},"properties":{"kind":"station","mode":"bicimad","id":"294","name":"Edificio Torres Blancas","routes":"","route_keys":"||","capacity":24,"address":"Calle Clara del Rey, 17 ","status":"In service","color":"#008F95","source_date":"2026-02-14"}},{"type":"Feature","id":"bicimad-station-482","geometry":{"type":"Point","coordinates":[-3.66955,40.5091]},"properties":{"kind":"station","mode":"bicimad","id":"604","name":"Metro Las Tablas","routes":"","route_keys":"||","capacity":23,"address":"Avenida del Camino de Santiago, 4","status":"In service","color":"#008F95","source_date":"2026-02-14"}},{"type":"Feature","id":"bicimad-station-483","geometry":{"type":"Point","coordinates":[-3.77025,40.37959]},"properties":{"kind":"station","mode":"bicimad","id":"348","name":"José de Cadalso - Rafael Finat","routes":"","route_keys":"||","capacity":27,"address":"Calle José de cadalso, 62 ","status":"In service","color":"#008F95","source_date":"2026-02-14"}},{"type":"Feature","id":"bicimad-station-484","geometry":{"type":"Point","coordinates":[-3.61406,40.38045]},"properties":{"kind":"station","mode":"bicimad","id":"438","name":"Biblioteca Pública Luis Martín Santos","routes":"","route_keys":"||","capacity":27,"address":"Calle Enrique Garcia Alvarez, 5","status":"In service","color":"#008F95","source_date":"2026-02-14"}},{"type":"Feature","id":"bicimad-station-485","geometry":{"type":"Point","coordinates":[-3.62283,40.36813]},"properties":{"kind":"station","mode":"bicimad","id":"451","name":"La Granja de San Ildefonso, 14","routes":"","route_keys":"||","capacity":27,"address":"Calle Granja de San Idelfonso, 14 ","status":"In service","color":"#008F95","source_date":"2026-02-14"}},{"type":"Feature","id":"bicimad-station-486","geometry":{"type":"Point","coordinates":[-3.60785,40.37136]},"properties":{"kind":"station","mode":"bicimad","id":"452","name":"Las Suertes, 15","routes":"","route_keys":"||","capacity":23,"address":"Avenida de Las Suertes, 15","status":"In service","color":"#008F95","source_date":"2026-02-14"}},{"type":"Feature","id":"bicimad-station-487","geometry":{"type":"Point","coordinates":[-3.61253,40.37044]},"properties":{"kind":"station","mode":"bicimad","id":"453","name":"Metro La Gavia","routes":"","route_keys":"||","capacity":27,"address":"Avenida del Ensanche de Vallecas, 9","status":"In service","color":"#008F95","source_date":"2026-02-14"}},{"type":"Feature","id":"bicimad-station-488","geometry":{"type":"Point","coordinates":[-3.5897,40.36316]},"properties":{"kind":"station","mode":"bicimad","id":"454","name":"Gran Vía del Sureste - Las Suertes","routes":"","route_keys":"||","capacity":27,"address":"Calle Gran Via del Sureste, 22","status":"In service","color":"#008F95","source_date":"2026-02-14"}},{"type":"Feature","id":"bicimad-station-489","geometry":{"type":"Point","coordinates":[-3.7004,40.395]},"properties":{"kind":"station","mode":"bicimad","id":"267","name":"Paseo de la Chopera - Fernando Poo","routes":"","route_keys":"||","capacity":23,"address":"Paseo de la Chopera 31 ","status":"In service","color":"#008F95","source_date":"2026-02-14"}},{"type":"Feature","id":"bicimad-station-490","geometry":{"type":"Point","coordinates":[-3.70609,40.48329]},"properties":{"kind":"station","mode":"bicimad","id":"580","name":"Metro Herrera Oria","routes":"","route_keys":"||","capacity":23,"address":"c/ Ginzo de Limia, 47","status":"In service","color":"#008F95","source_date":"2026-02-14"}},{"type":"Feature","id":"bicimad-station-491","geometry":{"type":"Point","coordinates":[-3.6908,40.4491]},"properties":{"kind":"station","mode":"bicimad","id":"150","name":"Castellana - Hermanos Pinzón","routes":"","route_keys":"||","capacity":23,"address":"Paseo de la castellana, 124 ","status":"In service","color":"#008F95","source_date":"2026-02-14"}},{"type":"Feature","id":"bicimad-station-492","geometry":{"type":"Point","coordinates":[-3.68942,40.45914]},"properties":{"kind":"station","mode":"bicimad","id":"157","name":"Plaza de Cuzco","routes":"","route_keys":"||","capacity":23,"address":"Paseo de la Castellana 164 ","status":"In service","color":"#008F95","source_date":"2026-02-14"}},{"type":"Feature","id":"bicimad-station-493","geometry":{"type":"Point","coordinates":[-3.71569,40.36917]},"properties":{"kind":"station","mode":"bicimad","id":"395","name":"Guetaria, 84B","routes":"","route_keys":"||","capacity":24,"address":"Calle Guetaria, 84B","status":"In service","color":"#008F95","source_date":"2026-02-14"}},{"type":"Feature","id":"bicimad-station-494","geometry":{"type":"Point","coordinates":[-3.61542,40.45215]},"properties":{"kind":"station","mode":"bicimad","id":"548","name":"Eduardo Mazón - Guadalajara","routes":"","route_keys":"||","capacity":23,"address":"Calle Eduardo Mazón, 1 ","status":"In service","color":"#008F95","source_date":"2026-02-14"}},{"type":"Feature","id":"bicimad-station-495","geometry":{"type":"Point","coordinates":[-3.66829,40.44579]},"properties":{"kind":"station","mode":"bicimad","id":"293","name":"Santa Rita - Clara del Rey","routes":"","route_keys":"||","capacity":23,"address":"Calle Santa Rita, 1 ","status":"In service","color":"#008F95","source_date":"2026-02-14"}},{"type":"Feature","id":"bicimad-station-496","geometry":{"type":"Point","coordinates":[-3.60812,40.43428]},"properties":{"kind":"station","mode":"bicimad","id":"520","name":"Niza - Plaza de Grecia","routes":"","route_keys":"||","capacity":23,"address":"Av/ de Niza, 67 ","status":"In service","color":"#008F95","source_date":"2026-02-14"}},{"type":"Feature","id":"bicimad-station-497","geometry":{"type":"Point","coordinates":[-3.59371,40.46114]},"properties":{"kind":"station","mode":"bicimad","id":"558","name":"Biblioteca Pública Mpal. Gloria Fuertes","routes":"","route_keys":"||","capacity":23,"address":"CalleBahía de Cádiz (cruce con Avenida Logroño) ","status":"In service","color":"#008F95","source_date":"2026-02-14"}},{"type":"Feature","id":"bicimad-station-498","geometry":{"type":"Point","coordinates":[-3.58575,40.47205]},"properties":{"kind":"station","mode":"bicimad","id":"561","name":"Plaza Nuestra Señora de Loreto","routes":"","route_keys":"||","capacity":23,"address":"Calle Cristo del Gran Poder (cruce con calle Alas) ","status":"In service","color":"#008F95","source_date":"2026-02-14"}},{"type":"Feature","id":"bicimad-station-499","geometry":{"type":"Point","coordinates":[-3.58406,40.46267]},"properties":{"kind":"station","mode":"bicimad","id":"562","name":"Tomillar - Tintín y Milú","routes":"","route_keys":"||","capacity":27,"address":"Calle Tomillar, 18 ","status":"In service","color":"#008F95","source_date":"2026-02-14"}},{"type":"Feature","id":"bicimad-station-500","geometry":{"type":"Point","coordinates":[-3.59068,40.47314]},"properties":{"kind":"station","mode":"bicimad","id":"560","name":"Playa de Zarauz - Playa de la Caleta","routes":"","route_keys":"||","capacity":23,"address":"Calle playa de Zarauz (esquina con Playa de Caleta) ","status":"In service","color":"#008F95","source_date":"2026-02-14"}},{"type":"Feature","id":"bicimad-station-501","geometry":{"type":"Point","coordinates":[-3.61783,40.46328]},"properties":{"kind":"station","mode":"bicimad","id":"568","name":"IFEMA A","routes":"","route_keys":"||","capacity":27,"address":"Avenida del Partenón, 6 ","status":"In service","color":"#008F95","source_date":"2026-02-14"}},{"type":"Feature","id":"bicimad-station-502","geometry":{"type":"Point","coordinates":[-3.7129,40.34493]},"properties":{"kind":"station","mode":"bicimad","id":"405","name":"Paseo Alberto Palacios, 42","routes":"","route_keys":"||","capacity":23,"address":"Paseo Alberto Palacios, 42","status":"In service","color":"#008F95","source_date":"2026-02-14"}},{"type":"Feature","id":"bicimad-station-503","geometry":{"type":"Point","coordinates":[-3.68313,40.35329]},"properties":{"kind":"station","mode":"bicimad","id":"401","name":"Estación de tren de Villaverde Bajo","routes":"","route_keys":"||","capacity":27,"address":"Calle Eduardo Maristany, 7","status":"In service","color":"#008F95","source_date":"2026-02-14"}},{"type":"Feature","id":"bicimad-station-504","geometry":{"type":"Point","coordinates":[-3.69608,40.3486]},"properties":{"kind":"station","mode":"bicimad","id":"406","name":"La Nave de Madrid","routes":"","route_keys":"||","capacity":23,"address":"Calle Cifuentes, 5","status":"In service","color":"#008F95","source_date":"2026-02-14"}},{"type":"Feature","id":"bicimad-station-505","geometry":{"type":"Point","coordinates":[-3.67752,40.35049]},"properties":{"kind":"station","mode":"bicimad","id":"403","name":"Auñón, 16","routes":"","route_keys":"||","capacity":23,"address":"Calle Auñón, 16","status":"In service","color":"#008F95","source_date":"2026-02-14"}},{"type":"Feature","id":"bicimad-station-506","geometry":{"type":"Point","coordinates":[-3.71857,40.40178]},"properties":{"kind":"station","mode":"bicimad","id":"280","name":"Ps de los Melancólicos - San Epifanio","routes":"","route_keys":"||","capacity":23,"address":"Paseo de los Melancólicos, 73 ","status":"In service","color":"#008F95","source_date":"2026-02-14"}},{"type":"Feature","id":"bicimad-station-507","geometry":{"type":"Point","coordinates":[-3.73984,40.37397]},"properties":{"kind":"station","mode":"bicimad","id":"367","name":"Metro San Francisco","routes":"","route_keys":"||","capacity":23,"address":"Calle Albox, 35 ","status":"In service","color":"#008F95","source_date":"2026-02-14"}},{"type":"Feature","id":"bicimad-station-508","geometry":{"type":"Point","coordinates":[-3.73055,40.41069]},"properties":{"kind":"station","mode":"bicimad","id":"325","name":"Ps. Jesuitas - Pza. Cerro Bermejo","routes":"","route_keys":"||","capacity":23,"address":"Paseo de los Jesuitas, 4 ","status":"In service","color":"#008F95","source_date":"2026-02-14"}},{"type":"Feature","id":"bicimad-station-509","geometry":{"type":"Point","coordinates":[-3.67042,40.50293]},"properties":{"kind":"station","mode":"bicimad","id":"578","name":"Sierra de Atapuerca - Viloria de Rioja","routes":"","route_keys":"||","capacity":23,"address":"Calle Sierra de Atapuerca, 19","status":"In service","color":"#008F95","source_date":"2026-02-14"}},{"type":"Feature","id":"bicimad-station-510","geometry":{"type":"Point","coordinates":[-3.62363,40.37383]},"properties":{"kind":"station","mode":"bicimad","id":"446","name":"C. Deportivo Mpal. Miguel Guillén Prim","routes":"","route_keys":"||","capacity":23,"address":"Calle Puerto de Porzuna, 34","status":"In service","color":"#008F95","source_date":"2026-02-14"}},{"type":"Feature","id":"bicimad-station-511","geometry":{"type":"Point","coordinates":[-3.75458,40.37835]},"properties":{"kind":"station","mode":"bicimad","id":"382","name":"Parque Eugenia de Montijo, 2","routes":"","route_keys":"||","capacity":24,"address":"Parque Eugenia de Montijo, 2","status":"In service","color":"#008F95","source_date":"2026-02-14"}},{"type":"Feature","id":"bicimad-station-512","geometry":{"type":"Point","coordinates":[-3.69927,40.33255]},"properties":{"kind":"station","mode":"bicimad","id":"410","name":"Est. de tren de S. Cristóbal Industrial","routes":"","route_keys":"||","capacity":24,"address":"Calle transversal sexta (enfrente del colegio Villamadrid)","status":"In service","color":"#008F95","source_date":"2026-02-14"}},{"type":"Feature","id":"bicimad-station-513","geometry":{"type":"Point","coordinates":[-3.71667,40.46842]},"properties":{"kind":"station","mode":"bicimad","id":"319","name":"Valdesangil","routes":"","route_keys":"||","capacity":24,"address":"Calle Valdesangil, 34 ","status":"In service","color":"#008F95","source_date":"2026-02-14"}},{"type":"Feature","id":"bicimad-station-514","geometry":{"type":"Point","coordinates":[-3.6717,40.51399]},"properties":{"kind":"station","mode":"bicimad","id":"579","name":"Maria Tubau - Isabel Colbrand","routes":"","route_keys":"||","capacity":24,"address":"Calle María Tubau, 3 ","status":"In service","color":"#008F95","source_date":"2026-02-14"}},{"type":"Feature","id":"bicimad-station-515","geometry":{"type":"Point","coordinates":[-3.69284,40.50932]},"properties":{"kind":"station","mode":"bicimad","id":"602","name":"Monasterio Sobrado - Monasterio Silos","routes":"","route_keys":"||","capacity":24,"address":"Calle del Monasterio de Sobrado, nº6","status":"In service","color":"#008F95","source_date":"2026-02-14"}},{"type":"Feature","id":"bicimad-station-516","geometry":{"type":"Point","coordinates":[-3.71496,40.48255]},"properties":{"kind":"station","mode":"bicimad","id":"600","name":"Centro Deportivo Municipal La Masó","routes":"","route_keys":"||","capacity":24,"address":"Calle Ubeda esquina Plaza Virgen de la capilla ","status":"In service","color":"#008F95","source_date":"2026-02-14"}},{"type":"Feature","id":"bicimad-station-517","geometry":{"type":"Point","coordinates":[-3.5815,40.47035]},"properties":{"kind":"station","mode":"bicimad","id":"566","name":"Avenida de Logroño","routes":"","route_keys":"||","capacity":24,"address":"Avenida de Logroño, 112 ","status":"In service","color":"#008F95","source_date":"2026-02-14"}},{"type":"Feature","id":"bicimad-station-518","geometry":{"type":"Point","coordinates":[-3.58389,40.47564]},"properties":{"kind":"station","mode":"bicimad","id":"565","name":"Metro Barajas","routes":"","route_keys":"||","capacity":24,"address":"Calle Playa de Riazor, 65 ","status":"In service","color":"#008F95","source_date":"2026-02-14"}},{"type":"Feature","id":"bicimad-station-519","geometry":{"type":"Point","coordinates":[-3.60849,40.40624]},"properties":{"kind":"station","mode":"bicimad","id":"467","name":"Univ. Rey Juan Carlos - Facultad  CJS","routes":"","route_keys":"||","capacity":24,"address":"467 -  Calle Villardondiego  nº32","status":"In service","color":"#008F95","source_date":"2026-02-14"}},{"type":"Feature","id":"bicimad-station-520","geometry":{"type":"Point","coordinates":[-3.62299,40.40343]},"properties":{"kind":"station","mode":"bicimad","id":"469","name":"C. Deportivo Mpal Faustina Valladolid","routes":"","route_keys":"||","capacity":24,"address":"469 - Ladera de los Almendros, 6","status":"In service","color":"#008F95","source_date":"2026-02-14"}},{"type":"Feature","id":"bicimad-station-521","geometry":{"type":"Point","coordinates":[-3.60637,40.40215]},"properties":{"kind":"station","mode":"bicimad","id":"470","name":"Avenida Real - Galeote","routes":"","route_keys":"||","capacity":18,"address":"Avenida Real, 3","status":"In service","color":"#008F95","source_date":"2026-02-14"}},{"type":"Feature","id":"bicimad-station-522","geometry":{"type":"Point","coordinates":[-3.60666,40.3963]},"properties":{"kind":"station","mode":"bicimad","id":"471","name":"Molino Viejo - Minerva","routes":"","route_keys":"||","capacity":18,"address":"Calle Molino Viejo frente , 14","status":"In service","color":"#008F95","source_date":"2026-02-14"}},{"type":"Feature","id":"bicimad-station-523","geometry":{"type":"Point","coordinates":[-3.68317,40.39471]},"properties":{"kind":"station","mode":"bicimad","id":"271","name":"Amaltea-Meneses","routes":"","route_keys":"||","capacity":24,"address":"Calle Amaltea, 1 ","status":"In service","color":"#008F95","source_date":"2026-02-14"}},{"type":"Feature","id":"bicimad-station-524","geometry":{"type":"Point","coordinates":[-3.60783,40.40895]},"properties":{"kind":"station","mode":"bicimad","id":"466","name":"Villablanca - Vereda del Pinar","routes":"","route_keys":"||","capacity":23,"address":"Calle Villablanca 7","status":"In service","color":"#008F95","source_date":"2026-02-14"}},{"type":"Feature","id":"bicimad-station-525","geometry":{"type":"Point","coordinates":[-3.70821,40.40205]},"properties":{"kind":"station","mode":"bicimad","id":"275","name":"Juan Antonio Vallejo-Nájera Botas, 25","routes":"","route_keys":"||","capacity":23,"address":"Paseo Juan Antonio Vallejo-Nájera Botas, 25 ","status":"In service","color":"#008F95","source_date":"2026-02-14"}},{"type":"Feature","id":"bicimad-station-526","geometry":{"type":"Point","coordinates":[-3.60367,40.39924]},"properties":{"kind":"station","mode":"bicimad","id":"475","name":"Aurora Boreal - Minerva","routes":"","route_keys":"||","capacity":23,"address":" Avenida de la Aurora Boreal, 19","status":"In service","color":"#008F95","source_date":"2026-02-14"}},{"type":"Feature","id":"bicimad-station-527","geometry":{"type":"Point","coordinates":[-3.68134,40.39676]},"properties":{"kind":"station","mode":"bicimad","id":"274","name":"Estación Sur Méndez Álvaro A","routes":"","route_keys":"||","capacity":23,"address":"Calle Méndez Álvaro, 73 ","status":"In service","color":"#008F95","source_date":"2026-02-14"}},{"type":"Feature","id":"bicimad-station-528","geometry":{"type":"Point","coordinates":[-3.70488,40.49164]},"properties":{"kind":"station","mode":"bicimad","id":"605","name":"Nuria - Peña Sirio","routes":"","route_keys":"||","capacity":24,"address":"Calle Nuria nº24","status":"In service","color":"#008F95","source_date":"2026-02-14"}},{"type":"Feature","id":"bicimad-station-529","geometry":{"type":"Point","coordinates":[-3.60098,40.43333]},"properties":{"kind":"station","mode":"bicimad","id":"522","name":"Metro Estadio Metropolitano","routes":"","route_keys":"||","capacity":24,"address":"Avenida Arcentales (frente Estadio Metropolitano)","status":"In service","color":"#008F95","source_date":"2026-02-14"}},{"type":"Feature","id":"bicimad-station-530","geometry":{"type":"Point","coordinates":[-3.60482,40.42389]},"properties":{"kind":"station","mode":"bicimad","id":"521","name":"Metro Las Rosas","routes":"","route_keys":"||","capacity":24,"address":"Calle Ginebra (esquina con Suecia)","status":"In service","color":"#008F95","source_date":"2026-02-14"}},{"type":"Feature","id":"bicimad-station-531","geometry":{"type":"Point","coordinates":[-3.60955,40.4491]},"properties":{"kind":"station","mode":"bicimad","id":"508","name":"Metro Canillejas","routes":"","route_keys":"||","capacity":24,"address":"Intercambiador de Canillejas","status":"In service","color":"#008F95","source_date":"2026-02-14"}},{"type":"Feature","id":"bicimad-station-532","geometry":{"type":"Point","coordinates":[-3.69054,40.40757]},"properties":{"kind":"station","mode":"bicimad","id":"80A","name":"80A - Estación de Atocha A","routes":"","route_keys":"||","capacity":23,"address":"Avenida Ciudad de Barcelona (esquina con Plaza de Carlos V)","status":"In service","color":"#008F95","source_date":"2026-02-14"}},{"type":"Feature","id":"bicimad-station-533","geometry":{"type":"Point","coordinates":[-3.69047,40.40752]},"properties":{"kind":"station","mode":"bicimad","id":"80B","name":"80B - Estación de Atocha B","routes":"","route_keys":"||","capacity":27,"address":"Avenida Ciudad de Barcelona (esquina con Plaza de Carlos V)","status":"In service","color":"#008F95","source_date":"2026-02-14"}},{"type":"Feature","id":"bicimad-station-534","geometry":{"type":"Point","coordinates":[-3.59819,40.36685]},"properties":{"kind":"station","mode":"bicimad","id":"447","name":"Adolfo Bioy Casares - Las Suertes","routes":"","route_keys":"||","capacity":27,"address":"Calle Adolfo Bioy Casares, 3 ","status":"In service","color":"#008F95","source_date":"2026-02-14"}},{"type":"Feature","id":"bicimad-station-535","geometry":{"type":"Point","coordinates":[-3.70431,40.35003]},"properties":{"kind":"station","mode":"bicimad","id":"412","name":"Estación de tren de Puente de Alcocer","routes":"","route_keys":"||","capacity":24,"address":"Calle San Jenaro, 1","status":"In service","color":"#008F95","source_date":"2026-02-14"}},{"type":"Feature","id":"bicimad-station-536","geometry":{"type":"Point","coordinates":[-3.68775,40.35326]},"properties":{"kind":"station","mode":"bicimad","id":"415","name":"Diamante - Delmira Agustini","routes":"","route_keys":"||","capacity":24,"address":"Calle Diamante, 10 ","status":"In service","color":"#008F95","source_date":"2026-02-14"}},{"type":"Feature","id":"bicimad-station-537","geometry":{"type":"Point","coordinates":[-3.70741,40.34593]},"properties":{"kind":"station","mode":"bicimad","id":"413","name":"Doctor Martín Arévalo","routes":"","route_keys":"||","capacity":24,"address":"Calle Doctor Martín Arévalo enfrente del N°16 ","status":"In service","color":"#008F95","source_date":"2026-02-14"}},{"type":"Feature","id":"bicimad-station-538","geometry":{"type":"Point","coordinates":[-3.63336,40.47285]},"properties":{"kind":"station","mode":"bicimad","id":"545","name":"Zapatoca, 8","routes":"","route_keys":"||","capacity":23,"address":"Calle Zapatoca, 8","status":"In service","color":"#008F95","source_date":"2026-02-14"}},{"type":"Feature","id":"bicimad-station-539","geometry":{"type":"Point","coordinates":[-3.57765,40.47333]},"properties":{"kind":"station","mode":"bicimad","id":"567","name":"Plaza Mayor de Barajas","routes":"","route_keys":"||","capacity":24,"address":"Plaza Mayor de Barajas, 24","status":"In service","color":"#008F95","source_date":"2026-02-14"}},{"type":"Feature","id":"bicimad-station-540","geometry":{"type":"Point","coordinates":[-3.58207,40.46065]},"properties":{"kind":"station","mode":"bicimad","id":"563","name":"Soto Hidalgo","routes":"","route_keys":"||","capacity":27,"address":"Calle soto Hidalgo, 3 ","status":"In service","color":"#008F95","source_date":"2026-02-14"}},{"type":"Feature","id":"bicimad-station-541","geometry":{"type":"Point","coordinates":[-3.68319,40.40672]},"properties":{"kind":"station","mode":"bicimad","id":"281","name":"Reina Cristina - Julián Gayarre","routes":"","route_keys":"||","capacity":23,"address":"Paseo de Reina Cristina, 6 ","status":"In service","color":"#008F95","source_date":"2026-02-14"}},{"type":"Feature","id":"bicimad-station-542","geometry":{"type":"Point","coordinates":[-3.66269,40.51572]},"properties":{"kind":"station","mode":"bicimad","id":"609","name":"Metro Ronda de la Comunicación","routes":"","route_keys":"||","capacity":23,"address":"Ronda de la Comunicación, s/n","status":"In service","color":"#008F95","source_date":"2026-02-14"}},{"type":"Feature","id":"bicimad-station-543","geometry":{"type":"Point","coordinates":[-3.69244,40.34173]},"properties":{"kind":"station","mode":"bicimad","id":"408","name":"Metro San Cristóbal","routes":"","route_keys":"||","capacity":23,"address":"Calle de Moncada, 102 ","status":"In service","color":"#008F95","source_date":"2026-02-14"}},{"type":"Feature","id":"bicimad-station-544","geometry":{"type":"Point","coordinates":[-3.70464,40.35535]},"properties":{"kind":"station","mode":"bicimad","id":"409","name":"Eduardo Barreiros, 114","routes":"","route_keys":"||","capacity":23,"address":"Calle Eduardo Barreiros, 114","status":"In service","color":"#008F95","source_date":"2026-02-14"}},{"type":"Feature","id":"bicimad-station-545","geometry":{"type":"Point","coordinates":[-3.69848,40.48736]},"properties":{"kind":"station","mode":"bicimad","id":"606","name":"Fermín Caballero - Sangenjo","routes":"","route_keys":"||","capacity":23,"address":"Calle Fermín Caballero 2","status":"In service","color":"#008F95","source_date":"2026-02-14"}},{"type":"Feature","id":"bicimad-station-546","geometry":{"type":"Point","coordinates":[-3.74202,40.40622]},"properties":{"kind":"station","mode":"bicimad","id":"349","name":"Huerta de Castañeda 26","routes":"","route_keys":"||","capacity":24,"address":"Calle Huerta de Castañeda, 26 ","status":"In service","color":"#008F95","source_date":"2026-02-14"}},{"type":"Feature","id":"bicimad-station-547","geometry":{"type":"Point","coordinates":[-3.63657,40.47725]},"properties":{"kind":"station","mode":"bicimad","id":"544","name":"Gregorio Sánchez Herráez 14","routes":"","route_keys":"||","capacity":23,"address":"calle Gregorio Sánchez Herráez 14","status":"In service","color":"#008F95","source_date":"2026-02-14"}},{"type":"Feature","id":"bicimad-station-548","geometry":{"type":"Point","coordinates":[-3.66586,40.48919]},"properties":{"kind":"station","mode":"bicimad","id":"551","name":"Oña","routes":"","route_keys":"||","capacity":23,"address":"Calle Oña s/n","status":"In service","color":"#008F95","source_date":"2026-02-14"}},{"type":"Feature","id":"bicimad-station-549","geometry":{"type":"Point","coordinates":[-3.65315,40.49944]},"properties":{"kind":"station","mode":"bicimad","id":"552","name":"Ana de Austria - Ignacio Aldecoa","routes":"","route_keys":"||","capacity":27,"address":"Calle Ana de Austria, 52 ","status":"In service","color":"#008F95","source_date":"2026-02-14"}},{"type":"Feature","id":"bicimad-station-550","geometry":{"type":"Point","coordinates":[-3.61571,40.48396]},"properties":{"kind":"station","mode":"bicimad","id":"542","name":"Intercambiador de Valdebebas","routes":"","route_keys":"||","capacity":23,"address":"Calle de Juan Antonio Samaranch s/n","status":"In service","color":"#008F95","source_date":"2026-02-14"}},{"type":"Feature","id":"bicimad-station-551","geometry":{"type":"Point","coordinates":[-3.73452,40.41678]},"properties":{"kind":"station","mode":"bicimad","id":"320","name":"Metro Lago","routes":"","route_keys":"||","capacity":19,"address":"Paseo de la Puerta del Ángel, 10 ","status":"In service","color":"#008F95","source_date":"2026-02-14"}},{"type":"Feature","id":"bicimad-station-552","geometry":{"type":"Point","coordinates":[-3.67436,40.49682]},"properties":{"kind":"station","mode":"bicimad","id":"608","name":"Estella - Camino de Santiago","routes":"","route_keys":"||","capacity":23,"address":"Calle Estella, 21","status":"In service","color":"#008F95","source_date":"2026-02-14"}},{"type":"Feature","id":"bicimad-station-553","geometry":{"type":"Point","coordinates":[-3.7196,40.40404]},"properties":{"kind":"station","mode":"bicimad","id":"278","name":"Paseo los Pontones - Ps. Melancólicos","routes":"","route_keys":"||","capacity":23,"address":"Paseo de los Pontones, 26 ","status":"In service","color":"#008F95","source_date":"2026-02-14"}},{"type":"Feature","id":"bicimad-station-554","geometry":{"type":"Point","coordinates":[-3.66493,40.44742]},"properties":{"kind":"station","mode":"bicimad","id":"289","name":"Luis de Salazar - Padre Claret","routes":"","route_keys":"||","capacity":23,"address":"Calle luis de Salazar, 16 ","status":"In service","color":"#008F95","source_date":"2026-02-14"}},{"type":"Feature","id":"bicimad-station-555","geometry":{"type":"Point","coordinates":[-3.63122,40.47924]},"properties":{"kind":"station","mode":"bicimad","id":"547","name":"Rafaela Aparicio - Maruja Mallo","routes":"","route_keys":"||","capacity":27,"address":"Calle Rafaela Aparicio, 1 ","status":"In service","color":"#008F95","source_date":"2026-02-14"}},{"type":"Feature","id":"bicimad-station-556","geometry":{"type":"Point","coordinates":[-3.67615,40.34412]},"properties":{"kind":"station","mode":"bicimad","id":"402","name":"Berrocal, 9","routes":"","route_keys":"||","capacity":27,"address":"Calle de Berrocal, 9 ","status":"In service","color":"#008F95","source_date":"2026-02-14"}},{"type":"Feature","id":"bicimad-station-557","geometry":{"type":"Point","coordinates":[-3.62914,40.47178]},"properties":{"kind":"station","mode":"bicimad","id":"543","name":"Tomas Redondo","routes":"","route_keys":"||","capacity":23,"address":"Calle Tomás Redondo, 9 ","status":"In service","color":"#008F95","source_date":"2026-02-14"}},{"type":"Feature","id":"bicimad-station-558","geometry":{"type":"Point","coordinates":[-3.72118,40.41162]},"properties":{"kind":"station","mode":"bicimad","id":"277","name":"Virgen del Puerto","routes":"","route_keys":"||","capacity":15,"address":"Paseo Virgen del Puerto, 27 ","status":"In service","color":"#008F95","source_date":"2026-02-14"}},{"type":"Feature","id":"bicimad-station-559","geometry":{"type":"Point","coordinates":[-3.67919,40.39663]},"properties":{"kind":"station","mode":"bicimad","id":"272","name":"Tejo - Parque La Ronda","routes":"","route_keys":"||","capacity":23,"address":"Calle del Tejo, 22 ","status":"In service","color":"#008F95","source_date":"2026-02-14"}},{"type":"Feature","id":"bicimad-station-560","geometry":{"type":"Point","coordinates":[-3.67878,40.41813]},"properties":{"kind":"station","mode":"bicimad","id":"282","name":"Parque Retiro - Puerta Reina Mercedes","routes":"","route_keys":"||","capacity":23,"address":"Avenida Menéndez Pelayo enfrente del nº33 ","status":"In service","color":"#008F95","source_date":"2026-02-14"}},{"type":"Feature","id":"bicimad-station-561","geometry":{"type":"Point","coordinates":[-3.70541,40.41647]},"properties":{"kind":"station","mode":"bicimad","id":"1","name":"Metro Sol","routes":"","route_keys":"||","capacity":23,"address":"Calle Mayor , 6","status":"In service","color":"#008F95","source_date":"2026-02-14"}},{"type":"Feature","id":"bicimad-station-562","geometry":{"type":"Point","coordinates":[-3.71279,40.40834]},"properties":{"kind":"station","mode":"bicimad","id":"263","name":"Gran Vía de San Francisco","routes":"","route_keys":"||","capacity":23,"address":"Avenida Gran Vía de San Francisco, 6","status":"In service","color":"#008F95","source_date":"2026-02-14"}},{"type":"Feature","id":"bicimad-station-563","geometry":{"type":"Point","coordinates":[-3.58823,40.46753]},"properties":{"kind":"station","mode":"bicimad","id":"559","name":"Calle Babilonia, 19","routes":"","route_keys":"||","capacity":23,"address":" Calle Babilonia, 19","status":"In service","color":"#008F95","source_date":"2026-02-14"}},{"type":"Feature","id":"bicimad-station-564","geometry":{"type":"Point","coordinates":[-3.71631,40.47648]},"properties":{"kind":"station","mode":"bicimad","id":"581","name":"Metro Peñagrande","routes":"","route_keys":"||","capacity":24,"address":"Camino de Ganapanes, 32-40 ","status":"In service","color":"#008F95","source_date":"2026-02-14"}},{"type":"Feature","id":"bicimad-station-565","geometry":{"type":"Point","coordinates":[-3.69234,40.4858]},"properties":{"kind":"station","mode":"bicimad","id":"598","name":"Hospital Ramón y Cajal","routes":"","route_keys":"||","capacity":24,"address":"Calle San Modesto, 44","status":"In service","color":"#008F95","source_date":"2026-02-14"}},{"type":"Feature","id":"bicimad-station-566","geometry":{"type":"Point","coordinates":[-3.76182,40.39835]},"properties":{"kind":"station","mode":"bicimad","id":"341","name":"Escalona - Seseña","routes":"","route_keys":"||","capacity":27,"address":"Calle Escalona, 2","status":"In service","color":"#008F95","source_date":"2026-02-14"}},{"type":"Feature","id":"bicimad-station-567","geometry":{"type":"Point","coordinates":[-3.76648,40.39074]},"properties":{"kind":"station","mode":"bicimad","id":"346","name":"Metro Empalme","routes":"","route_keys":"||","capacity":24,"address":"Calle de Tembleque, 31 ","status":"In service","color":"#008F95","source_date":"2026-02-14"}},{"type":"Feature","id":"bicimad-station-568","geometry":{"type":"Point","coordinates":[-3.7686,40.38355]},"properties":{"kind":"station","mode":"bicimad","id":"347","name":"Est. tren Mtra Justa Freire-Poli Aluche","routes":"","route_keys":"||","capacity":24,"address":"Avenida de las Aguilas, 27 ","status":"In service","color":"#008F95","source_date":"2026-02-14"}},{"type":"Feature","id":"bicimad-station-569","geometry":{"type":"Point","coordinates":[-3.65737,40.44942]},"properties":{"kind":"station","mode":"bicimad","id":"528","name":"Albelda - Torrelaguna","routes":"","route_keys":"||","capacity":24,"address":"Calle Albelda, 6","status":"In service","color":"#008F95","source_date":"2026-02-14"}},{"type":"Feature","id":"bicimad-station-570","geometry":{"type":"Point","coordinates":[-3.75286,40.40775]},"properties":{"kind":"station","mode":"bicimad","id":"312","name":"Metro Batán","routes":"","route_keys":"||","capacity":27,"address":"Paseo de la Venta, 1","status":"In service","color":"#008F95","source_date":"2026-02-14"}},{"type":"Feature","id":"bicimad-station-571","geometry":{"type":"Point","coordinates":[-3.76105,40.40316]},"properties":{"kind":"station","mode":"bicimad","id":"321","name":"Metro Casa de Campo","routes":"","route_keys":"||","capacity":27,"address":"Carretera del zoo s/n (metro Casa de Campo) ","status":"In service","color":"#008F95","source_date":"2026-02-14"}},{"type":"Feature","id":"bicimad-station-572","geometry":{"type":"Point","coordinates":[-3.78455,40.44905]},"properties":{"kind":"station","mode":"bicimad","id":"310","name":"Estación de tren de Aravaca","routes":"","route_keys":"||","capacity":23,"address":"Calle Rosas de Aravaca, s/n ","status":"In service","color":"#008F95","source_date":"2026-02-14"}},{"type":"Feature","id":"bicimad-station-573","geometry":{"type":"Point","coordinates":[-3.73357,40.44855]},"properties":{"kind":"station","mode":"bicimad","id":"311","name":"C. Universitaria - F. Geografía e Histo","routes":"","route_keys":"||","capacity":27,"address":"Calle Profesor Aranguren, 1 ","status":"In service","color":"#008F95","source_date":"2026-02-14"}},{"type":"Feature","id":"bicimad-station-574","geometry":{"type":"Point","coordinates":[-3.69191,40.41521]},"properties":{"kind":"station","mode":"bicimad","id":"283","name":"Museo Nacional del Prado","routes":"","route_keys":"||","capacity":23,"address":"Calle Felipe IV, 5 ","status":"In service","color":"#008F95","source_date":"2026-02-14"}},{"type":"Feature","id":"bicimad-station-575","geometry":{"type":"Point","coordinates":[-3.61387,40.46386]},"properties":{"kind":"station","mode":"bicimad","id":"564","name":"IFEMA B","routes":"","route_keys":"||","capacity":23,"address":"Avenida Del Partenón, 18 ","status":"In service","color":"#008F95","source_date":"2026-02-14"}},{"type":"Feature","id":"bicimad-station-576","geometry":{"type":"Point","coordinates":[-3.60192,40.40347]},"properties":{"kind":"station","mode":"bicimad","id":"468","name":"Caños de San Pedro - San Cipriano","routes":"","route_keys":"||","capacity":23,"address":"Calle Caños de San Pedro, 12","status":"In service","color":"#008F95","source_date":"2026-02-14"}},{"type":"Feature","id":"bicimad-station-577","geometry":{"type":"Point","coordinates":[-3.61964,40.39738]},"properties":{"kind":"station","mode":"bicimad","id":"465","name":"Cordel de Pavones - Bulevar José Prat","routes":"","route_keys":"||","capacity":24,"address":"465 - Cordel de Pavones, 48","status":"In service","color":"#008F95","source_date":"2026-02-14"}},{"type":"Feature","id":"bicimad-station-578","geometry":{"type":"Point","coordinates":[-3.69216,40.35099]},"properties":{"kind":"station","mode":"bicimad","id":"414","name":"Metro Villaverde Bajo-Cruce","routes":"","route_keys":"||","capacity":24,"address":"Calle Santa Petronila, 7 ","status":"In service","color":"#008F95","source_date":"2026-02-14"}},{"type":"Feature","id":"bicimad-station-579","geometry":{"type":"Point","coordinates":[-3.73355,40.38943]},"properties":{"kind":"station","mode":"bicimad","id":"380","name":"Oca","routes":"","route_keys":"||","capacity":24,"address":"Calle de la Oca, 22 ","status":"In service","color":"#008F95","source_date":"2026-02-14"}},{"type":"Feature","id":"bicimad-station-580","geometry":{"type":"Point","coordinates":[-3.71182,40.34175]},"properties":{"kind":"station","mode":"bicimad","id":"411","name":"Estación de tren de Villaverde Alto","routes":"","route_keys":"||","capacity":18,"address":"Calle Domingo Párraga, 38 ","status":"In service","color":"#008F95","source_date":"2026-02-14"}},{"type":"Feature","id":"bicimad-station-581","geometry":{"type":"Point","coordinates":[-3.71605,40.39594]},"properties":{"kind":"station","mode":"bicimad","id":"354","name":"Jacinto Verdaguer - Lola de Membrives","routes":"","route_keys":"||","capacity":24,"address":"Calle Jacinto Verdaguer, 12 ","status":"In service","color":"#008F95","source_date":"2026-02-14"}},{"type":"Feature","id":"bicimad-station-582","geometry":{"type":"Point","coordinates":[-3.73703,40.43205]},"properties":{"kind":"station","mode":"bicimad","id":"318","name":"C. Deportivo Mpal. José María Cagigal","routes":"","route_keys":"||","capacity":24,"address":"Calle Santa Pola, 22 ","status":"In service","color":"#008F95","source_date":"2026-02-14"}},{"type":"Feature","id":"bicimad-station-583","geometry":{"type":"Point","coordinates":[-3.65035,40.48664]},"properties":{"kind":"station","mode":"bicimad","id":"549","name":"Francisco Pi y Maragall","routes":"","route_keys":"||","capacity":19,"address":"Avenida Francisco Pi y Margall, 29 ","status":"In service","color":"#008F95","source_date":"2026-02-14"}},{"type":"Feature","id":"bicimad-station-584","geometry":{"type":"Point","coordinates":[-3.71848,40.41044]},"properties":{"kind":"station","mode":"bicimad","id":"279","name":"Paseo de los Melancólicos, 1","routes":"","route_keys":"||","capacity":23,"address":"Paseo de los Melancólicos, 1 ","status":"In service","color":"#008F95","source_date":"2026-02-14"}},{"type":"Feature","id":"bicimad-station-585","geometry":{"type":"Point","coordinates":[-3.68479,40.35755]},"properties":{"kind":"station","mode":"bicimad","id":"407","name":"Carmen de Burgos, 4","routes":"","route_keys":"||","capacity":23,"address":"Calle Carmen de Burgos, 4","status":"In service","color":"#008F95","source_date":"2026-02-14"}},{"type":"Feature","id":"bicimad-station-586","geometry":{"type":"Point","coordinates":[-3.70992,40.39901]},"properties":{"kind":"station","mode":"bicimad","id":"276","name":"Paseo de las Yeserías, 15","routes":"","route_keys":"||","capacity":23,"address":"Paseo de las Yeserías, 15","status":"In service","color":"#008F95","source_date":"2026-02-14"}},{"type":"Feature","id":"bicimad-station-587","geometry":{"type":"Point","coordinates":[-3.7657,40.3971]},"properties":{"kind":"station","mode":"bicimad","id":"340","name":"Illescas - Seseña","routes":"","route_keys":"||","capacity":27,"address":"Calle Illescas, 1 ","status":"In service","color":"#008F95","source_date":"2026-02-14"}},{"type":"Feature","id":"bicimad-station-588","geometry":{"type":"Point","coordinates":[-3.77338,40.37498]},"properties":{"kind":"station","mode":"bicimad","id":"342","name":"Osa de la Vega - Rafael Finat","routes":"","route_keys":"||","capacity":23,"address":"Calle Osa de la Vega, 1 ","status":"In service","color":"#008F95","source_date":"2026-02-14"}},{"type":"Feature","id":"bicimad-station-589","geometry":{"type":"Point","coordinates":[-3.75539,40.36848]},"properties":{"kind":"station","mode":"bicimad","id":"381","name":"Alfredo Aleix - Mercedes Rodríguez","routes":"","route_keys":"||","capacity":24,"address":"Calle Alfredo Aleix, 9 ","status":"In service","color":"#008F95","source_date":"2026-02-14"}},{"type":"Feature","id":"bicimad-station-590","geometry":{"type":"Point","coordinates":[-3.62764,40.37435]},"properties":{"kind":"station","mode":"bicimad","id":"444","name":"Valderrebollo, 18","routes":"","route_keys":"||","capacity":23,"address":"Calle Valderrebollo, 18 ","status":"In service","color":"#008F95","source_date":"2026-02-14"}},{"type":"Feature","id":"bicimad-station-591","geometry":{"type":"Point","coordinates":[-3.59935,40.36338]},"properties":{"kind":"station","mode":"bicimad","id":"448","name":"Metro Las Suertes","routes":"","route_keys":"||","capacity":27,"address":"Avenida Del Ensanche de Vallecas, 80 ","status":"In service","color":"#008F95","source_date":"2026-02-14"}},{"type":"Feature","id":"bicimad-station-592","geometry":{"type":"Point","coordinates":[-3.62115,40.3988]},"properties":{"kind":"station","mode":"bicimad","id":"472","name":"Metro Valdebernardo","routes":"","route_keys":"||","capacity":27,"address":"Calle de los Pinillas, 19","status":"In service","color":"#008F95","source_date":"2026-02-14"}},{"type":"Feature","id":"bicimad-station-593","geometry":{"type":"Point","coordinates":[-3.59888,40.405]},"properties":{"kind":"station","mode":"bicimad","id":"473","name":"Villablanca - Parque Forestal Vicálvaro","routes":"","route_keys":"||","capacity":27,"address":"Calle Villa Blanca, 85 ","status":"In service","color":"#008F95","source_date":"2026-02-14"}},{"type":"Feature","id":"bicimad-station-594","geometry":{"type":"Point","coordinates":[-3.59687,40.40226]},"properties":{"kind":"station","mode":"bicimad","id":"474","name":"Estación de tren de Vicálvaro","routes":"","route_keys":"||","capacity":27,"address":"Calle San Cipriano, 71 ","status":"In service","color":"#008F95","source_date":"2026-02-14"}},{"type":"Feature","id":"bicimad-station-595","geometry":{"type":"Point","coordinates":[-3.64686,40.46827]},"properties":{"kind":"station","mode":"bicimad","id":"541","name":"Metro Pinar del Rey","routes":"","route_keys":"||","capacity":23,"address":"Avenida Gran Vía de Hortaleza, 68 ","status":"In service","color":"#008F95","source_date":"2026-02-14"}},{"type":"Feature","id":"bicimad-station-596","geometry":{"type":"Point","coordinates":[-3.64675,40.4629]},"properties":{"kind":"station","mode":"bicimad","id":"546","name":"Andorra - Canillas","routes":"","route_keys":"||","capacity":23,"address":"Calle Andorra, 2 ","status":"In service","color":"#008F95","source_date":"2026-02-14"}},{"type":"Feature","id":"bicimad-station-597","geometry":{"type":"Point","coordinates":[-3.65667,40.49411]},"properties":{"kind":"station","mode":"bicimad","id":"550","name":"Príncipe Carlos, 54","routes":"","route_keys":"||","capacity":23,"address":"Calle del Príncipe Carlos, 54 ","status":"In service","color":"#008F95","source_date":"2026-02-14"}},{"type":"Feature","id":"bicimad-station-598","geometry":{"type":"Point","coordinates":[-3.65892,40.49991]},"properties":{"kind":"station","mode":"bicimad","id":"553","name":"María Portugal - Niceto Alcalá Zamora","routes":"","route_keys":"||","capacity":23,"address":"Calle María de Portugal, 44 ","status":"In service","color":"#008F95","source_date":"2026-02-14"}},{"type":"Feature","id":"bicimad-station-599","geometry":{"type":"Point","coordinates":[-3.68247,40.50156]},"properties":{"kind":"station","mode":"bicimad","id":"601","name":"Estación de tren de Fuencarral","routes":"","route_keys":"||","capacity":24,"address":"Calle Antonio de Cabezón, s/n (Estacion Cercanías Fuencarral)","status":"In service","color":"#008F95","source_date":"2026-02-14"}},{"type":"Feature","id":"bicimad-station-600","geometry":{"type":"Point","coordinates":[-3.6782,40.5092]},"properties":{"kind":"station","mode":"bicimad","id":"603","name":"Castiello de Jaca, 14","routes":"","route_keys":"||","capacity":23,"address":"Calle Castiello de Jaca, nº14 ","status":"In service","color":"#008F95","source_date":"2026-02-14"}},{"type":"Feature","id":"bicimad-station-601","geometry":{"type":"Point","coordinates":[-3.66416,40.50519]},"properties":{"kind":"station","mode":"bicimad","id":"607","name":"Metro Ligero - Palas de Rey","routes":"","route_keys":"||","capacity":27,"address":"Calle Valcarlos, nº20 ","status":"In service","color":"#008F95","source_date":"2026-02-14"}},{"type":"Feature","id":"bicimad-station-602","geometry":{"type":"Point","coordinates":[-3.77191,40.45017]},"properties":{"kind":"station","mode":"bicimad","id":"610","name":"Bardegueral","routes":"","route_keys":"||","capacity":24,"address":"Calle Bardegueral, 16","status":"In service","color":"#008F95","source_date":"2026-02-14"}},{"type":"Feature","id":"bicimad-station-603","geometry":{"type":"Point","coordinates":[-3.71027,40.45168]},"properties":{"kind":"station","mode":"bicimad","id":"237","name":"Acueducto de Amaniel","routes":"","route_keys":"||","capacity":24,"address":"Calle Francisco Balseiro 2 ","status":"In service","color":"#008F95","source_date":"2026-02-14"}},{"type":"Feature","id":"bicimad-station-604","geometry":{"type":"Point","coordinates":[-3.62011,40.49287]},"properties":{"kind":"station","mode":"bicimad","id":"262","name":"María de las Mercedes de Borbón B","routes":"","route_keys":"||","capacity":23,"address":"Calle María de las Mercedes de Borbón, 214","status":"In service","color":"#008F95","source_date":"2026-02-14"}},{"type":"Feature","id":"bicimad-station-605","geometry":{"type":"Point","coordinates":[-3.61211,40.49091]},"properties":{"kind":"station","mode":"bicimad","id":"611","name":"María de las Mercedes de Borbón A","routes":"","route_keys":"||","capacity":23,"address":"Calle María de las Mercedes de Borbón, 98","status":"In service","color":"#008F95","source_date":"2026-02-14"}},{"type":"Feature","id":"bicimad-station-606","geometry":{"type":"Point","coordinates":[-3.69394,40.39419]},"properties":{"kind":"station","mode":"bicimad","id":"176","name":"Plaza de la Beata María Ana de Jesús","routes":"","route_keys":"||","capacity":23,"address":"Calle Alicante, nº3 ","status":"In service","color":"#008F95","source_date":"2026-02-14"}},{"type":"Feature","id":"bicimad-station-607","geometry":{"type":"Point","coordinates":[-3.57303,40.44687]},"properties":{"kind":"station","mode":"bicimad","id":"630","name":"Calle de Febrero 4","routes":"","route_keys":"||","capacity":23,"address":"Calle de Febrero nº 4","status":"In service","color":"#008F95","source_date":"2026-02-14"}},{"type":"Feature","id":"bicimad-station-608","geometry":{"type":"Point","coordinates":[-3.56883,40.44477]},"properties":{"kind":"station","mode":"bicimad","id":"629","name":"Avda de Fermina Sevillano 23","routes":"","route_keys":"||","capacity":23,"address":"Calle de Avda de Fermina Sevillano 23","status":"In service","color":"#008F95","source_date":"2026-02-14"}},{"type":"Feature","id":"bicimad-station-609","geometry":{"type":"Point","coordinates":[-3.66589,40.3763]},"properties":{"kind":"station","mode":"bicimad","id":"620","name":"Calle Cazorla 79","routes":"","route_keys":"||","capacity":23,"address":"Calle Cazorla  79 ","status":"In service","color":"#008F95","source_date":"2026-02-14"}},{"type":"Feature","id":"bicimad-station-610","geometry":{"type":"Point","coordinates":[-3.67261,40.38138]},"properties":{"kind":"station","mode":"bicimad","id":"621","name":"Calle Montiel 27","routes":"","route_keys":"||","capacity":23,"address":"Calle Montiel 27 ","status":"In service","color":"#008F95","source_date":"2026-02-14"}},{"type":"Feature","id":"bicimad-station-611","geometry":{"type":"Point","coordinates":[-3.67196,40.38602]},"properties":{"kind":"station","mode":"bicimad","id":"622","name":"Calle Sierra de Albarracin 2","routes":"","route_keys":"||","capacity":23,"address":"Calle Sierra de Albarracin 2","status":"In service","color":"#008F95","source_date":"2026-02-14"}},{"type":"Feature","id":"bicimad-station-612","geometry":{"type":"Point","coordinates":[-3.70238,40.35887]},"properties":{"kind":"station","mode":"bicimad","id":"617","name":"Calle Eduardo Barreiros","routes":"","route_keys":"||","capacity":23,"address":"Calle Eduardo Barreiros s/n","status":"In service","color":"#008F95","source_date":"2026-02-14"}},{"type":"Feature","id":"bicimad-station-613","geometry":{"type":"Point","coordinates":[-3.56401,40.40133]},"properties":{"kind":"station","mode":"bicimad","id":"626","name":"Avenida Victoria Kent 9","routes":"","route_keys":"||","capacity":23,"address":"Avenida Victoria kent, FRENTE nº 9 esquina C/Mario Moreno Cantiflas","status":"In service","color":"#008F95","source_date":"2026-02-14"}},{"type":"Feature","id":"bicimad-station-614","geometry":{"type":"Point","coordinates":[-3.54853,40.3983]},"properties":{"kind":"station","mode":"bicimad","id":"627","name":"Alcalde Andrés Madrid Dávila 92","routes":"","route_keys":"||","capacity":23,"address":"C/ Alcalde Andrés Madrid Dávila 92","status":"In service","color":"#008F95","source_date":"2026-02-14"}},{"type":"Feature","id":"bicimad-station-615","geometry":{"type":"Point","coordinates":[-3.553,40.40707]},"properties":{"kind":"station","mode":"bicimad","id":"624","name":"Avenida Blas de Lezo 33","routes":"","route_keys":"||","capacity":23,"address":"Avenida Blas de Lezo 33","status":"In service","color":"#008F95","source_date":"2026-02-14"}},{"type":"Feature","id":"bicimad-station-616","geometry":{"type":"Point","coordinates":[-3.56034,40.40551]},"properties":{"kind":"station","mode":"bicimad","id":"625","name":"Avenida de Miguel Delibes 49","routes":"","route_keys":"||","capacity":23,"address":"Avenida de Miguel Delibes 49","status":"In service","color":"#008F95","source_date":"2026-02-14"}},{"type":"Feature","id":"bicimad-station-617","geometry":{"type":"Point","coordinates":[-3.73464,40.48026]},"properties":{"kind":"station","mode":"bicimad","id":"612","name":"Calle Rosalia de Castro 1","routes":"","route_keys":"||","capacity":23,"address":"Calle Rosalia de Castro 1","status":"In service","color":"#008F95","source_date":"2026-02-14"}},{"type":"Feature","id":"bicimad-station-618","geometry":{"type":"Point","coordinates":[-3.73481,40.45311]},"properties":{"kind":"station","mode":"bicimad","id":"613","name":"Facultad de informática","routes":"","route_keys":"||","capacity":23,"address":"Calle José García Santesmases, 9","status":"In service","color":"#008F95","source_date":"2026-02-14"}},{"type":"Feature","id":"bicimad-station-619","geometry":{"type":"Point","coordinates":[-3.72279,40.46873]},"properties":{"kind":"station","mode":"bicimad","id":"615","name":"Avenida Juan de Andrés 21","routes":"","route_keys":"||","capacity":23,"address":"Avenida Juan de Andrés 21","status":"In service","color":"#008F95","source_date":"2026-02-14"}},{"type":"Feature","id":"bicimad-station-620","geometry":{"type":"Point","coordinates":[-3.71719,40.4629]},"properties":{"kind":"station","mode":"bicimad","id":"616","name":"Alcalde Martín de Alzaga","routes":"","route_keys":"||","capacity":23,"address":"calle Alcalde Martín de Alzaga 11","status":"In service","color":"#008F95","source_date":"2026-02-14"}},{"type":"Feature","id":"bicimad-station-621","geometry":{"type":"Point","coordinates":[-3.57665,40.44358]},"properties":{"kind":"station","mode":"bicimad","id":"628","name":"Calle Arcaute 13","routes":"","route_keys":"||","capacity":23,"address":"Calle Arcaute 13,  28022 Madrid","status":"In service","color":"#008F95","source_date":"2026-02-14"}},{"type":"Feature","id":"bicimad-station-622","geometry":{"type":"Point","coordinates":[-3.65963,40.37439]},"properties":{"kind":"station","mode":"bicimad","id":"619","name":"Cooperativa Electrica 13","routes":"","route_keys":"||","capacity":23,"address":"Calle Cooperativa Electrica 13","status":"In service","color":"#008F95","source_date":"2026-02-14"}},{"type":"Feature","id":"bicimad-station-623","geometry":{"type":"Point","coordinates":[-3.6731,40.37773]},"properties":{"kind":"station","mode":"bicimad","id":"623","name":"Ronda del Sur, esq Santa Rafaela","routes":"","route_keys":"||","capacity":23,"address":"623 -  Ronda.del Sur, 4","status":"In service","color":"#008F95","source_date":"2026-02-14"}},{"type":"Feature","id":"bicimad-station-624","geometry":{"type":"Point","coordinates":[-3.73448,40.43568]},"properties":{"kind":"station","mode":"bicimad","id":"614","name":"Biblioteca central de la UNED","routes":"","route_keys":"||","capacity":23,"address":"Calle Senda del Rey 3","status":"In service","color":"#008F95","source_date":"2026-02-14"}},{"type":"Feature","id":"bicimad-station-625","geometry":{"type":"Point","coordinates":[-3.68482,40.34061]},"properties":{"kind":"station","mode":"bicimad","id":"618","name":"Calle Paterna 55","routes":"","route_keys":"||","capacity":19,"address":"Calle Paterna 55","status":"In service","color":"#008F95","source_date":"2026-02-14"}},{"type":"Feature","id":"bicimad-station-626","geometry":{"type":"Point","coordinates":[-3.63129,40.38616]},"properties":{"kind":"station","mode":"bicimad","id":"632","name":"Avda. Campus Sur, 11","routes":"","route_keys":"||","capacity":23,"address":"Av. Campus Sur, 11","status":"In service","color":"#008F95","source_date":"2026-02-14"}},{"type":"Feature","id":"bicimad-station-627","geometry":{"type":"Point","coordinates":[-3.62481,40.38341]},"properties":{"kind":"station","mode":"bicimad","id":"631","name":"CAMPUS SUR 2","routes":"","route_keys":"||","capacity":19,"address":"Av. de la democracia, 2","status":"In service","color":"#008F95","source_date":"2026-02-14"}},{"type":"Feature","id":"bicimad-station-628","geometry":{"type":"Point","coordinates":[-3.70649,40.42017]},"properties":{"kind":"station","mode":"bicimad","id":"22","name":"Jacometrezo 3","routes":"","route_keys":"||","capacity":12,"address":"Calle Jacometrezo, 3","status":"In service","color":"#008F95","source_date":"2026-02-14"}},{"type":"Feature","id":"bicimad-station-629","geometry":{"type":"Point","coordinates":[-3.66922,40.39766]},"properties":{"kind":"station","mode":"bicimad","id":"8000","name":"EV Puente de Vallecas ","routes":"","route_keys":"||","capacity":23,"address":"Calle Antonia Calas, 2 ","status":"In service","color":"#008F95","source_date":"2026-02-14"}},{"type":"Feature","id":"bicimad-station-630","geometry":{"type":"Point","coordinates":[-3.74135,40.37985]},"properties":{"kind":"station","mode":"bicimad","id":"8001","name":"EV JMD Carabanchel","routes":"","route_keys":"||","capacity":23,"address":"Calle de la Sombra, 6","status":"In service","color":"#008F95","source_date":"2026-02-14"}},{"type":"Feature","id":"bicimad-station-631","geometry":{"type":"Point","coordinates":[-3.7136,40.42343]},"properties":{"kind":"station","mode":"bicimad","id":"633","name":"HUB Plaza de España","routes":"","route_keys":"||","capacity":12,"address":"Plaza de España, s/n, 28008 Madrid","status":"PLANNED","color":"#008F95","source_date":"2026-02-14"}}]}