{"type":"FeatureCollection","features":[{"type":"Feature","id":"cercanias-route-1","geometry":{"type":"LineString","coordinates":[[-3.18307,40.64352],[-3.18611,40.64041],[-3.19085,40.63568],[-3.19371,40.6327],[-3.19513,40.63135],[-3.19745,40.62902],[-3.22911,40.59684],[-3.23106,40.59483],[-3.2325,40.5934],[-3.24026,40.58551],[-3.25813,40.56728],[-3.25908,40.56633],[-3.26116,40.56434],[-3.2624,40.56328],[-3.26386,40.5621],[-3.26532,40.56095]]},"properties":{"kind":"route","mode":"cercanias","route":"C-2","name":"Cercanías C-2","destination":"AZUQUECA","direction":"1","color":"#048947","source_date":"2026-05-29","terminus":"MADRID CHAMARTÍN-CLARA CAMPOAMOR","offset_index":4}},{"type":"Feature","id":"cercanias-route-2","geometry":{"type":"LineString","coordinates":[[-3.29852,40.53456],[-3.29697,40.53576],[-3.28438,40.54578],[-3.27752,40.5512],[-3.26528,40.56093]]},"properties":{"kind":"route","mode":"cercanias","route":"C-2","name":"Cercanías C-2","destination":"AZUQUECA","direction":"2","color":"#048947","source_date":"2026-05-29","terminus":"GUADALAJARA","offset_index":-4}},{"type":"Feature","id":"cercanias-route-3","geometry":{"type":"LineString","coordinates":[[-3.18307,40.64352],[-3.18611,40.64041],[-3.19085,40.63568],[-3.19371,40.6327],[-3.19513,40.63135],[-3.19745,40.62902],[-3.22911,40.59684],[-3.23106,40.59483],[-3.2325,40.5934],[-3.24026,40.58551],[-3.25813,40.56728],[-3.25908,40.56633],[-3.26116,40.56434],[-3.2624,40.56328],[-3.26386,40.5621],[-3.26532,40.56095]]},"properties":{"kind":"route","mode":"cercanias","route":"C-8B","name":"Cercanías C-8B","destination":"AZUQUECA","direction":"1","color":"#048947","source_date":"2026-05-29","terminus":"CERCEDILLA","offset_index":-3}},{"type":"Feature","id":"cercanias-route-4","geometry":{"type":"LineString","coordinates":[[-3.29852,40.53456],[-3.29697,40.53576],[-3.28438,40.54578],[-3.27752,40.5512],[-3.26528,40.56093]]},"properties":{"kind":"route","mode":"cercanias","route":"C-8B","name":"Cercanías C-8B","destination":"AZUQUECA","direction":"2","color":"#048947","source_date":"2026-05-29","terminus":"GUADALAJARA","offset_index":3}},{"type":"Feature","id":"cercanias-route-5","geometry":{"type":"LineString","coordinates":[[-3.18307,40.64352],[-3.18611,40.64041],[-3.19085,40.63568],[-3.19371,40.6327],[-3.19513,40.63135],[-3.19745,40.62902],[-3.22911,40.59684],[-3.23106,40.59483],[-3.2325,40.5934],[-3.24026,40.58551],[-3.25813,40.56728],[-3.25908,40.56633],[-3.26116,40.56434],[-3.2624,40.56328],[-3.26386,40.5621],[-3.26532,40.56095]]},"properties":{"kind":"route","mode":"cercanias","route":"C-8A","name":"Cercanías C-8A","destination":"AZUQUECA","direction":"1","color":"#048947","source_date":"2026-05-29","terminus":"SANTA MARÍA DE LA ALAMEDA","offset_index":-2}},{"type":"Feature","id":"cercanias-route-6","geometry":{"type":"LineString","coordinates":[[-3.29852,40.53456],[-3.29697,40.53576],[-3.28438,40.54578],[-3.27752,40.5512],[-3.26528,40.56093]]},"properties":{"kind":"route","mode":"cercanias","route":"C-8A","name":"Cercanías C-8A","destination":"AZUQUECA","direction":"2","color":"#048947","source_date":"2026-05-29","terminus":"GUADALAJARA","offset_index":2}},{"type":"Feature","id":"cercanias-route-7","geometry":{"type":"LineString","coordinates":[[-3.26528,40.56093],[-3.26382,40.56207],[-3.26237,40.56326],[-3.26113,40.56432],[-3.25905,40.5663],[-3.25599,40.56938],[-3.2517,40.57379],[-3.24022,40.58549],[-3.23248,40.59335],[-3.23102,40.59481],[-3.22907,40.59682],[-3.19741,40.629],[-3.19509,40.63133],[-3.19368,40.63268],[-3.19081,40.63566],[-3.18297,40.64346]]},"properties":{"kind":"route","mode":"cercanias","route":"C-2","name":"Cercanías C-2","destination":"GUADALAJARA","direction":"2","color":"#048947","source_date":"2026-05-29","terminus":"GUADALAJARA","offset_index":-4}},{"type":"Feature","id":"cercanias-route-8","geometry":{"type":"LineString","coordinates":[[-3.26528,40.56093],[-3.26382,40.56207],[-3.26237,40.56326],[-3.26113,40.56432],[-3.25905,40.5663],[-3.25599,40.56938],[-3.2517,40.57379],[-3.24022,40.58549],[-3.23248,40.59335],[-3.23102,40.59481],[-3.22907,40.59682],[-3.19741,40.629],[-3.19509,40.63133],[-3.19368,40.63268],[-3.19081,40.63566],[-3.18297,40.64346]]},"properties":{"kind":"route","mode":"cercanias","route":"C-8B","name":"Cercanías C-8B","destination":"GUADALAJARA","direction":"2","color":"#048947","source_date":"2026-05-29","terminus":"GUADALAJARA","offset_index":3}},{"type":"Feature","id":"cercanias-route-9","geometry":{"type":"LineString","coordinates":[[-3.26528,40.56093],[-3.26382,40.56207],[-3.26237,40.56326],[-3.26113,40.56432],[-3.25905,40.5663],[-3.25599,40.56938],[-3.2517,40.57379],[-3.24022,40.58549],[-3.23248,40.59335],[-3.23102,40.59481],[-3.22907,40.59682],[-3.19741,40.629],[-3.19509,40.63133],[-3.19368,40.63268],[-3.19081,40.63566],[-3.18297,40.64346]]},"properties":{"kind":"route","mode":"cercanias","route":"C-8A","name":"Cercanías C-8A","destination":"GUADALAJARA","direction":"2","color":"#048947","source_date":"2026-05-29","terminus":"GUADALAJARA","offset_index":2}},{"type":"Feature","id":"cercanias-route-10","geometry":{"type":"LineString","coordinates":[[-3.33522,40.50541],[-3.33854,40.50282],[-3.34168,40.50029],[-3.34416,40.49835],[-3.34623,40.49697],[-3.34759,40.49618],[-3.34874,40.49555],[-3.34997,40.49492],[-3.35181,40.49411],[-3.35252,40.49383],[-3.35433,40.49319],[-3.35814,40.49191],[-3.36261,40.49044],[-3.36653,40.48922]]},"properties":{"kind":"route","mode":"cercanias","route":"C-2","name":"Cercanías C-2","destination":"ALCALÁ DE HENARES","direction":"1","color":"#048947","source_date":"2026-05-29","terminus":"MADRID CHAMARTÍN-CLARA CAMPOAMOR","offset_index":4}},{"type":"Feature","id":"cercanias-route-11","geometry":{"type":"LineString","coordinates":[[-3.39283,40.48019],[-3.3905,40.48107],[-3.38598,40.48261],[-3.37225,40.48717],[-3.37048,40.48772],[-3.36953,40.48807],[-3.36647,40.4891]]},"properties":{"kind":"route","mode":"cercanias","route":"C-2","name":"Cercanías C-2","destination":"ALCALÁ DE HENARES","direction":"2","color":"#048947","source_date":"2026-05-29","terminus":"GUADALAJARA","offset_index":-4}},{"type":"Feature","id":"cercanias-route-12","geometry":{"type":"LineString","coordinates":[[-3.39283,40.48019],[-3.3905,40.48107],[-3.38598,40.48261],[-3.37225,40.48717],[-3.37048,40.48772],[-3.36953,40.48807],[-3.36647,40.4891]]},"properties":{"kind":"route","mode":"cercanias","route":"C-7","name":"Cercanías C-7","destination":"ALCALÁ DE HENARES","direction":"2","color":"#DF0221","source_date":"2026-05-29","terminus":"ALCALÁ DE HENARES","offset_index":1}},{"type":"Feature","id":"cercanias-route-13","geometry":{"type":"LineString","coordinates":[[-3.33522,40.50541],[-3.33854,40.50282],[-3.34168,40.50029],[-3.34416,40.49835],[-3.34623,40.49697],[-3.34759,40.49618],[-3.34874,40.49555],[-3.34997,40.49492],[-3.35181,40.49411],[-3.35252,40.49383],[-3.35433,40.49319],[-3.35814,40.49191],[-3.36261,40.49044],[-3.36653,40.48922]]},"properties":{"kind":"route","mode":"cercanias","route":"C-8B","name":"Cercanías C-8B","destination":"ALCALÁ DE HENARES","direction":"1","color":"#048947","source_date":"2026-05-29","terminus":"CERCEDILLA","offset_index":-3}},{"type":"Feature","id":"cercanias-route-14","geometry":{"type":"LineString","coordinates":[[-3.39283,40.48019],[-3.3905,40.48107],[-3.38598,40.48261],[-3.37225,40.48717],[-3.37048,40.48772],[-3.36953,40.48807],[-3.36647,40.4891]]},"properties":{"kind":"route","mode":"cercanias","route":"C-8B","name":"Cercanías C-8B","destination":"ALCALÁ DE HENARES","direction":"2","color":"#048947","source_date":"2026-05-29","terminus":"GUADALAJARA","offset_index":3}},{"type":"Feature","id":"cercanias-route-15","geometry":{"type":"LineString","coordinates":[[-3.33522,40.50541],[-3.33854,40.50282],[-3.34168,40.50029],[-3.34416,40.49835],[-3.34623,40.49697],[-3.34759,40.49618],[-3.34874,40.49555],[-3.34997,40.49492],[-3.35181,40.49411],[-3.35252,40.49383],[-3.35433,40.49319],[-3.35814,40.49191],[-3.36261,40.49044],[-3.36653,40.48922]]},"properties":{"kind":"route","mode":"cercanias","route":"C-8A","name":"Cercanías C-8A","destination":"ALCALÁ DE HENARES","direction":"1","color":"#048947","source_date":"2026-05-29","terminus":"SANTA MARÍA DE LA ALAMEDA","offset_index":-2}},{"type":"Feature","id":"cercanias-route-16","geometry":{"type":"LineString","coordinates":[[-3.39283,40.48019],[-3.3905,40.48107],[-3.38598,40.48261],[-3.37225,40.48717],[-3.37048,40.48772],[-3.36953,40.48807],[-3.36647,40.4891]]},"properties":{"kind":"route","mode":"cercanias","route":"C-8A","name":"Cercanías C-8A","destination":"ALCALÁ DE HENARES","direction":"2","color":"#048947","source_date":"2026-05-29","terminus":"GUADALAJARA","offset_index":2}},{"type":"Feature","id":"cercanias-route-17","geometry":{"type":"LineString","coordinates":[[-3.29854,40.53458],[-3.32082,40.51691],[-3.33391,40.50648],[-3.33522,40.50541]]},"properties":{"kind":"route","mode":"cercanias","route":"C-2","name":"Cercanías C-2","destination":"ALCALÁ DE HENARES UNIVERSIDAD","direction":"1","color":"#048947","source_date":"2026-05-29","terminus":"MADRID CHAMARTÍN-CLARA CAMPOAMOR","offset_index":4}},{"type":"Feature","id":"cercanias-route-18","geometry":{"type":"LineString","coordinates":[[-3.36647,40.4891],[-3.3578,40.49197],[-3.35258,40.49375],[-3.35174,40.49406],[-3.34982,40.49494],[-3.3472,40.49632],[-3.34486,40.49779],[-3.34386,40.49847],[-3.34015,40.5014],[-3.33519,40.50539]]},"properties":{"kind":"route","mode":"cercanias","route":"C-2","name":"Cercanías C-2","destination":"ALCALÁ DE HENARES UNIVERSIDAD","direction":"2","color":"#048947","source_date":"2026-05-29","terminus":"GUADALAJARA","offset_index":-4}},{"type":"Feature","id":"cercanias-route-19","geometry":{"type":"LineString","coordinates":[[-3.29854,40.53458],[-3.32082,40.51691],[-3.33391,40.50648],[-3.33522,40.50541]]},"properties":{"kind":"route","mode":"cercanias","route":"C-8B","name":"Cercanías C-8B","destination":"ALCALÁ DE HENARES UNIVERSIDAD","direction":"1","color":"#048947","source_date":"2026-05-29","terminus":"CERCEDILLA","offset_index":-3}},{"type":"Feature","id":"cercanias-route-20","geometry":{"type":"LineString","coordinates":[[-3.36647,40.4891],[-3.3578,40.49197],[-3.35258,40.49375],[-3.35174,40.49406],[-3.34982,40.49494],[-3.3472,40.49632],[-3.34486,40.49779],[-3.34386,40.49847],[-3.34015,40.5014],[-3.33519,40.50539]]},"properties":{"kind":"route","mode":"cercanias","route":"C-8B","name":"Cercanías C-8B","destination":"ALCALÁ DE HENARES UNIVERSIDAD","direction":"2","color":"#048947","source_date":"2026-05-29","terminus":"GUADALAJARA","offset_index":3}},{"type":"Feature","id":"cercanias-route-21","geometry":{"type":"LineString","coordinates":[[-3.29854,40.53458],[-3.32082,40.51691],[-3.33391,40.50648],[-3.33522,40.50541]]},"properties":{"kind":"route","mode":"cercanias","route":"C-8A","name":"Cercanías C-8A","destination":"ALCALÁ DE HENARES UNIVERSIDAD","direction":"1","color":"#048947","source_date":"2026-05-29","terminus":"SANTA MARÍA DE LA ALAMEDA","offset_index":-2}},{"type":"Feature","id":"cercanias-route-22","geometry":{"type":"LineString","coordinates":[[-3.36647,40.4891],[-3.3578,40.49197],[-3.35258,40.49375],[-3.35174,40.49406],[-3.34982,40.49494],[-3.3472,40.49632],[-3.34486,40.49779],[-3.34386,40.49847],[-3.34015,40.5014],[-3.33519,40.50539]]},"properties":{"kind":"route","mode":"cercanias","route":"C-8A","name":"Cercanías C-8A","destination":"ALCALÁ DE HENARES UNIVERSIDAD","direction":"2","color":"#048947","source_date":"2026-05-29","terminus":"GUADALAJARA","offset_index":2}},{"type":"Feature","id":"cercanias-route-23","geometry":{"type":"LineString","coordinates":[[-3.36653,40.48922],[-3.37009,40.48793],[-3.38603,40.48268],[-3.39292,40.48037]]},"properties":{"kind":"route","mode":"cercanias","route":"C-2","name":"Cercanías C-2","destination":"GARENA, LA","direction":"1","color":"#048947","source_date":"2026-05-29","terminus":"MADRID CHAMARTÍN-CLARA CAMPOAMOR","offset_index":4}},{"type":"Feature","id":"cercanias-route-24","geometry":{"type":"LineString","coordinates":[[-3.44139,40.46394],[-3.44016,40.46435],[-3.42872,40.46831],[-3.42086,40.47094],[-3.41655,40.47241],[-3.39608,40.47921],[-3.39365,40.47991],[-3.39283,40.48019]]},"properties":{"kind":"route","mode":"cercanias","route":"C-2","name":"Cercanías C-2","destination":"GARENA, LA","direction":"2","color":"#048947","source_date":"2026-05-29","terminus":"GUADALAJARA","offset_index":-4}},{"type":"Feature","id":"cercanias-route-25","geometry":{"type":"LineString","coordinates":[[-3.44139,40.46394],[-3.44016,40.46435],[-3.42872,40.46831],[-3.42086,40.47094],[-3.41655,40.47241],[-3.39608,40.47921],[-3.39365,40.47991],[-3.39283,40.48019]]},"properties":{"kind":"route","mode":"cercanias","route":"C-7","name":"Cercanías C-7","destination":"GARENA, LA","direction":"2","color":"#DF0221","source_date":"2026-05-29","terminus":"ALCALÁ DE HENARES","offset_index":1}},{"type":"Feature","id":"cercanias-route-26","geometry":{"type":"LineString","coordinates":[[-3.36653,40.48922],[-3.37009,40.48793],[-3.38603,40.48268],[-3.39292,40.48037]]},"properties":{"kind":"route","mode":"cercanias","route":"C-8B","name":"Cercanías C-8B","destination":"GARENA, LA","direction":"1","color":"#048947","source_date":"2026-05-29","terminus":"CERCEDILLA","offset_index":-3}},{"type":"Feature","id":"cercanias-route-27","geometry":{"type":"LineString","coordinates":[[-3.44139,40.46394],[-3.44016,40.46435],[-3.42872,40.46831],[-3.42086,40.47094],[-3.41655,40.47241],[-3.39608,40.47921],[-3.39365,40.47991],[-3.39283,40.48019]]},"properties":{"kind":"route","mode":"cercanias","route":"C-8B","name":"Cercanías C-8B","destination":"GARENA, LA","direction":"2","color":"#048947","source_date":"2026-05-29","terminus":"GUADALAJARA","offset_index":3}},{"type":"Feature","id":"cercanias-route-28","geometry":{"type":"LineString","coordinates":[[-3.36653,40.48922],[-3.37009,40.48793],[-3.38603,40.48268],[-3.39292,40.48037]]},"properties":{"kind":"route","mode":"cercanias","route":"C-7","name":"Cercanías C-7","destination":"GARENA, LA","direction":"1","color":"#DF0221","source_date":"2026-05-29","terminus":"PRÍNCIPE PÍO","offset_index":-1}},{"type":"Feature","id":"cercanias-route-29","geometry":{"type":"LineString","coordinates":[[-3.36653,40.48922],[-3.37009,40.48793],[-3.38603,40.48268],[-3.39292,40.48037]]},"properties":{"kind":"route","mode":"cercanias","route":"C-8A","name":"Cercanías C-8A","destination":"GARENA, LA","direction":"1","color":"#048947","source_date":"2026-05-29","terminus":"SANTA MARÍA DE LA ALAMEDA","offset_index":-2}},{"type":"Feature","id":"cercanias-route-30","geometry":{"type":"LineString","coordinates":[[-3.44139,40.46394],[-3.44016,40.46435],[-3.42872,40.46831],[-3.42086,40.47094],[-3.41655,40.47241],[-3.39608,40.47921],[-3.39365,40.47991],[-3.39283,40.48019]]},"properties":{"kind":"route","mode":"cercanias","route":"C-8A","name":"Cercanías C-8A","destination":"GARENA, LA","direction":"2","color":"#048947","source_date":"2026-05-29","terminus":"GUADALAJARA","offset_index":2}},{"type":"Feature","id":"cercanias-route-31","geometry":{"type":"LineString","coordinates":[[-3.65416,40.54819],[-3.64963,40.54757],[-3.64209,40.54681],[-3.64086,40.54633],[-3.64005,40.54614],[-3.63904,40.5462],[-3.63814,40.54645],[-3.63498,40.54689]]},"properties":{"kind":"route","mode":"cercanias","route":"C-4A","name":"Cercanías C-4A","destination":"ALCOBENDAS-S.S. DE LOS REYES","direction":"1","color":"#0058A0","source_date":"2026-05-29","terminus":"ALCOBENDAS-S.S. DE LOS REYES","offset_index":-2}},{"type":"Feature","id":"cercanias-route-32","geometry":{"type":"LineString","coordinates":[[-3.68367,40.55401],[-3.68126,40.55425],[-3.68029,40.55432],[-3.67939,40.55434],[-3.67773,40.55431],[-3.67634,40.5542],[-3.67536,40.55407],[-3.67443,40.55388],[-3.67318,40.55357],[-3.67035,40.55266],[-3.6682,40.55184],[-3.66161,40.54986],[-3.65747,40.54864],[-3.65416,40.54819]]},"properties":{"kind":"route","mode":"cercanias","route":"C-4A","name":"Cercanías C-4A","destination":"VALDELASFUENTES","direction":"1","color":"#0058A0","source_date":"2026-05-29","terminus":"ALCOBENDAS-S.S. DE LOS REYES","offset_index":-2}},{"type":"Feature","id":"cercanias-route-33","geometry":{"type":"LineString","coordinates":[[-3.635,40.54695],[-3.63816,40.54651],[-3.63908,40.54627],[-3.64002,40.54621],[-3.64082,40.5464],[-3.64203,40.54685],[-3.64955,40.54761],[-3.65416,40.54824]]},"properties":{"kind":"route","mode":"cercanias","route":"C-4A","name":"Cercanías C-4A","destination":"VALDELASFUENTES","direction":"2","color":"#0058A0","source_date":"2026-05-29","terminus":"PARLA","offset_index":2}},{"type":"Feature","id":"cercanias-route-34","geometry":{"type":"LineString","coordinates":[[-3.81591,40.35656],[-3.82094,40.35371],[-3.82141,40.35349],[-3.82189,40.35334],[-3.82227,40.35325],[-3.8228,40.35319],[-3.82322,40.35319],[-3.82365,40.35322],[-3.82556,40.3535],[-3.82627,40.35354],[-3.82681,40.35352],[-3.82778,40.35329],[-3.82841,40.35297],[-3.82883,40.35267],[-3.83162,40.35046]]},"properties":{"kind":"route","mode":"cercanias","route":"C-5","name":"Cercanías C-5","destination":"ALCORCÓN","direction":"2","color":"#FFB911","source_date":"2026-05-29","terminus":"MÓSTOLES EL SOTO","offset_index":0}},{"type":"Feature","id":"cercanias-route-35","geometry":{"type":"LineString","coordinates":[[-3.84243,40.34186],[-3.84097,40.34302],[-3.83722,40.34593],[-3.83157,40.35042]]},"properties":{"kind":"route","mode":"cercanias","route":"C-5","name":"Cercanías C-5","destination":"ALCORCÓN","direction":"1","color":"#FFB911","source_date":"2026-05-29","terminus":"HUMANES","offset_index":0}},{"type":"Feature","id":"cercanias-route-36","geometry":{"type":"LineString","coordinates":[[-3.83162,40.35046],[-3.83743,40.34591],[-3.84247,40.3419]]},"properties":{"kind":"route","mode":"cercanias","route":"C-5","name":"Cercanías C-5","destination":"RETAMAS, LAS","direction":"2","color":"#FFB911","source_date":"2026-05-29","terminus":"MÓSTOLES EL SOTO","offset_index":0}},{"type":"Feature","id":"cercanias-route-37","geometry":{"type":"LineString","coordinates":[[-3.86391,40.32856],[-3.8631,40.32917],[-3.86214,40.32996],[-3.86063,40.33113],[-3.85925,40.33223],[-3.85842,40.33294],[-3.85761,40.33355],[-3.85694,40.33393],[-3.85606,40.3343],[-3.84932,40.33701],[-3.84852,40.33736],[-3.84781,40.33774],[-3.84739,40.338],[-3.84693,40.33831],[-3.84611,40.33894],[-3.84243,40.34186]]},"properties":{"kind":"route","mode":"cercanias","route":"C-5","name":"Cercanías C-5","destination":"RETAMAS, LAS","direction":"1","color":"#FFB911","source_date":"2026-05-29","terminus":"HUMANES","offset_index":0}},{"type":"Feature","id":"cercanias-route-38","geometry":{"type":"LineString","coordinates":[[-3.79111,40.37793],[-3.79405,40.37627],[-3.79484,40.37575],[-3.79621,40.37471],[-3.7968,40.37423],[-3.79928,40.37231],[-3.80068,40.3712],[-3.80208,40.37013],[-3.80521,40.36769],[-3.80854,40.36504],[-3.8089,40.36461],[-3.80906,40.36424],[-3.80916,40.36381],[-3.80928,40.36269],[-3.80934,40.36239],[-3.8095,40.36197],[-3.80971,40.36163],[-3.81013,40.36109],[-3.81261,40.35863],[-3.81309,40.3582],[-3.8137,40.35781],[-3.81422,40.35753],[-3.81505,40.35702],[-3.81591,40.35656]]},"properties":{"kind":"route","mode":"cercanias","route":"C-5","name":"Cercanías C-5","destination":"SAN JOSÉ DE VALDERAS","direction":"2","color":"#FFB911","source_date":"2026-05-29","terminus":"MÓSTOLES EL SOTO","offset_index":0}},{"type":"Feature","id":"cercanias-route-39","geometry":{"type":"LineString","coordinates":[[-3.83157,40.35042],[-3.82876,40.35262],[-3.82835,40.35291],[-3.82774,40.35323],[-3.82679,40.35345],[-3.82627,40.35347],[-3.82558,40.35343],[-3.82367,40.35314],[-3.82322,40.35312],[-3.8228,40.35312],[-3.82225,40.35318],[-3.82186,40.35328],[-3.82137,40.35343],[-3.82089,40.35365],[-3.81586,40.35651]]},"properties":{"kind":"route","mode":"cercanias","route":"C-5","name":"Cercanías C-5","destination":"SAN JOSÉ DE VALDERAS","direction":"1","color":"#FFB911","source_date":"2026-05-29","terminus":"HUMANES","offset_index":0}},{"type":"Feature","id":"cercanias-route-40","geometry":{"type":"LineString","coordinates":[[-4.02177,40.63863],[-4.02344,40.64119],[-4.0268,40.64658],[-4.02721,40.64716],[-4.02752,40.64748],[-4.02805,40.64792],[-4.02867,40.64826],[-4.02922,40.64848],[-4.02968,40.64862],[-4.03219,40.64906],[-4.03285,40.64925],[-4.03332,40.64945],[-4.03398,40.64981],[-4.03428,40.65004],[-4.03472,40.65046],[-4.03501,40.65082],[-4.03521,40.65116],[-4.03536,40.65145],[-4.03545,40.65172],[-4.03554,40.6521],[-4.03555,40.65263],[-4.03551,40.65299],[-4.03538,40.65351],[-4.03474,40.65468],[-4.0346,40.65502],[-4.03441,40.65568],[-4.03439,40.65624],[-4.0345,40.65693],[-4.03459,40.65722],[-4.03478,40.6576],[-4.03512,40.65805]]},"properties":{"kind":"route","mode":"cercanias","route":"C-8B","name":"Cercanías C-8B","destination":"ALPEDRETE","direction":"1","color":"#048947","source_date":"2026-05-29","terminus":"CERCEDILLA","offset_index":-3}},{"type":"Feature","id":"cercanias-route-41","geometry":{"type":"LineString","coordinates":[[-4.03591,40.69262],[-4.03164,40.69203],[-4.02943,40.69174],[-4.02895,40.6917],[-4.02778,40.69175],[-4.02616,40.69206],[-4.02535,40.69214],[-4.02488,40.69213],[-4.02431,40.69207],[-4.02353,40.69191],[-4.0228,40.69164],[-4.02219,40.69131],[-4.02168,40.69096],[-4.02151,40.69082],[-4.02127,40.69058],[-4.02083,40.68988],[-4.0207,40.68959],[-4.02056,40.68914],[-4.0205,40.68869],[-4.02052,40.68818],[-4.02055,40.68793],[-4.02062,40.68768],[-4.02072,40.68743],[-4.02102,40.6869],[-4.02117,40.68667],[-4.02158,40.68623],[-4.02191,40.68595],[-4.02259,40.68553],[-4.02304,40.68535],[-4.02481,40.6847],[-4.0253,40.68446],[-4.02599,40.68402],[-4.02692,40.68317],[-4.02765,40.68238],[-4.02917,40.6801],[-4.02941,40.6798],[-4.02971,40.67951],[-4.03029,40.67908],[-4.0307,40.67886],[-4.03195,40.67833],[-4.0328,40.67793],[-4.03321,40.67765],[-4.03357,40.67734],[-4.03403,40.67682],[-4.03438,40.6763],[-4.03892,40.66898],[-4.03927,40.66849],[-4.03957,40.66815],[-4.03998,40.66779],[-4.04034,40.66752],[-4.04158,40.6667],[-4.04197,40.66641],[-4.04231,40.66612],[-4.04273,40.66569],[-4.04302,40.66514],[-4.04316,40.66482],[-4.04324,40.66457],[-4.04333,40.66405],[-4.04331,40.66352],[-4.04325,40.66321],[-4.0431,40.66276],[-4.04281,40.66222],[-4.04266,40.662],[-4.04226,40.66158],[-4.04204,40.66139],[-4.04174,40.66118],[-4.04131,40.66092],[-4.04087,40.66072],[-4.04021,40.66046],[-4.0371,40.65933],[-4.03659,40.6591],[-4.03634,40.65897],[-4.03576,40.65858],[-4.03534,40.65822],[-4.03516,40.65803]]},"properties":{"kind":"route","mode":"cercanias","route":"C-8B","name":"Cercanías C-8B","destination":"ALPEDRETE","direction":"2","color":"#048947","source_date":"2026-05-29","terminus":"GUADALAJARA","offset_index":3}},{"type":"Feature","id":"cercanias-route-42","geometry":{"type":"LineString","coordinates":[[-4.00797,40.62626],[-4.00927,40.62647],[-4.01032,40.62661],[-4.01211,40.62668],[-4.01266,40.62677],[-4.01311,40.6269],[-4.01368,40.62712],[-4.01442,40.62755],[-4.01476,40.62781],[-4.01522,40.62826],[-4.01542,40.62849],[-4.0156,40.62875],[-4.02125,40.63775],[-4.02177,40.63863]]},"properties":{"kind":"route","mode":"cercanias","route":"C-8B","name":"Cercanías C-8B","destination":"NEGRALES, LOS","direction":"1","color":"#048947","source_date":"2026-05-29","terminus":"CERCEDILLA","offset_index":-3}},{"type":"Feature","id":"cercanias-route-43","geometry":{"type":"LineString","coordinates":[[-4.03516,40.65803],[-4.03478,40.65747],[-4.03465,40.6572],[-4.03456,40.65696],[-4.03447,40.65662],[-4.03442,40.65624],[-4.03444,40.65569],[-4.03463,40.65503],[-4.03477,40.65468],[-4.03541,40.65351],[-4.03554,40.65299],[-4.03559,40.65263],[-4.03557,40.65209],[-4.03548,40.65172],[-4.03539,40.65144],[-4.03524,40.65115],[-4.03503,40.65081],[-4.03474,40.65045],[-4.0343,40.65002],[-4.034,40.6498],[-4.03334,40.64943],[-4.03287,40.64923],[-4.0322,40.64904],[-4.02969,40.6486],[-4.02924,40.64846],[-4.02868,40.64824],[-4.02807,40.6479],[-4.02754,40.64746],[-4.02724,40.64715],[-4.02683,40.64657],[-4.02346,40.64118],[-4.02181,40.63863]]},"properties":{"kind":"route","mode":"cercanias","route":"C-8B","name":"Cercanías C-8B","destination":"NEGRALES, LOS","direction":"2","color":"#048947","source_date":"2026-05-29","terminus":"GUADALAJARA","offset_index":3}},{"type":"Feature","id":"cercanias-route-44","geometry":{"type":"LineString","coordinates":[[-3.60999,40.15907],[-3.60905,40.15659],[-3.60832,40.15475],[-3.60811,40.15417],[-3.60785,40.15306],[-3.6077,40.15182],[-3.6077,40.15085],[-3.60777,40.15002],[-3.6079,40.14915],[-3.60807,40.14851],[-3.60904,40.14598],[-3.61739,40.12487],[-3.61769,40.12401],[-3.6191,40.12045],[-3.62068,40.11629],[-3.62292,40.11059],[-3.62438,40.1068],[-3.63208,40.08717],[-3.63319,40.0842],[-3.63338,40.0835],[-3.63352,40.08287],[-3.63483,40.07631],[-3.63681,40.06604],[-3.63692,40.06535],[-3.63698,40.06469],[-3.63701,40.0636],[-3.63697,40.06259],[-3.63677,40.06139],[-3.63658,40.0606],[-3.63642,40.06012],[-3.63611,40.05925],[-3.63576,40.0584],[-3.63523,40.05738],[-3.63451,40.05618],[-3.63398,40.05538],[-3.63346,40.05467],[-3.63236,40.05343],[-3.63121,40.05227],[-3.63065,40.05174],[-3.63005,40.05128],[-3.62963,40.05099],[-3.62829,40.05026],[-3.62551,40.049],[-3.62496,40.04873],[-3.62424,40.04829],[-3.62352,40.04774],[-3.62306,40.04733],[-3.62252,40.04669],[-3.62221,40.04621],[-3.62195,40.04569],[-3.62174,40.04519],[-3.62152,40.04433],[-3.62128,40.04281],[-3.62114,40.04205],[-3.62086,40.04114],[-3.62059,40.04041],[-3.62023,40.03961],[-3.61913,40.03759],[-3.61892,40.03713],[-3.61884,40.0369],[-3.61874,40.03625],[-3.61871,40.03473]]},"properties":{"kind":"route","mode":"cercanias","route":"C-3","name":"Cercanías C-3","destination":"ARANJUEZ","direction":"2","color":"#A02E86","source_date":"2026-05-29","terminus":"ARANJUEZ","offset_index":3}},{"type":"Feature","id":"cercanias-route-45","geometry":{"type":"LineString","coordinates":[[-4.00468,40.78435],[-4.00465,40.7843],[-4.00526,40.78399],[-4.0055,40.78381],[-4.00601,40.78311],[-4.00637,40.78274],[-4.00663,40.78251],[-4.00777,40.78161],[-4.00798,40.78149],[-4.00825,40.78138],[-4.00896,40.78122],[-4.00934,40.78108],[-4.00953,40.78097],[-4.00987,40.78067],[-4.01018,40.78033],[-4.01032,40.78008],[-4.01044,40.77924],[-4.01052,40.77895],[-4.01082,40.7784],[-4.01121,40.77783],[-4.01147,40.77758],[-4.01168,40.77742],[-4.01198,40.77726],[-4.01237,40.77709],[-4.01256,40.77693],[-4.01265,40.77677],[-4.01266,40.77629],[-4.01274,40.77607],[-4.01285,40.77592],[-4.01301,40.77576],[-4.01361,40.77526],[-4.01383,40.77513],[-4.01402,40.77506],[-4.01429,40.77502],[-4.01514,40.77504],[-4.01557,40.77501],[-4.01658,40.77472],[-4.01712,40.77466],[-4.01747,40.77468],[-4.01869,40.77485],[-4.01903,40.77484],[-4.01917,40.77479],[-4.01933,40.77468],[-4.01996,40.77384],[-4.0201,40.77352],[-4.02031,40.77279],[-4.02054,40.77246],[-4.02077,40.77224],[-4.02096,40.77214],[-4.02124,40.77205],[-4.02155,40.772],[-4.02195,40.772],[-4.02265,40.77209],[-4.02333,40.77231],[-4.02366,40.7723],[-4.02378,40.77227],[-4.02389,40.77219],[-4.02405,40.77199],[-4.02427,40.77137],[-4.02427,40.77126],[-4.0242,40.77097],[-4.02404,40.77058],[-4.02379,40.76982],[-4.02368,40.76968],[-4.02337,40.76942],[-4.02301,40.76917],[-4.02282,40.76898],[-4.02268,40.76873],[-4.02264,40.76861],[-4.02261,40.76832],[-4.02275,40.76784],[-4.02296,40.76722],[-4.02308,40.76697],[-4.02363,40.76628],[-4.0237,40.76611],[-4.02375,40.76585],[-4.02386,40.76552],[-4.02397,40.76537],[-4.02412,40.76523],[-4.02477,40.76472],[-4.02501,40.76457],[-4.02755,40.76396],[-4.02784,40.76377],[-4.02794,40.76367],[-4.02847,40.76288],[-4.029,40.76229],[-4.02943,40.76155],[-4.02962,40.76134],[-4.02986,40.76114],[-4.03014,40.76097],[-4.03164,40.76021],[-4.03239,40.75992],[-4.0328,40.75965],[-4.03362,40.75929],[-4.03385,40.75914],[-4.03457,40.75853],[-4.03475,40.75827],[-4.0349,40.75798],[-4.03492,40.75787],[-4.03488,40.75735],[-4.03493,40.75722],[-4.03507,40.75703],[-4.0352,40.75695],[-4.03531,40.75689],[-4.03555,40.75684],[-4.03581,40.75683],[-4.03611,40.75688],[-4.03671,40.75707],[-4.03701,40.75719],[-4.03722,40.75736],[-4.0373,40.75749],[-4.03733,40.75762],[-4.03732,40.75774],[-4.03727,40.75788],[-4.037,40.7583],[-4.03695,40.75851],[-4.03709,40.75909],[-4.03695,40.75974],[-4.03695,40.75986],[-4.03705,40.7604],[-4.03704,40.7605],[-4.03694,40.76073],[-4.03661,40.76107],[-4.03635,40.76136],[-4.03627,40.76149],[-4.03625,40.76183],[-4.03637,40.76265],[-4.03654,40.76347],[-4.03669,40.76365],[-4.03713,40.76403],[-4.03731,40.76422],[-4.03813,40.76535],[-4.03822,40.76549],[-4.03823,40.76564],[-4.03817,40.76619],[-4.03817,40.76635],[-4.03826,40.7665],[-4.03837,40.76661],[-4.0385,40.76669],[-4.03868,40.76674],[-4.03899,40.76671],[-4.04007,40.76633],[-4.04026,40.76623],[-4.04046,40.76609],[-4.04068,40.76583],[-4.04087,40.76556],[-4.04097,40.76535],[-4.04113,40.7649],[-4.04141,40.76361],[-4.04149,40.76342],[-4.04163,40.76322],[-4.0418,40.76306],[-4.04204,40.76291],[-4.04234,40.76277],[-4.04267,40.76268],[-4.04308,40.76262],[-4.04335,40.76267],[-4.04423,40.76274],[-4.0445,40.76261],[-4.04469,40.76245],[-4.04474,40.7623],[-4.04482,40.76164],[-4.04486,40.76148],[-4.0449,40.7614],[-4.04512,40.76111],[-4.04559,40.7606],[-4.04634,40.75986],[-4.04651,40.75958],[-4.04653,40.75946],[-4.0464,40.75909],[-4.04612,40.75764],[-4.04626,40.75731],[-4.04653,40.75681],[-4.04669,40.75658],[-4.04688,40.75641],[-4.04719,40.75619],[-4.04828,40.75558],[-4.04849,40.75552],[-4.04884,40.75551],[-4.04896,40.75553],[-4.04924,40.75562],[-4.04941,40.75573],[-4.04967,40.75602],[-4.04989,40.75641],[-4.05009,40.75663],[-4.05033,40.75675],[-4.05053,40.75679],[-4.05075,40.75679],[-4.05091,40.75676],[-4.0521,40.7563],[-4.05272,40.7562],[-4.053,40.75612],[-4.05363,40.75573],[-4.05399,40.75553],[-4.05427,40.75532],[-4.05434,40.75523],[-4.05435,40.7551],[-4.05433,40.75498],[-4.05428,40.75485],[-4.054,40.7544],[-4.05395,40.7542],[-4.05404,40.75397],[-4.0542,40.75376],[-4.05457,40.75338],[-4.05474,40.75318],[-4.05493,40.75272],[-4.05525,40.75173],[-4.0554,40.75146],[-4.0557,40.75106],[-4.05587,40.75076],[-4.05605,40.75029],[-4.05607,40.75003],[-4.056,40.7498],[-4.05585,40.74952],[-4.0558,40.74929],[-4.05579,40.74915],[-4.05584,40.74895],[-4.05599,40.74872],[-4.05621,40.74854],[-4.05715,40.74809],[-4.0573,40.74795],[-4.0574,40.74776],[-4.05739,40.74758],[-4.05711,40.74688],[-4.05709,40.74674],[-4.05719,40.74654],[-4.05747,40.74613],[-4.05753,40.74601],[-4.05756,40.7459],[-4.05756,40.74577],[-4.05746,40.74521],[-4.05755,40.74413],[-4.05762,40.74365],[-4.05768,40.74351],[-4.05776,40.74335],[-4.05819,40.74275],[-4.05833,40.74262],[-4.05863,40.74242],[-4.05873,40.74232],[-4.05885,40.74214],[-4.05888,40.74192],[-4.05887,40.74172],[-4.05868,40.74061],[-4.05868,40.74046],[-4.05872,40.74032],[-4.05916,40.73945],[-4.05931,40.73928],[-4.05942,40.73919],[-4.05998,40.73902],[-4.06055,40.73874],[-4.06072,40.73859],[-4.06078,40.7385],[-4.06082,40.73837],[-4.06082,40.73811],[-4.06073,40.73797],[-4.06041,40.73767],[-4.06031,40.73755],[-4.06026,40.73742],[-4.06027,40.73727],[-4.0603,40.73717],[-4.06039,40.73706],[-4.06053,40.73695],[-4.06077,40.73686],[-4.06109,40.73688],[-4.06135,40.73699],[-4.06197,40.73733],[-4.06334,40.7376],[-4.06398,40.73765],[-4.06452,40.73765],[-4.06504,40.73762],[-4.06575,40.73749]]},"properties":{"kind":"route","mode":"cercanias","route":"C-9","name":"Cercanías C-9","destination":"CERCEDILLA","direction":"2","color":"#F95900","source_date":"2026-05-29","terminus":"CERCEDILLA","offset_index":-4}},{"type":"Feature","id":"cercanias-route-46","geometry":{"type":"LineString","coordinates":[[-4.06694,40.70738],[-4.0668,40.70789],[-4.06665,40.70823],[-4.06642,40.70861],[-4.0661,40.70901],[-4.06586,40.70927],[-4.06511,40.70999],[-4.06489,40.71024],[-4.06462,40.71056],[-4.06434,40.71097],[-4.06403,40.71158],[-4.062,40.71609],[-4.06168,40.71669],[-4.06124,40.71729],[-4.0608,40.71775],[-4.06025,40.71823],[-4.05964,40.71864],[-4.05917,40.71891],[-4.05849,40.7192],[-4.05615,40.71997],[-4.05531,40.72032],[-4.05474,40.72062],[-4.0544,40.72085],[-4.05377,40.72132],[-4.05337,40.72169],[-4.05319,40.72189],[-4.05294,40.72218],[-4.05262,40.72263],[-4.05176,40.72427],[-4.05154,40.72458],[-4.05121,40.72495],[-4.05056,40.72546],[-4.0472,40.72752],[-4.04672,40.72791],[-4.04641,40.72822],[-4.04611,40.72859],[-4.04591,40.72898],[-4.04581,40.72924],[-4.0457,40.72966],[-4.04564,40.73018],[-4.0457,40.73076],[-4.04575,40.73095],[-4.04596,40.73144],[-4.04613,40.73175],[-4.04637,40.73209],[-4.04672,40.73247],[-4.04735,40.73299],[-4.04775,40.73322],[-4.04828,40.73345],[-4.04886,40.73364],[-4.04933,40.73375],[-4.04995,40.73384],[-4.05033,40.73386],[-4.05106,40.73382],[-4.05275,40.73356],[-4.05374,40.73347],[-4.05467,40.73355],[-4.05502,40.73363],[-4.05541,40.73373],[-4.05583,40.73387],[-4.05637,40.73412],[-4.06058,40.73655],[-4.06107,40.7369],[-4.06133,40.73701],[-4.06196,40.73735],[-4.06331,40.73764],[-4.06398,40.73771],[-4.06459,40.73773],[-4.06509,40.73769],[-4.06578,40.73757]]},"properties":{"kind":"route","mode":"cercanias","route":"C-8B","name":"Cercanías C-8B","destination":"CERCEDILLA","direction":"1","color":"#048947","source_date":"2026-05-29","terminus":"CERCEDILLA","offset_index":3}},{"type":"Feature","id":"cercanias-route-47","geometry":{"type":"LineString","coordinates":[[-4.06575,40.73749],[-4.06504,40.73762],[-4.06452,40.73765],[-4.06398,40.73765],[-4.06334,40.7376],[-4.06197,40.73733],[-4.06135,40.73699],[-4.06109,40.73688],[-4.06077,40.73686],[-4.06053,40.73695],[-4.06039,40.73706],[-4.0603,40.73717],[-4.06027,40.73727],[-4.06026,40.73742],[-4.06031,40.73755],[-4.06041,40.73767],[-4.06073,40.73797],[-4.06082,40.73811],[-4.06082,40.73837],[-4.06078,40.7385],[-4.06072,40.73859],[-4.06055,40.73874],[-4.05998,40.73902],[-4.05942,40.73919],[-4.05931,40.73928],[-4.05916,40.73945],[-4.05872,40.74032],[-4.05868,40.74046],[-4.05868,40.74061],[-4.05887,40.74172],[-4.05888,40.74192],[-4.05885,40.74214],[-4.05873,40.74232],[-4.05863,40.74242],[-4.05833,40.74262],[-4.05819,40.74275],[-4.05776,40.74335],[-4.05768,40.74351],[-4.05762,40.74365],[-4.05755,40.74413],[-4.05746,40.74521],[-4.05756,40.74577],[-4.05756,40.7459],[-4.05753,40.74601],[-4.05747,40.74613],[-4.05719,40.74654],[-4.05709,40.74674],[-4.05711,40.74688],[-4.05739,40.74758],[-4.0574,40.74776],[-4.0573,40.74795],[-4.05715,40.74809],[-4.05621,40.74854],[-4.05599,40.74872],[-4.05584,40.74895],[-4.05579,40.74915],[-4.0558,40.74929],[-4.05585,40.74952],[-4.056,40.7498],[-4.05607,40.75003],[-4.05605,40.75029],[-4.05587,40.75076],[-4.0557,40.75106],[-4.0554,40.75146],[-4.05525,40.75173],[-4.05493,40.75272],[-4.05474,40.75318],[-4.05457,40.75338],[-4.0542,40.75376],[-4.05404,40.75397],[-4.05395,40.7542],[-4.054,40.7544],[-4.05428,40.75485],[-4.05433,40.75498],[-4.05435,40.7551],[-4.05434,40.75523],[-4.05427,40.75532],[-4.05399,40.75553],[-4.05363,40.75573],[-4.053,40.75612],[-4.05272,40.7562],[-4.0521,40.7563],[-4.05091,40.75676],[-4.05075,40.75679],[-4.05053,40.75679],[-4.05033,40.75675],[-4.05009,40.75663],[-4.04989,40.75641],[-4.04967,40.75602],[-4.04941,40.75573],[-4.04924,40.75562],[-4.04896,40.75553],[-4.04884,40.75551],[-4.04849,40.75552],[-4.04828,40.75558],[-4.04719,40.75619],[-4.04688,40.75641],[-4.04669,40.75658],[-4.04653,40.75681],[-4.04626,40.75731],[-4.04612,40.75764],[-4.0464,40.75909],[-4.04653,40.75946],[-4.04651,40.75958],[-4.04634,40.75986],[-4.04559,40.7606],[-4.04512,40.76111],[-4.0449,40.7614],[-4.04486,40.76148],[-4.04482,40.76164],[-4.04474,40.7623],[-4.04469,40.76245],[-4.0445,40.76261],[-4.04423,40.76274],[-4.04335,40.76267],[-4.04308,40.76262],[-4.04267,40.76268],[-4.04234,40.76277],[-4.04204,40.76291],[-4.0418,40.76306],[-4.04163,40.76322],[-4.04149,40.76342],[-4.04141,40.76361],[-4.04113,40.7649],[-4.04097,40.76535],[-4.04087,40.76556],[-4.04068,40.76583],[-4.04046,40.76609],[-4.04026,40.76623],[-4.04007,40.76633],[-4.03899,40.76671],[-4.03868,40.76674],[-4.0385,40.76669],[-4.03837,40.76661],[-4.03826,40.7665],[-4.03817,40.76635],[-4.03817,40.76619],[-4.03823,40.76564],[-4.03822,40.76549],[-4.03813,40.76535],[-4.03731,40.76422],[-4.03713,40.76403],[-4.03669,40.76365],[-4.03654,40.76347],[-4.03637,40.76265],[-4.03625,40.76183],[-4.03627,40.76149],[-4.03635,40.76136],[-4.03661,40.76107],[-4.03694,40.76073],[-4.03704,40.7605],[-4.03705,40.7604],[-4.03695,40.75986],[-4.03695,40.75974],[-4.03709,40.75909],[-4.03695,40.75851],[-4.037,40.7583],[-4.03727,40.75788],[-4.03732,40.75774],[-4.03733,40.75762],[-4.0373,40.75749],[-4.03722,40.75736],[-4.03701,40.75719],[-4.03671,40.75707],[-4.03611,40.75688],[-4.03581,40.75683],[-4.03555,40.75684],[-4.03531,40.75689],[-4.0352,40.75695],[-4.03507,40.75703],[-4.03493,40.75722],[-4.03488,40.75735],[-4.03492,40.75787],[-4.0349,40.75798],[-4.03475,40.75827],[-4.03457,40.75853],[-4.03385,40.75914],[-4.03362,40.75929],[-4.0328,40.75965],[-4.03239,40.75992],[-4.03164,40.76021],[-4.03014,40.76097],[-4.02986,40.76114],[-4.02962,40.76134],[-4.02943,40.76155],[-4.029,40.76229],[-4.02847,40.76288],[-4.02794,40.76367],[-4.02784,40.76377],[-4.02755,40.76396],[-4.02501,40.76457],[-4.02477,40.76472],[-4.02412,40.76523],[-4.02397,40.76537],[-4.02386,40.76552],[-4.02375,40.76585],[-4.0237,40.76611],[-4.02363,40.76628],[-4.02308,40.76697],[-4.02296,40.76722],[-4.02275,40.76784],[-4.02261,40.76832],[-4.02264,40.76861],[-4.02268,40.76873],[-4.02282,40.76898],[-4.02301,40.76917],[-4.02337,40.76942],[-4.02368,40.76968],[-4.02379,40.76982],[-4.02404,40.77058],[-4.0242,40.77097],[-4.02427,40.77126],[-4.02427,40.77137],[-4.02405,40.77199],[-4.02389,40.77219],[-4.02378,40.77227],[-4.02366,40.7723],[-4.02333,40.77231],[-4.02265,40.77209],[-4.02195,40.772],[-4.02155,40.772],[-4.02124,40.77205],[-4.02096,40.77214],[-4.02077,40.77224],[-4.02054,40.77246],[-4.02031,40.77279],[-4.0201,40.77352],[-4.01996,40.77384],[-4.01933,40.77468],[-4.01917,40.77479],[-4.01903,40.77484],[-4.01869,40.77485],[-4.01747,40.77468],[-4.01712,40.77466],[-4.01658,40.77472],[-4.01557,40.77501],[-4.01514,40.77504],[-4.01429,40.77502],[-4.01402,40.77506],[-4.01383,40.77513],[-4.01361,40.77526],[-4.01301,40.77576],[-4.01285,40.77592],[-4.01274,40.77607],[-4.01266,40.77629],[-4.01265,40.77677],[-4.01256,40.77693],[-4.01237,40.77709],[-4.01198,40.77726],[-4.01168,40.77742],[-4.01147,40.77758],[-4.01121,40.77783],[-4.01082,40.7784],[-4.01052,40.77895],[-4.01044,40.77924],[-4.01032,40.78008],[-4.01018,40.78033],[-4.00987,40.78067],[-4.00953,40.78097],[-4.00934,40.78108],[-4.00896,40.78122],[-4.00825,40.78138],[-4.00798,40.78149],[-4.00777,40.78161],[-4.00663,40.78251],[-4.00637,40.78274],[-4.00601,40.78311],[-4.0055,40.78381],[-4.00526,40.78399],[-4.00465,40.7843]]},"properties":{"kind":"route","mode":"cercanias","route":"C-9","name":"Cercanías C-9","destination":"PUERTO NAVACERRADA","direction":"1","color":"#F95900","source_date":"2026-05-29","terminus":"COTOS","offset_index":4}},{"type":"Feature","id":"cercanias-route-48","geometry":{"type":"LineString","coordinates":[[-3.96464,40.82237],[-3.96525,40.82192],[-3.96641,40.82097],[-3.96668,40.82071],[-3.96683,40.82048],[-3.96731,40.81927],[-3.96756,40.819],[-3.96815,40.81851],[-3.96839,40.81827],[-3.96847,40.81813],[-3.96849,40.81802],[-3.96849,40.81775],[-3.96816,40.81683],[-3.96809,40.81658],[-3.96811,40.81621],[-3.96818,40.81609],[-3.96832,40.81592],[-3.96907,40.81532],[-3.96972,40.81477],[-3.97021,40.81428],[-3.97057,40.81399],[-3.97086,40.81388],[-3.97116,40.81381],[-3.97206,40.8137],[-3.97261,40.8137],[-3.97331,40.81377],[-3.97365,40.81387],[-3.97394,40.81404],[-3.9746,40.81476],[-3.9749,40.81494],[-3.97522,40.81499],[-3.97554,40.81498],[-3.97581,40.81488],[-3.97597,40.81477],[-3.9773,40.81381],[-3.97748,40.81364],[-3.97768,40.81331],[-3.9778,40.81206],[-3.97788,40.8119],[-3.97811,40.81169],[-3.97825,40.8116],[-3.97857,40.81154],[-3.98049,40.81131],[-3.98146,40.81096],[-3.98202,40.81068],[-3.98224,40.81047],[-3.98232,40.81032],[-3.98238,40.8101],[-3.9824,40.80995],[-3.98235,40.80957],[-3.98179,40.80803],[-3.98165,40.80773],[-3.98155,40.80759],[-3.98108,40.80722],[-3.98082,40.80695],[-3.98074,40.80679],[-3.9807,40.80662],[-3.9807,40.80646],[-3.98073,40.80633],[-3.98092,40.80592],[-3.98095,40.80574],[-3.98095,40.80494],[-3.98101,40.80469],[-3.98108,40.80454],[-3.98129,40.80429],[-3.98163,40.80409],[-3.98221,40.80388],[-3.98266,40.80368],[-3.98345,40.80304],[-3.98383,40.8027],[-3.98442,40.80229],[-3.98481,40.80215],[-3.98605,40.80181],[-3.98625,40.80171],[-3.98643,40.80157],[-3.9865,40.80145],[-3.98657,40.8012],[-3.98656,40.80109],[-3.98632,40.80023],[-3.9863,40.80008],[-3.98632,40.79984],[-3.98634,40.79974],[-3.98646,40.79953],[-3.98701,40.79881],[-3.98708,40.79866],[-3.9871,40.79846],[-3.98706,40.79821],[-3.98701,40.79811],[-3.98675,40.79782],[-3.98656,40.7975],[-3.98652,40.7973],[-3.98656,40.79707],[-3.98661,40.79698],[-3.98677,40.7968],[-3.98687,40.79671],[-3.987,40.79665],[-3.98831,40.79647],[-3.98861,40.79636],[-3.98881,40.79623],[-3.9889,40.79611],[-3.98899,40.79577],[-3.98903,40.79437],[-3.98907,40.79426],[-3.98916,40.7941],[-3.98931,40.79394],[-3.98956,40.79379],[-3.98983,40.79372],[-3.99039,40.79371],[-3.99071,40.79382],[-3.99444,40.79623],[-3.99476,40.79634],[-3.99515,40.79633],[-3.99545,40.79626],[-3.9956,40.79619],[-3.99591,40.796],[-3.999,40.79377],[-3.99912,40.79363],[-3.99921,40.7934],[-3.99934,40.79248],[-3.99949,40.79227],[-3.99971,40.79209],[-4.00004,40.79196],[-4.00246,40.7914],[-4.00278,40.79123],[-4.00295,40.79101],[-4.00327,40.78855],[-4.00359,40.78586],[-4.00355,40.78514],[-4.00357,40.78501],[-4.00365,40.78491],[-4.00383,40.78479],[-4.00468,40.78435]]},"properties":{"kind":"route","mode":"cercanias","route":"C-9","name":"Cercanías C-9","destination":"PUERTO NAVACERRADA","direction":"2","color":"#F95900","source_date":"2026-05-29","terminus":"CERCEDILLA","offset_index":-4}},{"type":"Feature","id":"cercanias-route-49","geometry":{"type":"LineString","coordinates":[[-3.61866,40.03473],[-3.61867,40.03625],[-3.61877,40.03691],[-3.61886,40.03714],[-3.61907,40.03761],[-3.62017,40.03963],[-3.62053,40.04042],[-3.62079,40.04116],[-3.62107,40.04206],[-3.62145,40.04434],[-3.62167,40.0452],[-3.62188,40.0457],[-3.62214,40.04623],[-3.62246,40.04671],[-3.62301,40.04736],[-3.62346,40.04778],[-3.62419,40.04833],[-3.62492,40.04877],[-3.62547,40.04905],[-3.62825,40.05031],[-3.62958,40.05103],[-3.62999,40.05132],[-3.63059,40.05178],[-3.63115,40.0523],[-3.6323,40.05346],[-3.6334,40.0547],[-3.63391,40.05541],[-3.63444,40.0562],[-3.63516,40.0574],[-3.63569,40.05842],[-3.63604,40.05926],[-3.63635,40.06014],[-3.63651,40.06061],[-3.63669,40.0614],[-3.63689,40.0626],[-3.63693,40.0636],[-3.6369,40.06469],[-3.63684,40.06534],[-3.63673,40.06603],[-3.63475,40.0763],[-3.63344,40.08286],[-3.6333,40.08349],[-3.63311,40.08418],[-3.63201,40.08715],[-3.6243,40.10678],[-3.62284,40.11057],[-3.62061,40.11628],[-3.61903,40.12043],[-3.61762,40.12399],[-3.61731,40.12485],[-3.60897,40.14596],[-3.608,40.14849],[-3.60782,40.14914],[-3.60769,40.15002],[-3.60763,40.15085],[-3.60763,40.15182],[-3.60777,40.15307],[-3.60804,40.15419],[-3.60824,40.15477],[-3.60993,40.15908]]},"properties":{"kind":"route","mode":"cercanias","route":"C-3","name":"Cercanías C-3","destination":"CIEMPOZUELOS","direction":"1","color":"#A02E86","source_date":"2026-05-29","terminus":"MADRID CHAMARTÍN-CLARA CAMPOAMOR","offset_index":-3}},{"type":"Feature","id":"cercanias-route-50","geometry":{"type":"LineString","coordinates":[[-3.66474,40.19607],[-3.6635,40.19422],[-3.66276,40.19321],[-3.66248,40.19287],[-3.66117,40.19158],[-3.66025,40.19086],[-3.65762,40.18909],[-3.65637,40.18834],[-3.65592,40.1881],[-3.65449,40.18747],[-3.65268,40.18677],[-3.65017,40.18571],[-3.64861,40.18515],[-3.6477,40.18495],[-3.64599,40.18472],[-3.64549,40.18469],[-3.64308,40.18464],[-3.64227,40.18456],[-3.64138,40.18443],[-3.64041,40.18415],[-3.63949,40.18383],[-3.63851,40.18337],[-3.63793,40.18304],[-3.63726,40.1826],[-3.63648,40.18197],[-3.63598,40.18146],[-3.63573,40.18117],[-3.63554,40.18092],[-3.63428,40.17893],[-3.63407,40.17865],[-3.6334,40.17797],[-3.63258,40.17728],[-3.63157,40.17667],[-3.63088,40.17632],[-3.62913,40.17563],[-3.62826,40.17526],[-3.62783,40.17503],[-3.62224,40.17154],[-3.62118,40.17099],[-3.62048,40.17067],[-3.61934,40.17012],[-3.61828,40.16949],[-3.61748,40.16898],[-3.61616,40.16793],[-3.61543,40.16727],[-3.61281,40.16474],[-3.6124,40.16425],[-3.61194,40.16362],[-3.61154,40.16296],[-3.61129,40.16244],[-3.60999,40.15907]]},"properties":{"kind":"route","mode":"cercanias","route":"C-3","name":"Cercanías C-3","destination":"CIEMPOZUELOS","direction":"2","color":"#A02E86","source_date":"2026-05-29","terminus":"ARANJUEZ","offset_index":-3}},{"type":"Feature","id":"cercanias-route-51","geometry":{"type":"LineString","coordinates":[[-3.71572,40.59841],[-3.71822,40.60164],[-3.71883,40.60269],[-3.71913,40.60333],[-3.71937,40.604],[-3.71954,40.60468],[-3.71999,40.60748],[-3.72022,40.60912],[-3.72039,40.6101],[-3.72049,40.61044],[-3.72063,40.6108],[-3.72085,40.61125],[-3.72134,40.61193],[-3.72176,40.61237],[-3.7226,40.61312],[-3.72715,40.61701],[-3.72791,40.61768],[-3.72836,40.61815],[-3.7288,40.61874],[-3.72911,40.61934],[-3.72928,40.61977],[-3.72941,40.62025],[-3.72945,40.62059],[-3.72947,40.62129],[-3.72908,40.63331],[-3.72905,40.63462],[-3.72898,40.6351],[-3.72884,40.63563],[-3.72864,40.63614],[-3.72844,40.63651],[-3.72812,40.63695],[-3.72783,40.63729],[-3.72713,40.63791],[-3.7251,40.63934],[-3.72443,40.63989],[-3.72387,40.64051],[-3.72349,40.64103],[-3.72325,40.64148],[-3.72304,40.642],[-3.72292,40.64251],[-3.72285,40.64305],[-3.72284,40.64338],[-3.72287,40.64383],[-3.723,40.64442],[-3.72315,40.64488],[-3.72338,40.64538],[-3.72371,40.6459],[-3.72431,40.64661],[-3.7247,40.64695],[-3.72502,40.64721],[-3.72569,40.64765],[-3.7261,40.64787],[-3.72698,40.64822],[-3.72744,40.64837],[-3.72797,40.6485],[-3.7286,40.64863],[-3.72935,40.6487],[-3.73017,40.64871],[-3.73094,40.64866],[-3.73565,40.64796],[-3.73658,40.64793],[-3.73711,40.64797],[-3.7381,40.64812],[-3.73878,40.6483],[-3.73941,40.6485],[-3.74247,40.6497],[-3.74326,40.65006],[-3.74755,40.65239],[-3.74829,40.65273],[-3.74906,40.65297],[-3.74987,40.65313],[-3.75097,40.65325],[-3.7519,40.65327],[-3.75249,40.65322],[-3.75336,40.65307],[-3.75399,40.6529],[-3.75523,40.65242],[-3.75576,40.65214],[-3.76058,40.64932],[-3.76654,40.64579],[-3.76755,40.64537],[-3.76833,40.64513],[-3.76877,40.64504],[-3.76924,40.64496],[-3.76977,40.64491],[-3.77092,40.64489],[-3.77241,40.64495],[-3.77601,40.645]]},"properties":{"kind":"route","mode":"cercanias","route":"C-4B","name":"Cercanías C-4B","destination":"COLMENAR VIEJO","direction":"1","color":"#0058A0","source_date":"2026-05-29","terminus":"COLMENAR VIEJO","offset_index":1}},{"type":"Feature","id":"cercanias-route-52","geometry":{"type":"LineString","coordinates":[[-4.03512,40.65805],[-4.0357,40.65861],[-4.0363,40.659],[-4.03679,40.65924],[-4.03734,40.65947],[-4.0382,40.65978],[-4.03889,40.66],[-4.04086,40.66074],[-4.0413,40.66094],[-4.04173,40.66119],[-4.04203,40.6614],[-4.04224,40.66159],[-4.04264,40.66201],[-4.04279,40.66222],[-4.04308,40.66277],[-4.04322,40.66321],[-4.04328,40.66352],[-4.0433,40.66405],[-4.04322,40.66457],[-4.04314,40.66482],[-4.043,40.66513],[-4.04271,40.66568],[-4.0423,40.66611],[-4.04196,40.6664],[-4.04157,40.66668],[-4.04032,40.66751],[-4.03996,40.66778],[-4.03955,40.66813],[-4.03925,40.66849],[-4.0389,40.66897],[-4.03436,40.67629],[-4.03401,40.67681],[-4.03355,40.67733],[-4.03319,40.67764],[-4.03278,40.67792],[-4.03193,40.67832],[-4.03069,40.67884],[-4.03028,40.67907],[-4.02969,40.6795],[-4.02939,40.67979],[-4.02915,40.68009],[-4.02763,40.68237],[-4.0269,40.68315],[-4.02597,40.68401],[-4.02528,40.68445],[-4.0248,40.68469],[-4.02303,40.68533],[-4.02257,40.68552],[-4.02189,40.68594],[-4.02156,40.68622],[-4.02115,40.68667],[-4.02099,40.68689],[-4.0207,40.68742],[-4.02059,40.68768],[-4.02052,40.68792],[-4.02049,40.68818],[-4.02048,40.6887],[-4.02054,40.68915],[-4.02068,40.68959],[-4.0208,40.68989],[-4.02125,40.69059],[-4.02149,40.69083],[-4.02167,40.69097],[-4.02218,40.69133],[-4.02279,40.69166],[-4.02352,40.69193],[-4.02431,40.69209],[-4.02488,40.69215],[-4.02535,40.69215],[-4.02616,40.69208],[-4.02778,40.69177],[-4.02895,40.69172],[-4.02943,40.69176],[-4.0359,40.69266]]},"properties":{"kind":"route","mode":"cercanias","route":"C-8B","name":"Cercanías C-8B","destination":"COLLADO MEDIANO","direction":"1","color":"#048947","source_date":"2026-05-29","terminus":"CERCEDILLA","offset_index":-3}},{"type":"Feature","id":"cercanias-route-53","geometry":{"type":"LineString","coordinates":[[-4.06706,40.70739],[-4.06709,40.70719],[-4.06709,40.70672],[-4.06704,40.7063],[-4.06699,40.70609],[-4.06692,40.70589],[-4.06673,40.7055],[-4.06652,40.70517],[-4.06627,40.70485],[-4.06588,40.70448],[-4.06554,40.70421],[-4.06332,40.70262],[-4.06264,40.7022],[-4.06222,40.702],[-4.06158,40.70179],[-4.06111,40.70168],[-4.06057,40.7016],[-4.05988,40.70158],[-4.05906,40.70165],[-4.0578,40.70191],[-4.05728,40.70204],[-4.0568,40.70213],[-4.05643,40.70218],[-4.05589,40.70219],[-4.05493,40.7021],[-4.05104,40.70115],[-4.05027,40.70086],[-4.04947,40.70039],[-4.04893,40.69994],[-4.04861,40.69957],[-4.04839,40.69925],[-4.04813,40.69872],[-4.04802,40.69823],[-4.04798,40.69763],[-4.04809,40.69697],[-4.04832,40.69638],[-4.04838,40.69585],[-4.04835,40.69548],[-4.04831,40.69527],[-4.04812,40.69474],[-4.04791,40.69436],[-4.04763,40.69397],[-4.04741,40.6937],[-4.04715,40.69344],[-4.04678,40.69314],[-4.0465,40.69295],[-4.046,40.69268],[-4.04557,40.6925],[-4.04486,40.69231],[-4.0442,40.6922],[-4.04351,40.69217],[-4.04265,40.69223],[-4.03843,40.69282],[-4.03765,40.69284],[-4.03725,40.69281],[-4.03591,40.69262]]},"properties":{"kind":"route","mode":"cercanias","route":"C-8B","name":"Cercanías C-8B","destination":"COLLADO MEDIANO","direction":"2","color":"#048947","source_date":"2026-05-29","terminus":"GUADALAJARA","offset_index":3}},{"type":"Feature","id":"cercanias-route-54","geometry":{"type":"LineString","coordinates":[[-3.98176,40.60021],[-3.98219,40.60042],[-3.98297,40.60089],[-3.98349,40.60134],[-3.98406,40.60194],[-3.98446,40.6026],[-3.98464,40.60315],[-3.98498,40.60434],[-3.98529,40.60533],[-3.98567,40.60633],[-3.98589,40.60671],[-3.98617,40.60712],[-3.98821,40.60975],[-3.9889,40.61078],[-3.98936,40.61168],[-3.99105,40.6155],[-3.99134,40.61601],[-3.99178,40.61667],[-3.99226,40.6173],[-3.99272,40.61782],[-3.99508,40.61994],[-3.99922,40.62381],[-4.00003,40.62444],[-4.00049,40.62471],[-4.00095,40.62493],[-4.00135,40.62508],[-4.00196,40.62527],[-4.00317,40.62555],[-4.00797,40.62626]]},"properties":{"kind":"route","mode":"cercanias","route":"C-8B","name":"Cercanías C-8B","destination":"VILLALBA DE GUADARRAMA","direction":"1","color":"#048947","source_date":"2026-05-29","terminus":"CERCEDILLA","offset_index":-3}},{"type":"Feature","id":"cercanias-route-55","geometry":{"type":"LineString","coordinates":[[-4.02181,40.63863],[-4.02128,40.63774],[-4.01562,40.62875],[-4.01544,40.62848],[-4.01524,40.62825],[-4.01478,40.62779],[-4.01443,40.62754],[-4.01369,40.62711],[-4.01312,40.62689],[-4.01267,40.62675],[-4.01199,40.62665],[-4.01073,40.62659],[-4.00988,40.62651],[-4.00929,40.62637],[-4.00799,40.62616]]},"properties":{"kind":"route","mode":"cercanias","route":"C-8B","name":"Cercanías C-8B","destination":"VILLALBA DE GUADARRAMA","direction":"2","color":"#048947","source_date":"2026-05-29","terminus":"GUADALAJARA","offset_index":3}},{"type":"Feature","id":"cercanias-route-56","geometry":{"type":"LineString","coordinates":[[-3.98176,40.60021],[-3.98219,40.60042],[-3.98297,40.60089],[-3.98349,40.60134],[-3.98406,40.60194],[-3.98446,40.6026],[-3.98464,40.60315],[-3.98498,40.60434],[-3.98529,40.60533],[-3.98567,40.60633],[-3.98589,40.60671],[-3.98617,40.60712],[-3.98821,40.60975],[-3.9889,40.61078],[-3.98936,40.61168],[-3.99105,40.6155],[-3.99134,40.61601],[-3.99178,40.61667],[-3.99226,40.6173],[-3.99272,40.61782],[-3.99508,40.61994],[-3.99922,40.62381],[-4.00003,40.62444],[-4.00049,40.62471],[-4.00095,40.62493],[-4.00135,40.62508],[-4.00196,40.62527],[-4.00317,40.62555],[-4.00797,40.62626]]},"properties":{"kind":"route","mode":"cercanias","route":"C-8A","name":"Cercanías C-8A","destination":"VILLALBA DE GUADARRAMA","direction":"1","color":"#048947","source_date":"2026-05-29","terminus":"SANTA MARÍA DE LA ALAMEDA","offset_index":-2}},{"type":"Feature","id":"cercanias-route-57","geometry":{"type":"LineString","coordinates":[[-4.03158,40.61749],[-4.02633,40.62007],[-4.02514,40.62063],[-4.02351,40.62145],[-4.01973,40.62328],[-4.01636,40.62496],[-4.0146,40.62579],[-4.01369,40.62617],[-4.01326,40.62631],[-4.01213,40.62654],[-4.01183,40.62657],[-4.01073,40.62659],[-4.00988,40.62651],[-4.00929,40.62637],[-4.00799,40.62616]]},"properties":{"kind":"route","mode":"cercanias","route":"C-8A","name":"Cercanías C-8A","destination":"VILLALBA DE GUADARRAMA","direction":"2","color":"#048947","source_date":"2026-05-29","terminus":"GUADALAJARA","offset_index":2}},{"type":"Feature","id":"cercanias-route-58","geometry":{"type":"LineString","coordinates":[[-3.98176,40.60021],[-3.98219,40.60042],[-3.98297,40.60089],[-3.98349,40.60134],[-3.98406,40.60194],[-3.98446,40.6026],[-3.98464,40.60315],[-3.98498,40.60434],[-3.98529,40.60533],[-3.98567,40.60633],[-3.98589,40.60671],[-3.98617,40.60712],[-3.98821,40.60975],[-3.9889,40.61078],[-3.98936,40.61168],[-3.99105,40.6155],[-3.99134,40.61601],[-3.99178,40.61667],[-3.99226,40.6173],[-3.99272,40.61782],[-3.99508,40.61994],[-3.99922,40.62381],[-4.00003,40.62444],[-4.00049,40.62471],[-4.00095,40.62493],[-4.00135,40.62508],[-4.00196,40.62527],[-4.00317,40.62555],[-4.00797,40.62626]]},"properties":{"kind":"route","mode":"cercanias","route":"C-10","name":"Cercanías C-10","destination":"VILLALBA DE GUADARRAMA","direction":"2","color":"#90B70E","source_date":"2026-05-29","terminus":"VILLALBA DE GUADARRAMA","offset_index":-5}},{"type":"Feature","id":"cercanias-route-59","geometry":{"type":"LineString","coordinates":[[-3.53437,40.44281],[-3.53585,40.44247],[-3.53796,40.44189],[-3.54094,40.44097],[-3.54263,40.44036],[-3.5443,40.43968],[-3.54625,40.43875],[-3.54758,40.43803],[-3.54966,40.43674],[-3.55148,40.43539],[-3.5521,40.4349],[-3.55346,40.43373],[-3.55452,40.4327],[-3.55609,40.43105],[-3.55722,40.42961],[-3.55768,40.42897],[-3.55853,40.42771],[-3.55884,40.42717],[-3.55917,40.4267],[-3.55997,40.42542],[-3.56064,40.42447],[-3.56128,40.42348]]},"properties":{"kind":"route","mode":"cercanias","route":"C-2","name":"Cercanías C-2","destination":"COSLADA","direction":"1","color":"#048947","source_date":"2026-05-29","terminus":"MADRID CHAMARTÍN-CLARA CAMPOAMOR","offset_index":4}},{"type":"Feature","id":"cercanias-route-60","geometry":{"type":"LineString","coordinates":[[-3.59558,40.40113],[-3.5922,40.40321],[-3.58655,40.40674],[-3.57597,40.41327],[-3.56862,40.41775],[-3.56647,40.41903],[-3.56468,40.42005],[-3.5639,40.42059],[-3.56347,40.42092],[-3.56253,40.42171],[-3.56206,40.42219],[-3.56144,40.42293],[-3.56113,40.42342]]},"properties":{"kind":"route","mode":"cercanias","route":"C-2","name":"Cercanías C-2","destination":"COSLADA","direction":"2","color":"#048947","source_date":"2026-05-29","terminus":"GUADALAJARA","offset_index":-4}},{"type":"Feature","id":"cercanias-route-61","geometry":{"type":"LineString","coordinates":[[-3.59558,40.40113],[-3.5922,40.40321],[-3.58655,40.40674],[-3.57597,40.41327],[-3.56862,40.41775],[-3.56647,40.41903],[-3.56468,40.42005],[-3.5639,40.42059],[-3.56347,40.42092],[-3.56253,40.42171],[-3.56206,40.42219],[-3.56144,40.42293],[-3.56113,40.42342]]},"properties":{"kind":"route","mode":"cercanias","route":"C-7","name":"Cercanías C-7","destination":"COSLADA","direction":"2","color":"#DF0221","source_date":"2026-05-29","terminus":"ALCALÁ DE HENARES","offset_index":1}},{"type":"Feature","id":"cercanias-route-62","geometry":{"type":"LineString","coordinates":[[-3.53437,40.44281],[-3.53585,40.44247],[-3.53796,40.44189],[-3.54094,40.44097],[-3.54263,40.44036],[-3.5443,40.43968],[-3.54625,40.43875],[-3.54758,40.43803],[-3.54966,40.43674],[-3.55148,40.43539],[-3.5521,40.4349],[-3.55346,40.43373],[-3.55452,40.4327],[-3.55609,40.43105],[-3.55722,40.42961],[-3.55768,40.42897],[-3.55853,40.42771],[-3.55884,40.42717],[-3.55917,40.4267],[-3.55997,40.42542],[-3.56064,40.42447],[-3.56128,40.42348]]},"properties":{"kind":"route","mode":"cercanias","route":"C-8B","name":"Cercanías C-8B","destination":"COSLADA","direction":"1","color":"#048947","source_date":"2026-05-29","terminus":"CERCEDILLA","offset_index":-3}},{"type":"Feature","id":"cercanias-route-63","geometry":{"type":"LineString","coordinates":[[-3.59558,40.40113],[-3.5922,40.40321],[-3.58655,40.40674],[-3.57597,40.41327],[-3.56862,40.41775],[-3.56647,40.41903],[-3.56468,40.42005],[-3.5639,40.42059],[-3.56347,40.42092],[-3.56253,40.42171],[-3.56206,40.42219],[-3.56144,40.42293],[-3.56113,40.42342]]},"properties":{"kind":"route","mode":"cercanias","route":"C-8B","name":"Cercanías C-8B","destination":"COSLADA","direction":"2","color":"#048947","source_date":"2026-05-29","terminus":"GUADALAJARA","offset_index":3}},{"type":"Feature","id":"cercanias-route-64","geometry":{"type":"LineString","coordinates":[[-3.53437,40.44281],[-3.53585,40.44247],[-3.53796,40.44189],[-3.54094,40.44097],[-3.54263,40.44036],[-3.5443,40.43968],[-3.54625,40.43875],[-3.54758,40.43803],[-3.54966,40.43674],[-3.55148,40.43539],[-3.5521,40.4349],[-3.55346,40.43373],[-3.55452,40.4327],[-3.55609,40.43105],[-3.55722,40.42961],[-3.55768,40.42897],[-3.55853,40.42771],[-3.55884,40.42717],[-3.55917,40.4267],[-3.55997,40.42542],[-3.56064,40.42447],[-3.56128,40.42348]]},"properties":{"kind":"route","mode":"cercanias","route":"C-7","name":"Cercanías C-7","destination":"COSLADA","direction":"1","color":"#DF0221","source_date":"2026-05-29","terminus":"PRÍNCIPE PÍO","offset_index":-1}},{"type":"Feature","id":"cercanias-route-65","geometry":{"type":"LineString","coordinates":[[-3.53437,40.44281],[-3.53585,40.44247],[-3.53796,40.44189],[-3.54094,40.44097],[-3.54263,40.44036],[-3.5443,40.43968],[-3.54625,40.43875],[-3.54758,40.43803],[-3.54966,40.43674],[-3.55148,40.43539],[-3.5521,40.4349],[-3.55346,40.43373],[-3.55452,40.4327],[-3.55609,40.43105],[-3.55722,40.42961],[-3.55768,40.42897],[-3.55853,40.42771],[-3.55884,40.42717],[-3.55917,40.4267],[-3.55997,40.42542],[-3.56064,40.42447],[-3.56128,40.42348]]},"properties":{"kind":"route","mode":"cercanias","route":"C-8A","name":"Cercanías C-8A","destination":"COSLADA","direction":"1","color":"#048947","source_date":"2026-05-29","terminus":"SANTA MARÍA DE LA ALAMEDA","offset_index":-2}},{"type":"Feature","id":"cercanias-route-66","geometry":{"type":"LineString","coordinates":[[-3.59558,40.40113],[-3.5922,40.40321],[-3.58655,40.40674],[-3.57597,40.41327],[-3.56862,40.41775],[-3.56647,40.41903],[-3.56468,40.42005],[-3.5639,40.42059],[-3.56347,40.42092],[-3.56253,40.42171],[-3.56206,40.42219],[-3.56144,40.42293],[-3.56113,40.42342]]},"properties":{"kind":"route","mode":"cercanias","route":"C-8A","name":"Cercanías C-8A","destination":"COSLADA","direction":"2","color":"#048947","source_date":"2026-05-29","terminus":"GUADALAJARA","offset_index":2}},{"type":"Feature","id":"cercanias-route-67","geometry":{"type":"LineString","coordinates":[[-3.47978,40.45464],[-3.49351,40.45162],[-3.52099,40.44568],[-3.52637,40.44449],[-3.53171,40.44333],[-3.53437,40.44281]]},"properties":{"kind":"route","mode":"cercanias","route":"C-2","name":"Cercanías C-2","destination":"SAN FERNANDO","direction":"1","color":"#048947","source_date":"2026-05-29","terminus":"MADRID CHAMARTÍN-CLARA CAMPOAMOR","offset_index":4}},{"type":"Feature","id":"cercanias-route-68","geometry":{"type":"LineString","coordinates":[[-3.56113,40.42342],[-3.5594,40.42605],[-3.55847,40.42769],[-3.55763,40.42895],[-3.55717,40.42959],[-3.55604,40.43102],[-3.55447,40.43268],[-3.55342,40.4337],[-3.55205,40.43487],[-3.55144,40.43536],[-3.54962,40.43671],[-3.54754,40.438],[-3.54622,40.43871],[-3.54427,40.43964],[-3.5426,40.44032],[-3.54092,40.44092],[-3.53794,40.44185],[-3.53434,40.4427]]},"properties":{"kind":"route","mode":"cercanias","route":"C-2","name":"Cercanías C-2","destination":"SAN FERNANDO","direction":"2","color":"#048947","source_date":"2026-05-29","terminus":"GUADALAJARA","offset_index":-4}},{"type":"Feature","id":"cercanias-route-69","geometry":{"type":"LineString","coordinates":[[-3.56113,40.42342],[-3.5594,40.42605],[-3.55847,40.42769],[-3.55763,40.42895],[-3.55717,40.42959],[-3.55604,40.43102],[-3.55447,40.43268],[-3.55342,40.4337],[-3.55205,40.43487],[-3.55144,40.43536],[-3.54962,40.43671],[-3.54754,40.438],[-3.54622,40.43871],[-3.54427,40.43964],[-3.5426,40.44032],[-3.54092,40.44092],[-3.53794,40.44185],[-3.53434,40.4427]]},"properties":{"kind":"route","mode":"cercanias","route":"C-7","name":"Cercanías C-7","destination":"SAN FERNANDO","direction":"2","color":"#DF0221","source_date":"2026-05-29","terminus":"ALCALÁ DE HENARES","offset_index":1}},{"type":"Feature","id":"cercanias-route-70","geometry":{"type":"LineString","coordinates":[[-3.47978,40.45464],[-3.49351,40.45162],[-3.52099,40.44568],[-3.52637,40.44449],[-3.53171,40.44333],[-3.53437,40.44281]]},"properties":{"kind":"route","mode":"cercanias","route":"C-8B","name":"Cercanías C-8B","destination":"SAN FERNANDO","direction":"1","color":"#048947","source_date":"2026-05-29","terminus":"CERCEDILLA","offset_index":-3}},{"type":"Feature","id":"cercanias-route-71","geometry":{"type":"LineString","coordinates":[[-3.56113,40.42342],[-3.5594,40.42605],[-3.55847,40.42769],[-3.55763,40.42895],[-3.55717,40.42959],[-3.55604,40.43102],[-3.55447,40.43268],[-3.55342,40.4337],[-3.55205,40.43487],[-3.55144,40.43536],[-3.54962,40.43671],[-3.54754,40.438],[-3.54622,40.43871],[-3.54427,40.43964],[-3.5426,40.44032],[-3.54092,40.44092],[-3.53794,40.44185],[-3.53434,40.4427]]},"properties":{"kind":"route","mode":"cercanias","route":"C-8B","name":"Cercanías C-8B","destination":"SAN FERNANDO","direction":"2","color":"#048947","source_date":"2026-05-29","terminus":"GUADALAJARA","offset_index":3}},{"type":"Feature","id":"cercanias-route-72","geometry":{"type":"LineString","coordinates":[[-3.47978,40.45464],[-3.49351,40.45162],[-3.52099,40.44568],[-3.52637,40.44449],[-3.53171,40.44333],[-3.53437,40.44281]]},"properties":{"kind":"route","mode":"cercanias","route":"C-7","name":"Cercanías C-7","destination":"SAN FERNANDO","direction":"1","color":"#DF0221","source_date":"2026-05-29","terminus":"PRÍNCIPE PÍO","offset_index":-1}},{"type":"Feature","id":"cercanias-route-73","geometry":{"type":"LineString","coordinates":[[-3.47978,40.45464],[-3.49351,40.45162],[-3.52099,40.44568],[-3.52637,40.44449],[-3.53171,40.44333],[-3.53437,40.44281]]},"properties":{"kind":"route","mode":"cercanias","route":"C-8A","name":"Cercanías C-8A","destination":"SAN FERNANDO","direction":"1","color":"#048947","source_date":"2026-05-29","terminus":"SANTA MARÍA DE LA ALAMEDA","offset_index":-2}},{"type":"Feature","id":"cercanias-route-74","geometry":{"type":"LineString","coordinates":[[-3.56113,40.42342],[-3.5594,40.42605],[-3.55847,40.42769],[-3.55763,40.42895],[-3.55717,40.42959],[-3.55604,40.43102],[-3.55447,40.43268],[-3.55342,40.4337],[-3.55205,40.43487],[-3.55144,40.43536],[-3.54962,40.43671],[-3.54754,40.438],[-3.54622,40.43871],[-3.54427,40.43964],[-3.5426,40.44032],[-3.54092,40.44092],[-3.53794,40.44185],[-3.53434,40.4427]]},"properties":{"kind":"route","mode":"cercanias","route":"C-8A","name":"Cercanías C-8A","destination":"SAN FERNANDO","direction":"2","color":"#048947","source_date":"2026-05-29","terminus":"GUADALAJARA","offset_index":2}},{"type":"Feature","id":"cercanias-route-75","geometry":{"type":"LineString","coordinates":[[-4.04594,40.60946],[-4.04676,40.60931],[-4.05842,40.60742],[-4.06061,40.60711],[-4.06124,40.60706],[-4.06186,40.60705],[-4.06256,40.60712],[-4.06315,40.60722],[-4.06375,40.60734],[-4.06443,40.60754],[-4.06516,40.60785],[-4.06616,40.60834],[-4.06787,40.60924],[-4.06915,40.60984],[-4.06995,40.61012],[-4.0714,40.61047],[-4.0721,40.61056],[-4.07271,40.61061],[-4.0801,40.61088],[-4.08141,40.61082],[-4.08204,40.61076],[-4.08324,40.61055],[-4.08391,40.61038],[-4.08505,40.61004],[-4.08571,40.60978],[-4.0863,40.60952],[-4.08734,40.60896],[-4.08902,40.60801],[-4.09085,40.60701],[-4.09353,40.60548],[-4.09679,40.60369],[-4.0972,40.60349],[-4.09852,40.60302],[-4.09938,40.60278],[-4.10063,40.60252],[-4.11281,40.60044],[-4.11486,40.60006],[-4.12034,40.59884],[-4.12162,40.59852],[-4.12213,40.59835],[-4.12341,40.5978],[-4.124,40.59745],[-4.12467,40.59697],[-4.12532,40.59642],[-4.12563,40.59612],[-4.12716,40.59449],[-4.129,40.59261],[-4.13004,40.59148],[-4.13057,40.59082],[-4.13084,40.5904],[-4.13105,40.58993],[-4.13124,40.58944],[-4.13137,40.589],[-4.13152,40.5884],[-4.13216,40.58522]]},"properties":{"kind":"route","mode":"cercanias","route":"C-8A","name":"Cercanías C-8A","destination":"ESCORIAL, EL","direction":"1","color":"#048947","source_date":"2026-05-29","terminus":"SANTA MARÍA DE LA ALAMEDA","offset_index":-2}},{"type":"Feature","id":"cercanias-route-76","geometry":{"type":"LineString","coordinates":[[-4.15814,40.53856],[-4.1531,40.53988],[-4.15204,40.54019],[-4.15089,40.54061],[-4.15001,40.54098],[-4.14947,40.54126],[-4.149,40.54153],[-4.14828,40.54199],[-4.14773,40.54244],[-4.14718,40.54291],[-4.14659,40.54355],[-4.14572,40.5447],[-4.14517,40.54575],[-4.14483,40.54669],[-4.14438,40.54809],[-4.1442,40.54874],[-4.14307,40.55213],[-4.14289,40.55256],[-4.14245,40.55332],[-4.1418,40.55409],[-4.13864,40.55708],[-4.13838,40.55738],[-4.13796,40.55797],[-4.13777,40.55831],[-4.13762,40.55866],[-4.13739,40.55938],[-4.1373,40.56043],[-4.13731,40.56071],[-4.13751,40.5616],[-4.13763,40.56194],[-4.13803,40.56268],[-4.13865,40.56346],[-4.14001,40.56483],[-4.14073,40.56564],[-4.14091,40.56589],[-4.14133,40.5666],[-4.1417,40.56751],[-4.14182,40.56793],[-4.14191,40.56838],[-4.14195,40.56866],[-4.14196,40.56901],[-4.14194,40.56983],[-4.14185,40.57032],[-4.14164,40.57103],[-4.14106,40.57323],[-4.14013,40.57645],[-4.1399,40.57708],[-4.13976,40.57737],[-4.13964,40.57761],[-4.13919,40.57832],[-4.13859,40.57899],[-4.13828,40.57931],[-4.13802,40.57955],[-4.13748,40.57994],[-4.13679,40.58039],[-4.13445,40.58165],[-4.13393,40.58196],[-4.1333,40.58249],[-4.1331,40.58271],[-4.13273,40.58323],[-4.13235,40.5839],[-4.13203,40.5852]]},"properties":{"kind":"route","mode":"cercanias","route":"C-8A","name":"Cercanías C-8A","destination":"ESCORIAL, EL","direction":"2","color":"#048947","source_date":"2026-05-29","terminus":"GUADALAJARA","offset_index":2}},{"type":"Feature","id":"cercanias-route-77","geometry":{"type":"LineString","coordinates":[[-4.03161,40.61752],[-4.03404,40.61637],[-4.03564,40.61558],[-4.03654,40.61506],[-4.04136,40.61154],[-4.04222,40.61097],[-4.04298,40.61055],[-4.04388,40.61014],[-4.045,40.60973],[-4.04594,40.60946]]},"properties":{"kind":"route","mode":"cercanias","route":"C-8A","name":"Cercanías C-8A","destination":"ZORRERAS, LAS","direction":"1","color":"#048947","source_date":"2026-05-29","terminus":"SANTA MARÍA DE LA ALAMEDA","offset_index":-2}},{"type":"Feature","id":"cercanias-route-78","geometry":{"type":"LineString","coordinates":[[-4.13203,40.5852],[-4.13148,40.58828],[-4.13132,40.58899],[-4.13118,40.58943],[-4.13099,40.58991],[-4.13078,40.59038],[-4.13052,40.5908],[-4.12999,40.59145],[-4.12895,40.59259],[-4.12711,40.59446],[-4.12558,40.5961],[-4.12528,40.59639],[-4.12463,40.59694],[-4.12396,40.59741],[-4.12337,40.59776],[-4.1221,40.59831],[-4.1216,40.59848],[-4.12032,40.5988],[-4.11484,40.60002],[-4.1128,40.60039],[-4.10062,40.60248],[-4.09937,40.60273],[-4.0985,40.60298],[-4.09717,40.60345],[-4.09676,40.60366],[-4.09349,40.60544],[-4.09081,40.60697],[-4.08899,40.60797],[-4.08731,40.60893],[-4.08626,40.60948],[-4.08569,40.60974],[-4.08503,40.61],[-4.08389,40.61034],[-4.08323,40.61051],[-4.08203,40.61071],[-4.08141,40.61077],[-4.0801,40.61084],[-4.07272,40.61056],[-4.07211,40.61052],[-4.07142,40.61043],[-4.06997,40.61008],[-4.06918,40.6098],[-4.0679,40.6092],[-4.06619,40.6083],[-4.06519,40.60781],[-4.06445,40.6075],[-4.06377,40.6073],[-4.06317,40.60717],[-4.06257,40.60708],[-4.06187,40.60701],[-4.06124,40.60702],[-4.0606,40.60707],[-4.05841,40.60738],[-4.04675,40.60927],[-4.04591,40.60943]]},"properties":{"kind":"route","mode":"cercanias","route":"C-8A","name":"Cercanías C-8A","destination":"ZORRERAS, LAS","direction":"2","color":"#048947","source_date":"2026-05-29","terminus":"GUADALAJARA","offset_index":2}},{"type":"Feature","id":"cercanias-route-79","geometry":{"type":"LineString","coordinates":[[-3.79254,40.29666],[-3.79319,40.29557],[-3.7935,40.29498],[-3.7942,40.29351],[-3.79504,40.29183],[-3.79843,40.28488],[-3.79921,40.28323]]},"properties":{"kind":"route","mode":"cercanias","route":"C-5","name":"Cercanías C-5","destination":"FUENLABRADA","direction":"1","color":"#FFB911","source_date":"2026-05-29","terminus":"HUMANES","offset_index":0}},{"type":"Feature","id":"cercanias-route-80","geometry":{"type":"LineString","coordinates":[[-3.82844,40.25563],[-3.8262,40.25803],[-3.82426,40.26016],[-3.81468,40.27045],[-3.81263,40.27263],[-3.81207,40.27318],[-3.81147,40.27371],[-3.81081,40.27425],[-3.8092,40.27536],[-3.80851,40.27589],[-3.80626,40.27742],[-3.80087,40.28121],[-3.80012,40.28186],[-3.79987,40.28213],[-3.79944,40.28274],[-3.79918,40.28322]]},"properties":{"kind":"route","mode":"cercanias","route":"C-5","name":"Cercanías C-5","destination":"FUENLABRADA","direction":"2","color":"#FFB911","source_date":"2026-05-29","terminus":"MÓSTOLES EL SOTO","offset_index":0}},{"type":"Feature","id":"cercanias-route-81","geometry":{"type":"LineString","coordinates":[[-3.7834,40.31245],[-3.79162,40.29834],[-3.79196,40.29766],[-3.79254,40.29666]]},"properties":{"kind":"route","mode":"cercanias","route":"C-5","name":"Cercanías C-5","destination":"SERNA, LA","direction":"1","color":"#FFB911","source_date":"2026-05-29","terminus":"HUMANES","offset_index":0}},{"type":"Feature","id":"cercanias-route-82","geometry":{"type":"LineString","coordinates":[[-3.79918,40.28322],[-3.79498,40.29182],[-3.79414,40.2935],[-3.79344,40.29496],[-3.79313,40.29555],[-3.79248,40.29664]]},"properties":{"kind":"route","mode":"cercanias","route":"C-5","name":"Cercanías C-5","destination":"SERNA, LA","direction":"2","color":"#FFB911","source_date":"2026-05-29","terminus":"MÓSTOLES EL SOTO","offset_index":0}},{"type":"Feature","id":"cercanias-route-83","geometry":{"type":"LineString","coordinates":[[-3.95621,40.57411],[-3.95858,40.5758],[-3.95912,40.57625],[-3.96002,40.57713],[-3.96046,40.57768],[-3.96088,40.57824],[-3.96118,40.57877],[-3.9615,40.57943],[-3.96185,40.58045],[-3.9621,40.58172],[-3.96214,40.58257],[-3.96226,40.58438],[-3.9624,40.58512],[-3.96252,40.58545],[-3.96275,40.58588],[-3.96306,40.58636],[-3.96341,40.58676],[-3.96386,40.5872],[-3.96426,40.58753],[-3.96461,40.58777],[-3.96532,40.58819],[-3.96952,40.59016],[-3.97087,40.59083],[-3.97183,40.59148],[-3.97259,40.59234],[-3.97293,40.59287],[-3.97324,40.59344],[-3.97357,40.59455],[-3.97367,40.59499],[-3.9738,40.5954],[-3.97407,40.59612],[-3.97422,40.59639],[-3.97454,40.5969],[-3.97477,40.59716],[-3.97517,40.59758],[-3.97558,40.59793],[-3.97631,40.59839],[-3.97685,40.59867],[-3.97719,40.5988],[-3.97814,40.59913],[-3.98056,40.59979],[-3.98149,40.60009],[-3.98176,40.60021]]},"properties":{"kind":"route","mode":"cercanias","route":"C-8B","name":"Cercanías C-8B","destination":"GALAPAGAR-LA NAVATA","direction":"1","color":"#048947","source_date":"2026-05-29","terminus":"CERCEDILLA","offset_index":-3}},{"type":"Feature","id":"cercanias-route-84","geometry":{"type":"LineString","coordinates":[[-4.00799,40.62616],[-4.00611,40.62588],[-4.0047,40.62572],[-4.00319,40.6255],[-4.00199,40.62522],[-4.00138,40.62503],[-4.00098,40.62488],[-4.00053,40.62467],[-4.00008,40.6244],[-3.99928,40.62377],[-3.99513,40.6199],[-3.99278,40.61778],[-3.99232,40.61727],[-3.99185,40.61664],[-3.9914,40.61599],[-3.99111,40.61548],[-3.98943,40.61166],[-3.98896,40.61076],[-3.98827,40.60973],[-3.98623,40.60709],[-3.98595,40.60668],[-3.98574,40.60631],[-3.98536,40.60532],[-3.98505,40.60432],[-3.98471,40.60314],[-3.98453,40.60259],[-3.98413,40.60192],[-3.98355,40.60131],[-3.98302,40.60085],[-3.98261,40.60058],[-3.98182,40.60018]]},"properties":{"kind":"route","mode":"cercanias","route":"C-8B","name":"Cercanías C-8B","destination":"GALAPAGAR-LA NAVATA","direction":"2","color":"#048947","source_date":"2026-05-29","terminus":"GUADALAJARA","offset_index":3}},{"type":"Feature","id":"cercanias-route-85","geometry":{"type":"LineString","coordinates":[[-3.95621,40.57411],[-3.95858,40.5758],[-3.95912,40.57625],[-3.96002,40.57713],[-3.96046,40.57768],[-3.96088,40.57824],[-3.96118,40.57877],[-3.9615,40.57943],[-3.96185,40.58045],[-3.9621,40.58172],[-3.96214,40.58257],[-3.96226,40.58438],[-3.9624,40.58512],[-3.96252,40.58545],[-3.96275,40.58588],[-3.96306,40.58636],[-3.96341,40.58676],[-3.96386,40.5872],[-3.96426,40.58753],[-3.96461,40.58777],[-3.96532,40.58819],[-3.96952,40.59016],[-3.97087,40.59083],[-3.97183,40.59148],[-3.97259,40.59234],[-3.97293,40.59287],[-3.97324,40.59344],[-3.97357,40.59455],[-3.97367,40.59499],[-3.9738,40.5954],[-3.97407,40.59612],[-3.97422,40.59639],[-3.97454,40.5969],[-3.97477,40.59716],[-3.97517,40.59758],[-3.97558,40.59793],[-3.97631,40.59839],[-3.97685,40.59867],[-3.97719,40.5988],[-3.97814,40.59913],[-3.98056,40.59979],[-3.98149,40.60009],[-3.98176,40.60021]]},"properties":{"kind":"route","mode":"cercanias","route":"C-8A","name":"Cercanías C-8A","destination":"GALAPAGAR-LA NAVATA","direction":"1","color":"#048947","source_date":"2026-05-29","terminus":"SANTA MARÍA DE LA ALAMEDA","offset_index":-2}},{"type":"Feature","id":"cercanias-route-86","geometry":{"type":"LineString","coordinates":[[-4.00799,40.62616],[-4.00611,40.62588],[-4.0047,40.62572],[-4.00319,40.6255],[-4.00199,40.62522],[-4.00138,40.62503],[-4.00098,40.62488],[-4.00053,40.62467],[-4.00008,40.6244],[-3.99928,40.62377],[-3.99513,40.6199],[-3.99278,40.61778],[-3.99232,40.61727],[-3.99185,40.61664],[-3.9914,40.61599],[-3.99111,40.61548],[-3.98943,40.61166],[-3.98896,40.61076],[-3.98827,40.60973],[-3.98623,40.60709],[-3.98595,40.60668],[-3.98574,40.60631],[-3.98536,40.60532],[-3.98505,40.60432],[-3.98471,40.60314],[-3.98453,40.60259],[-3.98413,40.60192],[-3.98355,40.60131],[-3.98302,40.60085],[-3.98261,40.60058],[-3.98182,40.60018]]},"properties":{"kind":"route","mode":"cercanias","route":"C-8A","name":"Cercanías C-8A","destination":"GALAPAGAR-LA NAVATA","direction":"2","color":"#048947","source_date":"2026-05-29","terminus":"GUADALAJARA","offset_index":2}},{"type":"Feature","id":"cercanias-route-87","geometry":{"type":"LineString","coordinates":[[-4.00799,40.62616],[-4.00611,40.62588],[-4.0047,40.62572],[-4.00319,40.6255],[-4.00199,40.62522],[-4.00138,40.62503],[-4.00098,40.62488],[-4.00053,40.62467],[-4.00008,40.6244],[-3.99928,40.62377],[-3.99513,40.6199],[-3.99278,40.61778],[-3.99232,40.61727],[-3.99185,40.61664],[-3.9914,40.61599],[-3.99111,40.61548],[-3.98943,40.61166],[-3.98896,40.61076],[-3.98827,40.60973],[-3.98623,40.60709],[-3.98595,40.60668],[-3.98574,40.60631],[-3.98536,40.60532],[-3.98505,40.60432],[-3.98471,40.60314],[-3.98453,40.60259],[-3.98413,40.60192],[-3.98355,40.60131],[-3.98302,40.60085],[-3.98261,40.60058],[-3.98182,40.60018]]},"properties":{"kind":"route","mode":"cercanias","route":"C-10","name":"Cercanías C-10","destination":"GALAPAGAR-LA NAVATA","direction":"1","color":"#90B70E","source_date":"2026-05-29","terminus":"MADRID CHAMARTÍN-CLARA CAMPOAMOR","offset_index":5}},{"type":"Feature","id":"cercanias-route-88","geometry":{"type":"LineString","coordinates":[[-3.95621,40.57411],[-3.95858,40.5758],[-3.95912,40.57625],[-3.96002,40.57713],[-3.96046,40.57768],[-3.96088,40.57824],[-3.96118,40.57877],[-3.9615,40.57943],[-3.96185,40.58045],[-3.9621,40.58172],[-3.96214,40.58257],[-3.96226,40.58438],[-3.9624,40.58512],[-3.96252,40.58545],[-3.96275,40.58588],[-3.96306,40.58636],[-3.96341,40.58676],[-3.96386,40.5872],[-3.96426,40.58753],[-3.96461,40.58777],[-3.96532,40.58819],[-3.96952,40.59016],[-3.97087,40.59083],[-3.97183,40.59148],[-3.97259,40.59234],[-3.97293,40.59287],[-3.97324,40.59344],[-3.97357,40.59455],[-3.97367,40.59499],[-3.9738,40.5954],[-3.97407,40.59612],[-3.97422,40.59639],[-3.97454,40.5969],[-3.97477,40.59716],[-3.97517,40.59758],[-3.97558,40.59793],[-3.97631,40.59839],[-3.97685,40.59867],[-3.97719,40.5988],[-3.97814,40.59913],[-3.98056,40.59979],[-3.98149,40.60009],[-3.98176,40.60021]]},"properties":{"kind":"route","mode":"cercanias","route":"C-10","name":"Cercanías C-10","destination":"GALAPAGAR-LA NAVATA","direction":"2","color":"#90B70E","source_date":"2026-05-29","terminus":"VILLALBA DE GUADARRAMA","offset_index":-5}},{"type":"Feature","id":"cercanias-route-89","geometry":{"type":"LineString","coordinates":[[-4.00797,40.62626],[-4.00987,40.62655],[-4.01073,40.62664],[-4.01183,40.62662],[-4.01215,40.62658],[-4.01328,40.62635],[-4.01371,40.62621],[-4.01463,40.62583],[-4.0164,40.625],[-4.01976,40.62332],[-4.02354,40.62149],[-4.02517,40.62067],[-4.02636,40.62011],[-4.03161,40.61752]]},"properties":{"kind":"route","mode":"cercanias","route":"C-8A","name":"Cercanías C-8A","destination":"SAN YAGO","direction":"1","color":"#048947","source_date":"2026-05-29","terminus":"SANTA MARÍA DE LA ALAMEDA","offset_index":-2}},{"type":"Feature","id":"cercanias-route-90","geometry":{"type":"LineString","coordinates":[[-4.04591,40.60943],[-4.04546,40.60954],[-4.04498,40.60969],[-4.04386,40.6101],[-4.04295,40.61051],[-4.04218,40.61094],[-4.04132,40.61151],[-4.0365,40.61502],[-4.03561,40.61554],[-4.03158,40.61749]]},"properties":{"kind":"route","mode":"cercanias","route":"C-8A","name":"Cercanías C-8A","destination":"SAN YAGO","direction":"2","color":"#048947","source_date":"2026-05-29","terminus":"GUADALAJARA","offset_index":2}},{"type":"Feature","id":"cercanias-route-91","geometry":{"type":"LineString","coordinates":[[-3.73731,40.28823],[-3.73665,40.29373],[-3.73617,40.29831],[-3.73596,40.29986],[-3.73542,40.30491],[-3.73527,40.30582],[-3.73519,40.30652],[-3.73495,40.30706],[-3.73423,40.30849],[-3.73354,40.3101]]},"properties":{"kind":"route","mode":"cercanias","route":"C-4A","name":"Cercanías C-4A","destination":"GETAFE CENTRO","direction":"1","color":"#0058A0","source_date":"2026-05-29","terminus":"ALCOBENDAS-S.S. DE LOS REYES","offset_index":-2}},{"type":"Feature","id":"cercanias-route-92","geometry":{"type":"LineString","coordinates":[[-3.72741,40.32305],[-3.73088,40.31593],[-3.73361,40.31012]]},"properties":{"kind":"route","mode":"cercanias","route":"C-4A","name":"Cercanías C-4A","destination":"GETAFE CENTRO","direction":"2","color":"#0058A0","source_date":"2026-05-29","terminus":"PARLA","offset_index":2}},{"type":"Feature","id":"cercanias-route-93","geometry":{"type":"LineString","coordinates":[[-3.73731,40.28823],[-3.73665,40.29373],[-3.73617,40.29831],[-3.73596,40.29986],[-3.73542,40.30491],[-3.73527,40.30582],[-3.73519,40.30652],[-3.73495,40.30706],[-3.73423,40.30849],[-3.73354,40.3101]]},"properties":{"kind":"route","mode":"cercanias","route":"C-4B","name":"Cercanías C-4B","destination":"GETAFE CENTRO","direction":"1","color":"#0058A0","source_date":"2026-05-29","terminus":"COLMENAR VIEJO","offset_index":-1}},{"type":"Feature","id":"cercanias-route-94","geometry":{"type":"LineString","coordinates":[[-3.72741,40.32305],[-3.73088,40.31593],[-3.73361,40.31012]]},"properties":{"kind":"route","mode":"cercanias","route":"C-4B","name":"Cercanías C-4B","destination":"GETAFE CENTRO","direction":"2","color":"#0058A0","source_date":"2026-05-29","terminus":"PARLA","offset_index":1}},{"type":"Feature","id":"cercanias-route-95","geometry":{"type":"LineString","coordinates":[[-3.70381,40.2428],[-3.70397,40.24759],[-3.70402,40.25014],[-3.70459,40.26737],[-3.70477,40.27405],[-3.70477,40.27499],[-3.7047,40.27582],[-3.70418,40.27826],[-3.70402,40.27916],[-3.70395,40.2799],[-3.70396,40.28124],[-3.70401,40.28176],[-3.70753,40.30548]]},"properties":{"kind":"route","mode":"cercanias","route":"C-3","name":"Cercanías C-3","destination":"GETAFE INDUSTRIAL","direction":"1","color":"#A02E86","source_date":"2026-05-29","terminus":"MADRID CHAMARTÍN-CLARA CAMPOAMOR","offset_index":3}},{"type":"Feature","id":"cercanias-route-96","geometry":{"type":"LineString","coordinates":[[-3.70974,40.31865],[-3.70947,40.31679],[-3.70868,40.31267],[-3.70761,40.30548]]},"properties":{"kind":"route","mode":"cercanias","route":"C-3","name":"Cercanías C-3","destination":"GETAFE INDUSTRIAL","direction":"2","color":"#A02E86","source_date":"2026-05-29","terminus":"ARANJUEZ","offset_index":-3}},{"type":"Feature","id":"cercanias-route-97","geometry":{"type":"LineString","coordinates":[[-3.7693,40.24105],[-3.76686,40.24713],[-3.76671,40.24743],[-3.76652,40.24766],[-3.76621,40.24793],[-3.76529,40.24853],[-3.76486,40.24874],[-3.76423,40.24899],[-3.76356,40.24915],[-3.76291,40.24922],[-3.76228,40.24922],[-3.76157,40.24917],[-3.76085,40.249],[-3.76016,40.24875],[-3.75956,40.24844],[-3.75915,40.24815],[-3.75857,40.24761],[-3.75761,40.24642],[-3.75707,40.24585],[-3.75641,40.24527],[-3.7557,40.24478],[-3.75497,40.24438],[-3.75406,40.24399],[-3.75333,40.24375],[-3.75274,40.24361],[-3.75145,40.24339],[-3.75067,40.24334],[-3.74981,40.24336],[-3.74865,40.24347],[-3.74729,40.24378],[-3.74603,40.24424],[-3.74477,40.24492],[-3.74398,40.24546],[-3.74332,40.24609],[-3.74251,40.24712],[-3.74215,40.24783],[-3.74191,40.24841],[-3.74166,40.24962],[-3.74163,40.25036],[-3.74116,40.25422],[-3.73973,40.26712],[-3.73943,40.26943],[-3.73886,40.27478],[-3.73731,40.28823]]},"properties":{"kind":"route","mode":"cercanias","route":"C-4A","name":"Cercanías C-4A","destination":"GETAFE SECTOR 3","direction":"1","color":"#0058A0","source_date":"2026-05-29","terminus":"ALCOBENDAS-S.S. DE LOS REYES","offset_index":-2}},{"type":"Feature","id":"cercanias-route-98","geometry":{"type":"LineString","coordinates":[[-3.73361,40.31012],[-3.7344,40.3085],[-3.73483,40.30743],[-3.73526,40.30656],[-3.73547,40.30485],[-3.73554,40.30409],[-3.73591,40.30075],[-3.73622,40.29834],[-3.73672,40.29374],[-3.73737,40.28824]]},"properties":{"kind":"route","mode":"cercanias","route":"C-4A","name":"Cercanías C-4A","destination":"GETAFE SECTOR 3","direction":"2","color":"#0058A0","source_date":"2026-05-29","terminus":"PARLA","offset_index":2}},{"type":"Feature","id":"cercanias-route-99","geometry":{"type":"LineString","coordinates":[[-3.7693,40.24105],[-3.76686,40.24713],[-3.76671,40.24743],[-3.76652,40.24766],[-3.76621,40.24793],[-3.76529,40.24853],[-3.76486,40.24874],[-3.76423,40.24899],[-3.76356,40.24915],[-3.76291,40.24922],[-3.76228,40.24922],[-3.76157,40.24917],[-3.76085,40.249],[-3.76016,40.24875],[-3.75956,40.24844],[-3.75915,40.24815],[-3.75857,40.24761],[-3.75761,40.24642],[-3.75707,40.24585],[-3.75641,40.24527],[-3.7557,40.24478],[-3.75497,40.24438],[-3.75406,40.24399],[-3.75333,40.24375],[-3.75274,40.24361],[-3.75145,40.24339],[-3.75067,40.24334],[-3.74981,40.24336],[-3.74865,40.24347],[-3.74729,40.24378],[-3.74603,40.24424],[-3.74477,40.24492],[-3.74398,40.24546],[-3.74332,40.24609],[-3.74251,40.24712],[-3.74215,40.24783],[-3.74191,40.24841],[-3.74166,40.24962],[-3.74163,40.25036],[-3.74116,40.25422],[-3.73973,40.26712],[-3.73943,40.26943],[-3.73886,40.27478],[-3.73731,40.28823]]},"properties":{"kind":"route","mode":"cercanias","route":"C-4B","name":"Cercanías C-4B","destination":"GETAFE SECTOR 3","direction":"1","color":"#0058A0","source_date":"2026-05-29","terminus":"COLMENAR VIEJO","offset_index":-1}},{"type":"Feature","id":"cercanias-route-100","geometry":{"type":"LineString","coordinates":[[-3.73361,40.31012],[-3.7344,40.3085],[-3.73483,40.30743],[-3.73526,40.30656],[-3.73547,40.30485],[-3.73554,40.30409],[-3.73591,40.30075],[-3.73622,40.29834],[-3.73672,40.29374],[-3.73737,40.28824]]},"properties":{"kind":"route","mode":"cercanias","route":"C-4B","name":"Cercanías C-4B","destination":"GETAFE SECTOR 3","direction":"2","color":"#0058A0","source_date":"2026-05-29","terminus":"PARLA","offset_index":1}},{"type":"Feature","id":"cercanias-route-101","geometry":{"type":"LineString","coordinates":[[-3.73354,40.3101],[-3.73081,40.31591],[-3.72735,40.32303]]},"properties":{"kind":"route","mode":"cercanias","route":"C-4A","name":"Cercanías C-4A","destination":"MARGARITAS-UNIVERSIDAD, LAS","direction":"1","color":"#0058A0","source_date":"2026-05-29","terminus":"ALCOBENDAS-S.S. DE LOS REYES","offset_index":-2}},{"type":"Feature","id":"cercanias-route-102","geometry":{"type":"LineString","coordinates":[[-3.71167,40.3413],[-3.71524,40.34148],[-3.71612,40.34146],[-3.71663,40.34139],[-3.71736,40.34117],[-3.71795,40.34092],[-3.71848,40.34061],[-3.71892,40.34025],[-3.71933,40.33976],[-3.71981,40.33879],[-3.72231,40.33365],[-3.72281,40.33269],[-3.72741,40.32305]]},"properties":{"kind":"route","mode":"cercanias","route":"C-4A","name":"Cercanías C-4A","destination":"MARGARITAS-UNIVERSIDAD, LAS","direction":"2","color":"#0058A0","source_date":"2026-05-29","terminus":"PARLA","offset_index":2}},{"type":"Feature","id":"cercanias-route-103","geometry":{"type":"LineString","coordinates":[[-3.73354,40.3101],[-3.73081,40.31591],[-3.72735,40.32303]]},"properties":{"kind":"route","mode":"cercanias","route":"C-4B","name":"Cercanías C-4B","destination":"MARGARITAS-UNIVERSIDAD, LAS","direction":"1","color":"#0058A0","source_date":"2026-05-29","terminus":"COLMENAR VIEJO","offset_index":-1}},{"type":"Feature","id":"cercanias-route-104","geometry":{"type":"LineString","coordinates":[[-3.71167,40.3413],[-3.71524,40.34148],[-3.71612,40.34146],[-3.71663,40.34139],[-3.71736,40.34117],[-3.71795,40.34092],[-3.71848,40.34061],[-3.71892,40.34025],[-3.71933,40.33976],[-3.71981,40.33879],[-3.72231,40.33365],[-3.72281,40.33269],[-3.72741,40.32305]]},"properties":{"kind":"route","mode":"cercanias","route":"C-4B","name":"Cercanías C-4B","destination":"MARGARITAS-UNIVERSIDAD, LAS","direction":"2","color":"#0058A0","source_date":"2026-05-29","terminus":"PARLA","offset_index":1}},{"type":"Feature","id":"cercanias-route-105","geometry":{"type":"LineString","coordinates":[[-3.70753,40.30548],[-3.70861,40.31268],[-3.7094,40.31687],[-3.70968,40.31865]]},"properties":{"kind":"route","mode":"cercanias","route":"C-3","name":"Cercanías C-3","destination":"CASAR, EL","direction":"1","color":"#A02E86","source_date":"2026-05-29","terminus":"MADRID CHAMARTÍN-CLARA CAMPOAMOR","offset_index":3}},{"type":"Feature","id":"cercanias-route-106","geometry":{"type":"LineString","coordinates":[[-3.69879,40.3318],[-3.69956,40.33161],[-3.70039,40.33137],[-3.70083,40.33124],[-3.70161,40.33096],[-3.70285,40.33042],[-3.7039,40.32987],[-3.70489,40.32926],[-3.70569,40.32866],[-3.70642,40.32803],[-3.70679,40.32767],[-3.70727,40.32714],[-3.70786,40.3264],[-3.70837,40.3256],[-3.70872,40.32498],[-3.70916,40.32402],[-3.70958,40.32276],[-3.70974,40.32205],[-3.70984,40.32125],[-3.70986,40.32088],[-3.70988,40.31998],[-3.70974,40.31865]]},"properties":{"kind":"route","mode":"cercanias","route":"C-3","name":"Cercanías C-3","destination":"CASAR, EL","direction":"2","color":"#A02E86","source_date":"2026-05-29","terminus":"ARANJUEZ","offset_index":3}},{"type":"Feature","id":"cercanias-route-107","geometry":{"type":"LineString","coordinates":[[-3.79921,40.28323],[-3.79948,40.28275],[-3.79991,40.28215],[-3.80016,40.28189],[-3.8009,40.28123],[-3.80629,40.27744],[-3.80854,40.27592],[-3.80924,40.27539],[-3.81084,40.27427],[-3.8115,40.27373],[-3.81211,40.2732],[-3.81267,40.27265],[-3.81472,40.27047],[-3.82429,40.26018],[-3.82624,40.25805],[-3.8285,40.25567]]},"properties":{"kind":"route","mode":"cercanias","route":"C-5","name":"Cercanías C-5","destination":"HUMANES","direction":"1","color":"#FFB911","source_date":"2026-05-29","terminus":"HUMANES","offset_index":0}},{"type":"Feature","id":"cercanias-route-108","geometry":{"type":"LineString","coordinates":[[-3.7483,40.34088],[-3.75251,40.34074],[-3.75355,40.34068],[-3.75425,40.3406],[-3.7551,40.34046],[-3.75599,40.3402],[-3.75618,40.34013],[-3.75697,40.33975],[-3.75786,40.33925],[-3.7625,40.33641],[-3.76358,40.33577],[-3.76567,40.33446],[-3.76712,40.3335],[-3.76788,40.33289],[-3.76873,40.33205],[-3.77134,40.32897]]},"properties":{"kind":"route","mode":"cercanias","route":"C-5","name":"Cercanías C-5","destination":"LEGANES","direction":"1","color":"#FFB911","source_date":"2026-05-29","terminus":"HUMANES","offset_index":0}},{"type":"Feature","id":"cercanias-route-109","geometry":{"type":"LineString","coordinates":[[-3.78335,40.31243],[-3.78273,40.31355],[-3.78136,40.31589],[-3.78013,40.31804],[-3.77973,40.3187],[-3.77927,40.31939],[-3.77805,40.32094],[-3.77654,40.3227],[-3.77603,40.32334],[-3.77517,40.32433],[-3.77477,40.32483],[-3.77128,40.32894]]},"properties":{"kind":"route","mode":"cercanias","route":"C-5","name":"Cercanías C-5","destination":"LEGANES","direction":"2","color":"#FFB911","source_date":"2026-05-29","terminus":"MÓSTOLES EL SOTO","offset_index":0}},{"type":"Feature","id":"cercanias-route-110","geometry":{"type":"LineString","coordinates":[[-3.77128,40.32894],[-3.77117,40.3291],[-3.76868,40.33202],[-3.76783,40.33286],[-3.76707,40.33346],[-3.76563,40.33442],[-3.76354,40.33573],[-3.76246,40.33637],[-3.75782,40.33921],[-3.75693,40.33971],[-3.75614,40.34009],[-3.75596,40.34015],[-3.75508,40.34041],[-3.75424,40.34055],[-3.75354,40.34063],[-3.7525,40.34069],[-3.7483,40.34082]]},"properties":{"kind":"route","mode":"cercanias","route":"C-5","name":"Cercanías C-5","destination":"ZARZAQUEMADA","direction":"2","color":"#FFB911","source_date":"2026-05-29","terminus":"MÓSTOLES EL SOTO","offset_index":0}},{"type":"Feature","id":"cercanias-route-111","geometry":{"type":"LineString","coordinates":[[-3.71166,40.3414],[-3.7177,40.34173],[-3.71991,40.34174],[-3.72167,40.34167],[-3.73838,40.34118],[-3.73896,40.34118],[-3.7483,40.34088]]},"properties":{"kind":"route","mode":"cercanias","route":"C-5","name":"Cercanías C-5","destination":"ZARZAQUEMADA","direction":"1","color":"#FFB911","source_date":"2026-05-29","terminus":"HUMANES","offset_index":0}},{"type":"Feature","id":"cercanias-route-112","geometry":{"type":"LineString","coordinates":[[-3.77134,40.32897],[-3.77482,40.32485],[-3.77522,40.32435],[-3.77608,40.32336],[-3.77659,40.32273],[-3.7781,40.32097],[-3.77932,40.31941],[-3.77979,40.31872],[-3.78019,40.31805],[-3.78141,40.3159],[-3.78278,40.31357],[-3.7834,40.31245]]},"properties":{"kind":"route","mode":"cercanias","route":"C-5","name":"Cercanías C-5","destination":"PARQUE POLVORANCA","direction":"1","color":"#FFB911","source_date":"2026-05-29","terminus":"HUMANES","offset_index":0}},{"type":"Feature","id":"cercanias-route-113","geometry":{"type":"LineString","coordinates":[[-3.79248,40.29664],[-3.79191,40.29764],[-3.79156,40.29832],[-3.78348,40.31223],[-3.78335,40.31243]]},"properties":{"kind":"route","mode":"cercanias","route":"C-5","name":"Cercanías C-5","destination":"PARQUE POLVORANCA","direction":"2","color":"#FFB911","source_date":"2026-05-29","terminus":"MÓSTOLES EL SOTO","offset_index":0}},{"type":"Feature","id":"cercanias-route-114","geometry":{"type":"LineString","coordinates":[[-3.76767,40.38368],[-3.76919,40.38334],[-3.77533,40.38208],[-3.77948,40.38115]]},"properties":{"kind":"route","mode":"cercanias","route":"C-5","name":"Cercanías C-5","destination":"ÁGUILAS, LAS","direction":"2","color":"#FFB911","source_date":"2026-05-29","terminus":"MÓSTOLES EL SOTO","offset_index":0}},{"type":"Feature","id":"cercanias-route-115","geometry":{"type":"LineString","coordinates":[[-3.79107,40.37789],[-3.78757,40.37977],[-3.78579,40.38051],[-3.78554,40.38054],[-3.78511,40.38051],[-3.78347,40.38028],[-3.78314,40.38032],[-3.77946,40.3811]]},"properties":{"kind":"route","mode":"cercanias","route":"C-5","name":"Cercanías C-5","destination":"ÁGUILAS, LAS","direction":"1","color":"#FFB911","source_date":"2026-05-29","terminus":"HUMANES","offset_index":0}},{"type":"Feature","id":"cercanias-route-116","geometry":{"type":"LineString","coordinates":[[-3.74433,40.39881],[-3.74682,40.39856],[-3.75123,40.39843],[-3.75379,40.3983],[-3.75472,40.39829],[-3.75584,40.39796],[-3.75676,40.39722],[-3.75734,40.39622],[-3.75777,40.39515],[-3.7581,40.39341],[-3.75838,40.391],[-3.75887,40.38803],[-3.75902,40.38766],[-3.75925,40.38716],[-3.7604,40.38618],[-3.76132,40.38573]]},"properties":{"kind":"route","mode":"cercanias","route":"C-5","name":"Cercanías C-5","destination":"ALUCHE","direction":"2","color":"#FFB911","source_date":"2026-05-29","terminus":"MÓSTOLES EL SOTO","offset_index":0}},{"type":"Feature","id":"cercanias-route-117","geometry":{"type":"LineString","coordinates":[[-3.76766,40.38365],[-3.76392,40.38446],[-3.76128,40.3857]]},"properties":{"kind":"route","mode":"cercanias","route":"C-5","name":"Cercanías C-5","destination":"ALUCHE","direction":"1","color":"#FFB911","source_date":"2026-05-29","terminus":"HUMANES","offset_index":0}},{"type":"Feature","id":"cercanias-route-118","geometry":{"type":"LineString","coordinates":[[-3.79903,40.44692],[-3.7984,40.44673],[-3.79796,40.44664],[-3.79728,40.44654],[-3.79692,40.4465],[-3.7962,40.44649],[-3.79546,40.44654],[-3.79502,40.44659],[-3.79411,40.44679],[-3.78921,40.4481],[-3.78849,40.44826],[-3.78765,40.44841],[-3.78705,40.44849],[-3.78604,40.44855],[-3.78523,40.44856]]},"properties":{"kind":"route","mode":"cercanias","route":"C-7","name":"Cercanías C-7","destination":"ARAVACA","direction":"1","color":"#DF0221","source_date":"2026-05-29","terminus":"PRÍNCIPE PÍO","offset_index":1}},{"type":"Feature","id":"cercanias-route-119","geometry":{"type":"LineString","coordinates":[[-3.7191,40.4218],[-3.72298,40.4248],[-3.7247,40.426],[-3.72532,40.42664],[-3.72689,40.42854],[-3.72853,40.43044],[-3.72988,40.43203],[-3.73017,40.43234],[-3.73048,40.43262],[-3.73083,40.43288],[-3.73159,40.43326],[-3.73223,40.43347],[-3.73261,40.43354],[-3.73357,40.43362],[-3.73915,40.43384],[-3.73966,40.43389],[-3.74036,40.43401],[-3.74068,40.43408],[-3.74142,40.43433],[-3.74215,40.4347],[-3.74246,40.43488],[-3.74305,40.43529],[-3.74709,40.43904],[-3.74759,40.43944],[-3.74811,40.43978],[-3.74905,40.44031],[-3.74995,40.44076],[-3.75094,40.44117],[-3.76757,40.4477],[-3.7692,40.44828],[-3.77004,40.44851],[-3.77079,40.44866],[-3.77165,40.44877],[-3.77197,40.4488],[-3.77282,40.44883],[-3.77573,40.44881],[-3.78524,40.44861]]},"properties":{"kind":"route","mode":"cercanias","route":"C-7","name":"Cercanías C-7","destination":"ARAVACA","direction":"2","color":"#DF0221","source_date":"2026-05-29","terminus":"ALCALÁ DE HENARES","offset_index":-1}},{"type":"Feature","id":"cercanias-route-120","geometry":{"type":"LineString","coordinates":[[-3.79903,40.44692],[-3.7984,40.44673],[-3.79796,40.44664],[-3.79728,40.44654],[-3.79692,40.4465],[-3.7962,40.44649],[-3.79546,40.44654],[-3.79502,40.44659],[-3.79411,40.44679],[-3.78921,40.4481],[-3.78849,40.44826],[-3.78765,40.44841],[-3.78705,40.44849],[-3.78604,40.44855],[-3.78523,40.44856]]},"properties":{"kind":"route","mode":"cercanias","route":"C-10","name":"Cercanías C-10","destination":"ARAVACA","direction":"1","color":"#90B70E","source_date":"2026-05-29","terminus":"MADRID CHAMARTÍN-CLARA CAMPOAMOR","offset_index":5}},{"type":"Feature","id":"cercanias-route-121","geometry":{"type":"LineString","coordinates":[[-3.71903,40.42185],[-3.72195,40.42422],[-3.72433,40.42572],[-3.7247,40.426],[-3.72532,40.42664],[-3.72689,40.42854],[-3.72853,40.43044],[-3.72988,40.43203],[-3.73017,40.43234],[-3.73048,40.43262],[-3.73083,40.43288],[-3.73159,40.43326],[-3.73223,40.43347],[-3.73261,40.43354],[-3.73357,40.43362],[-3.73915,40.43384],[-3.73966,40.43389],[-3.74036,40.43401],[-3.74068,40.43408],[-3.74142,40.43433],[-3.74215,40.4347],[-3.74246,40.43488],[-3.74305,40.43529],[-3.74709,40.43904],[-3.74759,40.43944],[-3.74811,40.43978],[-3.74905,40.44031],[-3.74995,40.44076],[-3.75094,40.44117],[-3.76757,40.4477],[-3.7692,40.44828],[-3.77004,40.44851],[-3.77079,40.44866],[-3.77165,40.44877],[-3.77197,40.4488],[-3.77282,40.44883],[-3.77573,40.44881],[-3.78524,40.44861]]},"properties":{"kind":"route","mode":"cercanias","route":"C-10","name":"Cercanías C-10","destination":"ARAVACA","direction":"2","color":"#90B70E","source_date":"2026-05-29","terminus":"VILLALBA DE GUADARRAMA","offset_index":-5}},{"type":"Feature","id":"cercanias-route-122","geometry":{"type":"LineString","coordinates":[[-3.65604,40.3762],[-3.65671,40.37627],[-3.6581,40.37651],[-3.65936,40.37681],[-3.66114,40.37739],[-3.66235,40.37787],[-3.66406,40.37873],[-3.66558,40.37967],[-3.6665,40.38036],[-3.66779,40.38153]]},"properties":{"kind":"route","mode":"cercanias","route":"C-2","name":"Cercanías C-2","destination":"ASAMBLEA DE MADRID-ENTREVÍAS","direction":"1","color":"#048947","source_date":"2026-05-29","terminus":"MADRID CHAMARTÍN-CLARA CAMPOAMOR","offset_index":4}},{"type":"Feature","id":"cercanias-route-123","geometry":{"type":"LineString","coordinates":[[-3.68684,40.40448],[-3.68579,40.40353],[-3.68523,40.40306],[-3.68452,40.40259],[-3.68404,40.40236],[-3.68282,40.40193],[-3.68154,40.40153],[-3.68011,40.40101],[-3.67807,40.40007],[-3.67739,40.3997],[-3.6768,40.3993],[-3.67606,40.39866],[-3.67529,40.39796],[-3.67483,40.39745],[-3.67433,40.39677],[-3.67418,40.39651],[-3.67376,40.39571],[-3.67305,40.39376],[-3.67294,40.39342],[-3.6728,40.39288],[-3.67225,40.39055],[-3.67187,40.3891],[-3.67115,40.38676],[-3.67065,40.3854],[-3.67007,40.38429],[-3.66891,40.38254],[-3.66788,40.3815]]},"properties":{"kind":"route","mode":"cercanias","route":"C-2","name":"Cercanías C-2","destination":"ASAMBLEA DE MADRID-ENTREVÍAS","direction":"2","color":"#048947","source_date":"2026-05-29","terminus":"GUADALAJARA","offset_index":-4}},{"type":"Feature","id":"cercanias-route-124","geometry":{"type":"LineString","coordinates":[[-3.68684,40.40448],[-3.68579,40.40353],[-3.68523,40.40306],[-3.68452,40.40259],[-3.68404,40.40236],[-3.68282,40.40193],[-3.68154,40.40153],[-3.68011,40.40101],[-3.67807,40.40007],[-3.67739,40.3997],[-3.6768,40.3993],[-3.67606,40.39866],[-3.67529,40.39796],[-3.67483,40.39745],[-3.67433,40.39677],[-3.67418,40.39651],[-3.67376,40.39571],[-3.67305,40.39376],[-3.67294,40.39342],[-3.6728,40.39288],[-3.67225,40.39055],[-3.67187,40.3891],[-3.67115,40.38676],[-3.67065,40.3854],[-3.67007,40.38429],[-3.66891,40.38254],[-3.66788,40.3815]]},"properties":{"kind":"route","mode":"cercanias","route":"C-7","name":"Cercanías C-7","destination":"ASAMBLEA DE MADRID-ENTREVÍAS","direction":"2","color":"#DF0221","source_date":"2026-05-29","terminus":"ALCALÁ DE HENARES","offset_index":1}},{"type":"Feature","id":"cercanias-route-125","geometry":{"type":"LineString","coordinates":[[-3.65604,40.3762],[-3.65671,40.37627],[-3.6581,40.37651],[-3.65936,40.37681],[-3.66114,40.37739],[-3.66235,40.37787],[-3.66406,40.37873],[-3.66558,40.37967],[-3.6665,40.38036],[-3.66779,40.38153]]},"properties":{"kind":"route","mode":"cercanias","route":"C-8B","name":"Cercanías C-8B","destination":"ASAMBLEA DE MADRID-ENTREVÍAS","direction":"1","color":"#048947","source_date":"2026-05-29","terminus":"CERCEDILLA","offset_index":-3}},{"type":"Feature","id":"cercanias-route-126","geometry":{"type":"LineString","coordinates":[[-3.68684,40.40448],[-3.68579,40.40353],[-3.68523,40.40306],[-3.68452,40.40259],[-3.68404,40.40236],[-3.68282,40.40193],[-3.68154,40.40153],[-3.68011,40.40101],[-3.67807,40.40007],[-3.67739,40.3997],[-3.6768,40.3993],[-3.67606,40.39866],[-3.67529,40.39796],[-3.67483,40.39745],[-3.67433,40.39677],[-3.67418,40.39651],[-3.67376,40.39571],[-3.67305,40.39376],[-3.67294,40.39342],[-3.6728,40.39288],[-3.67225,40.39055],[-3.67187,40.3891],[-3.67115,40.38676],[-3.67065,40.3854],[-3.67007,40.38429],[-3.66891,40.38254],[-3.66788,40.3815]]},"properties":{"kind":"route","mode":"cercanias","route":"C-8B","name":"Cercanías C-8B","destination":"ASAMBLEA DE MADRID-ENTREVÍAS","direction":"2","color":"#048947","source_date":"2026-05-29","terminus":"GUADALAJARA","offset_index":3}},{"type":"Feature","id":"cercanias-route-127","geometry":{"type":"LineString","coordinates":[[-3.65604,40.3762],[-3.65671,40.37627],[-3.6581,40.37651],[-3.65936,40.37681],[-3.66114,40.37739],[-3.66235,40.37787],[-3.66406,40.37873],[-3.66558,40.37967],[-3.6665,40.38036],[-3.66779,40.38153]]},"properties":{"kind":"route","mode":"cercanias","route":"C-7","name":"Cercanías C-7","destination":"ASAMBLEA DE MADRID-ENTREVÍAS","direction":"1","color":"#DF0221","source_date":"2026-05-29","terminus":"PRÍNCIPE PÍO","offset_index":-1}},{"type":"Feature","id":"cercanias-route-128","geometry":{"type":"LineString","coordinates":[[-3.65604,40.3762],[-3.65671,40.37627],[-3.6581,40.37651],[-3.65936,40.37681],[-3.66114,40.37739],[-3.66235,40.37787],[-3.66406,40.37873],[-3.66558,40.37967],[-3.6665,40.38036],[-3.66779,40.38153]]},"properties":{"kind":"route","mode":"cercanias","route":"C-8A","name":"Cercanías C-8A","destination":"ASAMBLEA DE MADRID-ENTREVÍAS","direction":"1","color":"#048947","source_date":"2026-05-29","terminus":"SANTA MARÍA DE LA ALAMEDA","offset_index":-2}},{"type":"Feature","id":"cercanias-route-129","geometry":{"type":"LineString","coordinates":[[-3.68684,40.40448],[-3.68579,40.40353],[-3.68523,40.40306],[-3.68452,40.40259],[-3.68404,40.40236],[-3.68282,40.40193],[-3.68154,40.40153],[-3.68011,40.40101],[-3.67807,40.40007],[-3.67739,40.3997],[-3.6768,40.3993],[-3.67606,40.39866],[-3.67529,40.39796],[-3.67483,40.39745],[-3.67433,40.39677],[-3.67418,40.39651],[-3.67376,40.39571],[-3.67305,40.39376],[-3.67294,40.39342],[-3.6728,40.39288],[-3.67225,40.39055],[-3.67187,40.3891],[-3.67115,40.38676],[-3.67065,40.3854],[-3.67007,40.38429],[-3.66891,40.38254],[-3.66788,40.3815]]},"properties":{"kind":"route","mode":"cercanias","route":"C-8A","name":"Cercanías C-8A","destination":"ASAMBLEA DE MADRID-ENTREVÍAS","direction":"2","color":"#048947","source_date":"2026-05-29","terminus":"GUADALAJARA","offset_index":2}},{"type":"Feature","id":"cercanias-route-130","geometry":{"type":"LineString","coordinates":[[-3.68404,40.35278],[-3.68403,40.35454],[-3.68399,40.35502],[-3.68387,40.35575],[-3.68376,40.35615],[-3.6831,40.35727],[-3.68284,40.35763],[-3.6825,40.35805],[-3.68192,40.35869],[-3.68025,40.36044],[-3.67999,40.36076],[-3.67961,40.36134],[-3.67935,40.36188],[-3.67885,40.36304],[-3.67851,40.36391],[-3.6784,40.36425],[-3.67817,40.36538],[-3.67792,40.36741],[-3.67794,40.36832],[-3.67801,40.36877],[-3.67823,40.36957],[-3.67889,40.37106],[-3.67941,40.3721],[-3.67984,40.37288],[-3.68134,40.37521],[-3.68191,40.37612],[-3.68201,40.37634],[-3.68215,40.37678],[-3.68253,40.37839],[-3.68261,40.37916],[-3.68258,40.37957],[-3.68251,40.37995],[-3.68239,40.38031],[-3.68212,40.38089],[-3.68186,40.38128],[-3.68151,40.38171],[-3.68064,40.38259],[-3.67476,40.38836],[-3.6741,40.38914],[-3.67393,40.3894],[-3.67362,40.38997],[-3.67341,40.39043],[-3.67332,40.39071],[-3.67317,40.39129],[-3.67312,40.3917],[-3.6731,40.39242],[-3.67316,40.39302],[-3.67327,40.39345],[-3.67382,40.39522],[-3.67394,40.3955],[-3.67433,40.39621],[-3.67473,40.39681],[-3.6751,40.39729],[-3.67557,40.39782],[-3.67619,40.39843],[-3.67751,40.39954],[-3.67813,40.39992],[-3.67912,40.40033],[-3.68324,40.4016],[-3.68369,40.40175],[-3.68397,40.40188],[-3.68539,40.40303],[-3.68586,40.40335],[-3.68707,40.40434]]},"properties":{"kind":"route","mode":"cercanias","route":"C-4A","name":"Cercanías C-4A","destination":"MADRID ATOCHA CERCANÍAS","direction":"1","color":"#0058A0","source_date":"2026-05-29","terminus":"ALCOBENDAS-S.S. DE LOS REYES","offset_index":2}},{"type":"Feature","id":"cercanias-route-131","geometry":{"type":"LineString","coordinates":[[-3.69113,40.42349],[-3.69362,40.41724],[-3.69381,40.41562],[-3.6937,40.41504],[-3.69295,40.41201],[-3.69268,40.41104],[-3.69232,40.40989],[-3.69148,40.40879],[-3.69046,40.40768],[-3.68954,40.40682],[-3.68927,40.40653],[-3.68791,40.40541],[-3.68684,40.40448]]},"properties":{"kind":"route","mode":"cercanias","route":"C-2","name":"Cercanías C-2","destination":"MADRID ATOCHA CERCANÍAS","direction":"2","color":"#048947","source_date":"2026-05-29","terminus":"GUADALAJARA","offset_index":-4}},{"type":"Feature","id":"cercanias-route-132","geometry":{"type":"LineString","coordinates":[[-3.70296,40.41683],[-3.70304,40.41662],[-3.70309,40.41635],[-3.70312,40.41588],[-3.70308,40.41547],[-3.70297,40.41505],[-3.70278,40.41459],[-3.70233,40.414],[-3.70211,40.41377],[-3.70158,40.41337],[-3.70134,40.41322],[-3.69938,40.41228],[-3.69329,40.40944],[-3.6929,40.40919],[-3.69247,40.40887],[-3.69227,40.40868],[-3.69117,40.40777],[-3.68962,40.40685],[-3.6885,40.40569],[-3.6871,40.40432]]},"properties":{"kind":"route","mode":"cercanias","route":"C-4A","name":"Cercanías C-4A","destination":"MADRID ATOCHA CERCANÍAS","direction":"2","color":"#0058A0","source_date":"2026-05-29","terminus":"PARLA","offset_index":-2}},{"type":"Feature","id":"cercanias-route-133","geometry":{"type":"LineString","coordinates":[[-3.70273,40.40509],[-3.7019,40.40512],[-3.70013,40.4055],[-3.69953,40.4057],[-3.697,40.40643],[-3.69534,40.40689],[-3.69338,40.40749],[-3.69265,40.40763],[-3.69199,40.40767],[-3.6913,40.4076],[-3.69078,40.40747],[-3.69039,40.4073],[-3.68962,40.40685],[-3.68879,40.40599],[-3.68801,40.40497],[-3.68722,40.40424]]},"properties":{"kind":"route","mode":"cercanias","route":"C-5","name":"Cercanías C-5","destination":"MADRID ATOCHA CERCANÍAS","direction":"1","color":"#FFB911","source_date":"2026-05-29","terminus":"HUMANES","offset_index":0}},{"type":"Feature","id":"cercanias-route-134","geometry":{"type":"LineString","coordinates":[[-3.66779,40.38153],[-3.66884,40.38257],[-3.66999,40.38432],[-3.67057,40.38541],[-3.67107,40.38678],[-3.67179,40.38912],[-3.67217,40.39057],[-3.67271,40.39289],[-3.67286,40.39343],[-3.67298,40.39378],[-3.67368,40.39574],[-3.6741,40.39654],[-3.67426,40.3968],[-3.67476,40.39748],[-3.67522,40.39799],[-3.67599,40.3987],[-3.67675,40.39935],[-3.67734,40.39975],[-3.67802,40.40012],[-3.68007,40.40106],[-3.68151,40.40159],[-3.68279,40.40199],[-3.684,40.40242],[-3.68447,40.40264],[-3.68518,40.4031],[-3.6864,40.40413],[-3.6868,40.40451]]},"properties":{"kind":"route","mode":"cercanias","route":"C-2","name":"Cercanías C-2","destination":"MADRID ATOCHA CERCANÍAS","direction":"1","color":"#048947","source_date":"2026-05-29","terminus":"MADRID CHAMARTÍN-CLARA CAMPOAMOR","offset_index":4}},{"type":"Feature","id":"cercanias-route-135","geometry":{"type":"LineString","coordinates":[[-3.68404,40.35278],[-3.68403,40.35454],[-3.68399,40.35502],[-3.68387,40.35575],[-3.68376,40.35615],[-3.6831,40.35727],[-3.68284,40.35763],[-3.6825,40.35805],[-3.68192,40.35869],[-3.68025,40.36044],[-3.67999,40.36076],[-3.67961,40.36134],[-3.67935,40.36188],[-3.67885,40.36304],[-3.67851,40.36391],[-3.6784,40.36425],[-3.67817,40.36538],[-3.67792,40.36741],[-3.67794,40.36832],[-3.67801,40.36877],[-3.67823,40.36957],[-3.67889,40.37106],[-3.67941,40.3721],[-3.67984,40.37288],[-3.68134,40.37521],[-3.68191,40.37612],[-3.68201,40.37634],[-3.68215,40.37678],[-3.68253,40.37839],[-3.68261,40.37916],[-3.68258,40.37957],[-3.68251,40.37995],[-3.68239,40.38031],[-3.68212,40.38089],[-3.68186,40.38128],[-3.68151,40.38171],[-3.68064,40.38259],[-3.67476,40.38836],[-3.6741,40.38914],[-3.67393,40.3894],[-3.67362,40.38997],[-3.67341,40.39043],[-3.67332,40.39071],[-3.67317,40.39129],[-3.67312,40.3917],[-3.6731,40.39242],[-3.67316,40.39302],[-3.67327,40.39345],[-3.67382,40.39522],[-3.67394,40.3955],[-3.67433,40.39621],[-3.67473,40.39681],[-3.6751,40.39729],[-3.67557,40.39782],[-3.67619,40.39843],[-3.67751,40.39954],[-3.67813,40.39992],[-3.67912,40.40033],[-3.68324,40.4016],[-3.68369,40.40175],[-3.68397,40.40188],[-3.68539,40.40303],[-3.68586,40.40335],[-3.68707,40.40434]]},"properties":{"kind":"route","mode":"cercanias","route":"C-4B","name":"Cercanías C-4B","destination":"MADRID ATOCHA CERCANÍAS","direction":"1","color":"#0058A0","source_date":"2026-05-29","terminus":"COLMENAR VIEJO","offset_index":1}},{"type":"Feature","id":"cercanias-route-136","geometry":{"type":"LineString","coordinates":[[-3.70296,40.41683],[-3.70304,40.41662],[-3.70309,40.41635],[-3.70312,40.41588],[-3.70308,40.41547],[-3.70297,40.41505],[-3.70278,40.41459],[-3.70233,40.414],[-3.70211,40.41377],[-3.70158,40.41337],[-3.70134,40.41322],[-3.69938,40.41228],[-3.69329,40.40944],[-3.6929,40.40919],[-3.69247,40.40887],[-3.69227,40.40868],[-3.69117,40.40777],[-3.68962,40.40685],[-3.6885,40.40569],[-3.6871,40.40432]]},"properties":{"kind":"route","mode":"cercanias","route":"C-4B","name":"Cercanías C-4B","destination":"MADRID ATOCHA CERCANÍAS","direction":"2","color":"#0058A0","source_date":"2026-05-29","terminus":"PARLA","offset_index":-1}},{"type":"Feature","id":"cercanias-route-137","geometry":{"type":"LineString","coordinates":[[-3.68039,40.39475],[-3.68004,40.39518],[-3.67971,40.3958],[-3.6796,40.39632],[-3.67961,40.39706],[-3.67971,40.39745],[-3.6799,40.39795],[-3.68048,40.39873],[-3.68086,40.39912],[-3.68393,40.40168],[-3.68542,40.40287],[-3.6864,40.40371],[-3.6872,40.40426]]},"properties":{"kind":"route","mode":"cercanias","route":"C-5","name":"Cercanías C-5","destination":"MADRID ATOCHA CERCANÍAS","direction":"2","color":"#FFB911","source_date":"2026-05-29","terminus":"MÓSTOLES EL SOTO","offset_index":0}},{"type":"Feature","id":"cercanias-route-138","geometry":{"type":"LineString","coordinates":[[-3.69113,40.42349],[-3.69362,40.41724],[-3.69381,40.41562],[-3.6937,40.41504],[-3.69295,40.41201],[-3.69268,40.41104],[-3.69232,40.40989],[-3.69148,40.40879],[-3.69046,40.40768],[-3.68954,40.40682],[-3.68927,40.40653],[-3.68791,40.40541],[-3.68684,40.40448]]},"properties":{"kind":"route","mode":"cercanias","route":"C-7","name":"Cercanías C-7","destination":"MADRID ATOCHA CERCANÍAS","direction":"2","color":"#DF0221","source_date":"2026-05-29","terminus":"ALCALÁ DE HENARES","offset_index":1}},{"type":"Feature","id":"cercanias-route-139","geometry":{"type":"LineString","coordinates":[[-3.66779,40.38153],[-3.66884,40.38257],[-3.66999,40.38432],[-3.67057,40.38541],[-3.67107,40.38678],[-3.67179,40.38912],[-3.67217,40.39057],[-3.67271,40.39289],[-3.67286,40.39343],[-3.67298,40.39378],[-3.67368,40.39574],[-3.6741,40.39654],[-3.67426,40.3968],[-3.67476,40.39748],[-3.67522,40.39799],[-3.67599,40.3987],[-3.67675,40.39935],[-3.67734,40.39975],[-3.67802,40.40012],[-3.68007,40.40106],[-3.68151,40.40159],[-3.68279,40.40199],[-3.684,40.40242],[-3.68447,40.40264],[-3.68518,40.4031],[-3.6864,40.40413],[-3.6868,40.40451]]},"properties":{"kind":"route","mode":"cercanias","route":"C-8B","name":"Cercanías C-8B","destination":"MADRID ATOCHA CERCANÍAS","direction":"1","color":"#048947","source_date":"2026-05-29","terminus":"CERCEDILLA","offset_index":-3}},{"type":"Feature","id":"cercanias-route-140","geometry":{"type":"LineString","coordinates":[[-3.69113,40.42349],[-3.69362,40.41724],[-3.69381,40.41562],[-3.6937,40.41504],[-3.69295,40.41201],[-3.69268,40.41104],[-3.69232,40.40989],[-3.69148,40.40879],[-3.69046,40.40768],[-3.68954,40.40682],[-3.68927,40.40653],[-3.68791,40.40541],[-3.68684,40.40448]]},"properties":{"kind":"route","mode":"cercanias","route":"C-8B","name":"Cercanías C-8B","destination":"MADRID ATOCHA CERCANÍAS","direction":"2","color":"#048947","source_date":"2026-05-29","terminus":"GUADALAJARA","offset_index":3}},{"type":"Feature","id":"cercanias-route-141","geometry":{"type":"LineString","coordinates":[[-3.68389,40.35279],[-3.68391,40.35454],[-3.68387,40.35506],[-3.68382,40.35539],[-3.6836,40.35626],[-3.68337,40.35679],[-3.6831,40.35727],[-3.68284,40.35763],[-3.6825,40.35805],[-3.68192,40.35869],[-3.68025,40.36044],[-3.67999,40.36076],[-3.67961,40.36134],[-3.67935,40.36188],[-3.67885,40.36304],[-3.67851,40.36391],[-3.6784,40.36425],[-3.67817,40.36538],[-3.67792,40.36741],[-3.67794,40.36832],[-3.67801,40.36877],[-3.67823,40.36957],[-3.67889,40.37106],[-3.67941,40.3721],[-3.67984,40.37288],[-3.68134,40.37521],[-3.68191,40.37612],[-3.68201,40.37634],[-3.68215,40.37678],[-3.68253,40.37839],[-3.68261,40.37916],[-3.68258,40.37957],[-3.68251,40.37995],[-3.68239,40.38031],[-3.68212,40.38089],[-3.68186,40.38128],[-3.68151,40.38171],[-3.68064,40.38259],[-3.67476,40.38836],[-3.6741,40.38914],[-3.67393,40.3894],[-3.67362,40.38997],[-3.67341,40.39043],[-3.67332,40.39071],[-3.67317,40.39129],[-3.67312,40.3917],[-3.6731,40.39242],[-3.67316,40.39302],[-3.67327,40.39345],[-3.67382,40.39522],[-3.67394,40.3955],[-3.67433,40.39621],[-3.67473,40.39681],[-3.6751,40.39729],[-3.67557,40.39782],[-3.67619,40.39843],[-3.67751,40.39954],[-3.67813,40.39992],[-3.67912,40.40033],[-3.68324,40.4016],[-3.68369,40.40175],[-3.68397,40.40188],[-3.68539,40.40303],[-3.68586,40.40335],[-3.68707,40.40434]]},"properties":{"kind":"route","mode":"cercanias","route":"C-3","name":"Cercanías C-3","destination":"MADRID ATOCHA CERCANÍAS","direction":"1","color":"#A02E86","source_date":"2026-05-29","terminus":"MADRID CHAMARTÍN-CLARA CAMPOAMOR","offset_index":3}},{"type":"Feature","id":"cercanias-route-142","geometry":{"type":"LineString","coordinates":[[-3.70296,40.41683],[-3.70304,40.41662],[-3.70309,40.41635],[-3.70312,40.41588],[-3.70308,40.41547],[-3.70297,40.41505],[-3.70278,40.41459],[-3.70233,40.414],[-3.70211,40.41377],[-3.70158,40.41337],[-3.70134,40.41322],[-3.69938,40.41228],[-3.69329,40.40944],[-3.6929,40.40919],[-3.69247,40.40887],[-3.69227,40.40868],[-3.69117,40.40777],[-3.68962,40.40685],[-3.6885,40.40569],[-3.6871,40.40432]]},"properties":{"kind":"route","mode":"cercanias","route":"C-3","name":"Cercanías C-3","destination":"MADRID ATOCHA CERCANÍAS","direction":"2","color":"#A02E86","source_date":"2026-05-29","terminus":"ARANJUEZ","offset_index":-3}},{"type":"Feature","id":"cercanias-route-143","geometry":{"type":"LineString","coordinates":[[-3.66779,40.38153],[-3.66884,40.38257],[-3.66999,40.38432],[-3.67057,40.38541],[-3.67107,40.38678],[-3.67179,40.38912],[-3.67217,40.39057],[-3.67271,40.39289],[-3.67286,40.39343],[-3.67298,40.39378],[-3.67368,40.39574],[-3.6741,40.39654],[-3.67426,40.3968],[-3.67476,40.39748],[-3.67522,40.39799],[-3.67599,40.3987],[-3.67675,40.39935],[-3.67734,40.39975],[-3.67802,40.40012],[-3.68007,40.40106],[-3.68151,40.40159],[-3.68279,40.40199],[-3.684,40.40242],[-3.68447,40.40264],[-3.68518,40.4031],[-3.6864,40.40413],[-3.68677,40.40453]]},"properties":{"kind":"route","mode":"cercanias","route":"C-7","name":"Cercanías C-7","destination":"MADRID ATOCHA CERCANÍAS","direction":"1","color":"#DF0221","source_date":"2026-05-29","terminus":"PRÍNCIPE PÍO","offset_index":-1}},{"type":"Feature","id":"cercanias-route-144","geometry":{"type":"LineString","coordinates":[[-3.66779,40.38153],[-3.66884,40.38257],[-3.66999,40.38432],[-3.67057,40.38541],[-3.67107,40.38678],[-3.67179,40.38912],[-3.67217,40.39057],[-3.67271,40.39289],[-3.67286,40.39343],[-3.67298,40.39378],[-3.67368,40.39574],[-3.6741,40.39654],[-3.67426,40.3968],[-3.67476,40.39748],[-3.67522,40.39799],[-3.67599,40.3987],[-3.67675,40.39935],[-3.67734,40.39975],[-3.67802,40.40012],[-3.68007,40.40106],[-3.68151,40.40159],[-3.68279,40.40199],[-3.684,40.40242],[-3.68447,40.40264],[-3.68518,40.4031],[-3.6864,40.40413],[-3.6868,40.40451]]},"properties":{"kind":"route","mode":"cercanias","route":"C-8A","name":"Cercanías C-8A","destination":"MADRID ATOCHA CERCANÍAS","direction":"1","color":"#048947","source_date":"2026-05-29","terminus":"SANTA MARÍA DE LA ALAMEDA","offset_index":-2}},{"type":"Feature","id":"cercanias-route-145","geometry":{"type":"LineString","coordinates":[[-3.69113,40.42349],[-3.69362,40.41724],[-3.69381,40.41562],[-3.6937,40.41504],[-3.69295,40.41201],[-3.69268,40.41104],[-3.69232,40.40989],[-3.69148,40.40879],[-3.69046,40.40768],[-3.68954,40.40682],[-3.68927,40.40653],[-3.68791,40.40541],[-3.68684,40.40448]]},"properties":{"kind":"route","mode":"cercanias","route":"C-8A","name":"Cercanías C-8A","destination":"MADRID ATOCHA CERCANÍAS","direction":"2","color":"#048947","source_date":"2026-05-29","terminus":"GUADALAJARA","offset_index":2}},{"type":"Feature","id":"cercanias-route-146","geometry":{"type":"LineString","coordinates":[[-3.67812,40.39581],[-3.67771,40.3961],[-3.67744,40.39635],[-3.67726,40.39654],[-3.67709,40.39679],[-3.67698,40.39702],[-3.67693,40.39721],[-3.67687,40.39745],[-3.67687,40.39773],[-3.6769,40.39797],[-3.67724,40.39927],[-3.67803,40.40002],[-3.67921,40.40081],[-3.68033,40.40129],[-3.68079,40.40145],[-3.6838,40.40242],[-3.68414,40.40256],[-3.68478,40.40288],[-3.68591,40.40374],[-3.68677,40.40453]]},"properties":{"kind":"route","mode":"cercanias","route":"C-10","name":"Cercanías C-10","destination":"MADRID ATOCHA CERCANÍAS","direction":"1","color":"#90B70E","source_date":"2026-05-29","terminus":"MADRID CHAMARTÍN-CLARA CAMPOAMOR","offset_index":-5}},{"type":"Feature","id":"cercanias-route-147","geometry":{"type":"LineString","coordinates":[[-3.69113,40.42349],[-3.69362,40.41724],[-3.69381,40.41562],[-3.6937,40.41504],[-3.69295,40.41201],[-3.69268,40.41104],[-3.69232,40.40989],[-3.69148,40.40879],[-3.69046,40.40768],[-3.68954,40.40682],[-3.68927,40.40653],[-3.68825,40.4057],[-3.68693,40.40442]]},"properties":{"kind":"route","mode":"cercanias","route":"C-10","name":"Cercanías C-10","destination":"MADRID ATOCHA CERCANÍAS","direction":"2","color":"#90B70E","source_date":"2026-05-29","terminus":"VILLALBA DE GUADARRAMA","offset_index":5}},{"type":"Feature","id":"cercanias-route-148","geometry":{"type":"LineString","coordinates":[[-3.79896,40.44696],[-3.79952,40.44715],[-3.79989,40.44733],[-3.80061,40.44775],[-3.80099,40.44803],[-3.80133,40.44834],[-3.80171,40.44872],[-3.80203,40.44912],[-3.8023,40.44956],[-3.8025,40.44993],[-3.80266,40.45036],[-3.80279,40.45086],[-3.80283,40.45162],[-3.80276,40.45221],[-3.80269,40.45247],[-3.80249,40.45305],[-3.80227,40.45352],[-3.80188,40.45412],[-3.79971,40.45725],[-3.79946,40.45764],[-3.79922,40.45819],[-3.7991,40.45853],[-3.79901,40.4589],[-3.79896,40.45945],[-3.79895,40.45983],[-3.79896,40.46014],[-3.79903,40.46056],[-3.79911,40.4609],[-3.79928,40.46143],[-3.79963,40.46207],[-3.80047,40.46303],[-3.80062,40.46318],[-3.80124,40.46367],[-3.80225,40.46426],[-3.80317,40.46464],[-3.80413,40.4649],[-3.80667,40.46534]]},"properties":{"kind":"route","mode":"cercanias","route":"C-7","name":"Cercanías C-7","destination":"BARRIAL-C.COM.POZUELO, EL","direction":"2","color":"#DF0221","source_date":"2026-05-29","terminus":"ALCALÁ DE HENARES","offset_index":-1}},{"type":"Feature","id":"cercanias-route-149","geometry":{"type":"LineString","coordinates":[[-3.84511,40.47399],[-3.84447,40.47379],[-3.84304,40.47349],[-3.83998,40.47305],[-3.83134,40.4719],[-3.82887,40.47154],[-3.82838,40.47144],[-3.82767,40.47126],[-3.8269,40.47102],[-3.82379,40.46987],[-3.81743,40.46744],[-3.81579,40.46691],[-3.8147,40.46664],[-3.81393,40.4665],[-3.80668,40.46531]]},"properties":{"kind":"route","mode":"cercanias","route":"C-7","name":"Cercanías C-7","destination":"BARRIAL-C.COM.POZUELO, EL","direction":"1","color":"#DF0221","source_date":"2026-05-29","terminus":"PRÍNCIPE PÍO","offset_index":1}},{"type":"Feature","id":"cercanias-route-150","geometry":{"type":"LineString","coordinates":[[-3.84511,40.47399],[-3.84447,40.47379],[-3.84304,40.47349],[-3.83998,40.47305],[-3.83134,40.4719],[-3.82887,40.47154],[-3.82838,40.47144],[-3.82767,40.47126],[-3.8269,40.47102],[-3.82379,40.46987],[-3.81743,40.46744],[-3.81579,40.46691],[-3.8147,40.46664],[-3.81393,40.4665],[-3.80668,40.46531]]},"properties":{"kind":"route","mode":"cercanias","route":"C-10","name":"Cercanías C-10","destination":"BARRIAL-C.COM.POZUELO, EL","direction":"1","color":"#90B70E","source_date":"2026-05-29","terminus":"MADRID CHAMARTÍN-CLARA CAMPOAMOR","offset_index":5}},{"type":"Feature","id":"cercanias-route-151","geometry":{"type":"LineString","coordinates":[[-3.79896,40.44696],[-3.79952,40.44715],[-3.79989,40.44733],[-3.80061,40.44775],[-3.80099,40.44803],[-3.80133,40.44834],[-3.80171,40.44872],[-3.80203,40.44912],[-3.8023,40.44956],[-3.8025,40.44993],[-3.80266,40.45036],[-3.80279,40.45086],[-3.80283,40.45162],[-3.80276,40.45221],[-3.80269,40.45247],[-3.80249,40.45305],[-3.80227,40.45352],[-3.80188,40.45412],[-3.79971,40.45725],[-3.79946,40.45764],[-3.79922,40.45819],[-3.7991,40.45853],[-3.79901,40.4589],[-3.79896,40.45945],[-3.79895,40.45983],[-3.79896,40.46014],[-3.79903,40.46056],[-3.79911,40.4609],[-3.79928,40.46143],[-3.79963,40.46207],[-3.80047,40.46303],[-3.80062,40.46318],[-3.80124,40.46367],[-3.80225,40.46426],[-3.80317,40.46464],[-3.80413,40.4649],[-3.80667,40.46534]]},"properties":{"kind":"route","mode":"cercanias","route":"C-10","name":"Cercanías C-10","destination":"BARRIAL-C.COM.POZUELO, EL","direction":"2","color":"#90B70E","source_date":"2026-05-29","terminus":"VILLALBA DE GUADARRAMA","offset_index":-5}},{"type":"Feature","id":"cercanias-route-152","geometry":{"type":"LineString","coordinates":[[-3.68215,40.50159],[-3.68361,40.50703],[-3.68378,40.50795],[-3.68404,40.51132],[-3.68438,40.51651],[-3.68448,40.51753],[-3.68478,40.51928],[-3.685,40.52014],[-3.68522,40.52069],[-3.68551,40.5213],[-3.68558,40.5214],[-3.68605,40.52197],[-3.68648,40.52239],[-3.68704,40.52283],[-3.69144,40.52539],[-3.69227,40.526],[-3.69312,40.52677],[-3.69431,40.52833],[-3.69473,40.52904],[-3.69516,40.52991],[-3.69566,40.5311],[-3.69604,40.53191],[-3.69637,40.53245],[-3.69669,40.53284],[-3.69831,40.53457],[-3.69858,40.5349],[-3.69891,40.53542],[-3.69916,40.53599],[-3.69924,40.53653],[-3.69921,40.53692],[-3.69913,40.53734],[-3.69897,40.5377],[-3.69834,40.53828],[-3.69808,40.53905],[-3.69797,40.53955],[-3.69796,40.53988],[-3.69807,40.54033],[-3.69819,40.54064],[-3.69845,40.54116],[-3.69866,40.54144],[-3.6991,40.54188],[-3.70029,40.54372]]},"properties":{"kind":"route","mode":"cercanias","route":"C-4A","name":"Cercanías C-4A","destination":"CANTOBLANCO UNIVERSIDAD","direction":"1","color":"#0058A0","source_date":"2026-05-29","terminus":"ALCOBENDAS-S.S. DE LOS REYES","offset_index":2}},{"type":"Feature","id":"cercanias-route-153","geometry":{"type":"LineString","coordinates":[[-3.68368,40.55405],[-3.69454,40.553],[-3.6977,40.55272],[-3.69831,40.5526],[-3.69888,40.55244],[-3.69949,40.55222],[-3.70006,40.55195],[-3.70095,40.55135],[-3.7017,40.5506],[-3.70193,40.55021],[-3.7022,40.54966],[-3.70239,40.54914],[-3.70245,40.54856],[-3.70242,40.54806],[-3.70231,40.54738],[-3.70196,40.54659],[-3.70079,40.54437],[-3.70034,40.5437]]},"properties":{"kind":"route","mode":"cercanias","route":"C-4A","name":"Cercanías C-4A","destination":"CANTOBLANCO UNIVERSIDAD","direction":"2","color":"#0058A0","source_date":"2026-05-29","terminus":"PARLA","offset_index":2}},{"type":"Feature","id":"cercanias-route-154","geometry":{"type":"LineString","coordinates":[[-3.68215,40.50159],[-3.68361,40.50703],[-3.68378,40.50795],[-3.68404,40.51132],[-3.68438,40.51651],[-3.68448,40.51753],[-3.68478,40.51928],[-3.685,40.52014],[-3.68522,40.52069],[-3.68551,40.5213],[-3.68558,40.5214],[-3.68605,40.52197],[-3.68648,40.52239],[-3.68704,40.52283],[-3.69144,40.52539],[-3.69227,40.526],[-3.69312,40.52677],[-3.69431,40.52833],[-3.69473,40.52904],[-3.69516,40.52991],[-3.69566,40.5311],[-3.69604,40.53191],[-3.69637,40.53245],[-3.69669,40.53284],[-3.69831,40.53457],[-3.69858,40.5349],[-3.69891,40.53542],[-3.69916,40.53599],[-3.69924,40.53653],[-3.69921,40.53692],[-3.69913,40.53734],[-3.69897,40.5377],[-3.69834,40.53828],[-3.69808,40.53905],[-3.69797,40.53955],[-3.69796,40.53988],[-3.69807,40.54033],[-3.69819,40.54064],[-3.69845,40.54116],[-3.69866,40.54144],[-3.6991,40.54188],[-3.70029,40.54372]]},"properties":{"kind":"route","mode":"cercanias","route":"C-4B","name":"Cercanías C-4B","destination":"CANTOBLANCO UNIVERSIDAD","direction":"1","color":"#0058A0","source_date":"2026-05-29","terminus":"COLMENAR VIEJO","offset_index":1}},{"type":"Feature","id":"cercanias-route-155","geometry":{"type":"LineString","coordinates":[[-3.71423,40.55827],[-3.71254,40.55328],[-3.71202,40.55167],[-3.71174,40.55089],[-3.711,40.54905],[-3.71079,40.54865],[-3.71062,40.54841],[-3.71035,40.54812],[-3.71005,40.54788],[-3.70985,40.54779],[-3.70965,40.54775],[-3.70905,40.54776],[-3.70598,40.54745],[-3.70388,40.54731],[-3.70365,40.54729],[-3.70346,40.54722],[-3.7029,40.54696],[-3.70265,40.5468],[-3.70229,40.5465],[-3.7021,40.5463],[-3.70034,40.5437]]},"properties":{"kind":"route","mode":"cercanias","route":"C-4B","name":"Cercanías C-4B","destination":"CANTOBLANCO UNIVERSIDAD","direction":"2","color":"#0058A0","source_date":"2026-05-29","terminus":"PARLA","offset_index":-1}},{"type":"Feature","id":"cercanias-route-156","geometry":{"type":"LineString","coordinates":[[-3.69286,40.44579],[-3.69262,40.44781],[-3.69239,40.44853],[-3.69123,40.45066],[-3.69102,40.45127],[-3.69087,40.45226],[-3.69046,40.45639],[-3.69022,40.45724],[-3.68983,40.45794],[-3.68954,40.45835],[-3.68917,40.45874],[-3.68869,40.45916],[-3.68611,40.46128],[-3.68565,40.46173],[-3.68532,40.4622],[-3.68519,40.46243],[-3.68458,40.46371],[-3.68392,40.46586],[-3.68347,40.46746],[-3.68341,40.4683],[-3.68328,40.4691],[-3.68335,40.47023],[-3.68321,40.47107],[-3.68308,40.47149],[-3.68257,40.4728],[-3.68242,40.4731]]},"properties":{"kind":"route","mode":"cercanias","route":"C-4A","name":"Cercanías C-4A","destination":"MADRID CHAMARTÍN-CLARA CAMPOAMOR","direction":"1","color":"#0058A0","source_date":"2026-05-29","terminus":"ALCOBENDAS-S.S. DE LOS REYES","offset_index":-2}},{"type":"Feature","id":"cercanias-route-157","geometry":{"type":"LineString","coordinates":[[-3.68221,40.50158],[-3.68135,40.4984],[-3.68095,40.49714],[-3.67859,40.49054],[-3.67758,40.48812],[-3.67709,40.48701],[-3.6769,40.48643],[-3.67679,40.48574],[-3.67678,40.48549],[-3.67679,40.48503],[-3.67686,40.48443],[-3.67707,40.48384],[-3.67727,40.4835],[-3.67772,40.48295],[-3.67831,40.48232],[-3.67873,40.48198],[-3.67923,40.48165],[-3.67964,40.4813],[-3.67986,40.48105],[-3.68016,40.48056],[-3.68028,40.48023],[-3.68035,40.47991],[-3.68036,40.47957],[-3.68032,40.47895],[-3.68032,40.47855],[-3.68038,40.47817],[-3.68049,40.47785],[-3.68167,40.47581],[-3.68277,40.47317]]},"properties":{"kind":"route","mode":"cercanias","route":"C-4B","name":"Cercanías C-4B","destination":"MADRID CHAMARTÍN-CLARA CAMPOAMOR","direction":"2","color":"#0058A0","source_date":"2026-05-29","terminus":"PARLA","offset_index":1}},{"type":"Feature","id":"cercanias-route-158","geometry":{"type":"LineString","coordinates":[[-3.68221,40.50158],[-3.68135,40.4984],[-3.68095,40.49714],[-3.67859,40.49054],[-3.67758,40.48812],[-3.67709,40.48701],[-3.6769,40.48643],[-3.67679,40.48574],[-3.67678,40.48549],[-3.67679,40.48503],[-3.67686,40.48443],[-3.67707,40.48384],[-3.67727,40.4835],[-3.67772,40.48295],[-3.67831,40.48232],[-3.67873,40.48198],[-3.67923,40.48165],[-3.67964,40.4813],[-3.67986,40.48105],[-3.68016,40.48056],[-3.68028,40.48023],[-3.68035,40.47991],[-3.68036,40.47957],[-3.68032,40.47895],[-3.68032,40.47855],[-3.68038,40.47817],[-3.68049,40.47785],[-3.68167,40.47581],[-3.68277,40.47317]]},"properties":{"kind":"route","mode":"cercanias","route":"C-4A","name":"Cercanías C-4A","destination":"MADRID CHAMARTÍN-CLARA CAMPOAMOR","direction":"2","color":"#0058A0","source_date":"2026-05-29","terminus":"PARLA","offset_index":2}},{"type":"Feature","id":"cercanias-route-159","geometry":{"type":"LineString","coordinates":[[-3.6908,40.4458],[-3.69017,40.45093],[-3.68999,40.45162],[-3.68968,40.45236],[-3.6877,40.45586],[-3.68593,40.45888],[-3.68455,40.46086],[-3.68414,40.46186],[-3.68387,40.4629],[-3.68369,40.46377],[-3.68354,40.46473],[-3.68346,40.46592],[-3.68347,40.46611],[-3.68314,40.46729],[-3.68311,40.46757],[-3.68318,40.46816],[-3.68314,40.46877],[-3.68316,40.46925],[-3.68313,40.46955],[-3.68309,40.46977],[-3.68301,40.46998],[-3.68181,40.47295]]},"properties":{"kind":"route","mode":"cercanias","route":"C-2","name":"Cercanías C-2","destination":"MADRID CHAMARTÍN-CLARA CAMPOAMOR","direction":"1","color":"#048947","source_date":"2026-05-29","terminus":"MADRID CHAMARTÍN-CLARA CAMPOAMOR","offset_index":-4}},{"type":"Feature","id":"cercanias-route-160","geometry":{"type":"LineString","coordinates":[[-3.69286,40.44579],[-3.69262,40.44781],[-3.69239,40.44853],[-3.69123,40.45066],[-3.69102,40.45127],[-3.69087,40.45226],[-3.69046,40.45639],[-3.69022,40.45724],[-3.68983,40.45794],[-3.68954,40.45835],[-3.68917,40.45874],[-3.68869,40.45916],[-3.68611,40.46128],[-3.68565,40.46173],[-3.68532,40.4622],[-3.68519,40.46243],[-3.68458,40.46371],[-3.68392,40.46586],[-3.68347,40.46746],[-3.68341,40.4683],[-3.68328,40.4691],[-3.68348,40.47005],[-3.68346,40.47076],[-3.6834,40.47095],[-3.68255,40.47313]]},"properties":{"kind":"route","mode":"cercanias","route":"C-4B","name":"Cercanías C-4B","destination":"MADRID CHAMARTÍN-CLARA CAMPOAMOR","direction":"1","color":"#0058A0","source_date":"2026-05-29","terminus":"COLMENAR VIEJO","offset_index":-1}},{"type":"Feature","id":"cercanias-route-161","geometry":{"type":"LineString","coordinates":[[-3.69464,40.4882],[-3.69382,40.48809],[-3.69327,40.48807],[-3.69179,40.48811],[-3.69091,40.48808],[-3.69063,40.48805],[-3.69008,40.48794],[-3.68923,40.48763],[-3.68455,40.48549],[-3.68206,40.48389],[-3.68114,40.48311],[-3.6801,40.48216],[-3.67967,40.48168],[-3.67954,40.4815],[-3.67935,40.48101],[-3.67928,40.48072],[-3.67927,40.48042],[-3.67929,40.48013],[-3.67956,40.47903],[-3.6797,40.47858],[-3.68006,40.47791],[-3.68043,40.47728],[-3.68081,40.47641],[-3.68219,40.47305]]},"properties":{"kind":"route","mode":"cercanias","route":"C-7","name":"Cercanías C-7","destination":"MADRID CHAMARTÍN-CLARA CAMPOAMOR","direction":"2","color":"#DF0221","source_date":"2026-05-29","terminus":"ALCALÁ DE HENARES","offset_index":1}},{"type":"Feature","id":"cercanias-route-162","geometry":{"type":"LineString","coordinates":[[-3.6908,40.4458],[-3.69017,40.45093],[-3.68999,40.45162],[-3.68968,40.45236],[-3.6877,40.45586],[-3.68593,40.45888],[-3.68455,40.46086],[-3.68414,40.46186],[-3.68387,40.4629],[-3.68369,40.46377],[-3.68354,40.46473],[-3.68346,40.46592],[-3.68347,40.46611],[-3.68314,40.46729],[-3.68311,40.46757],[-3.68318,40.46816],[-3.68314,40.46877],[-3.68316,40.46925],[-3.68313,40.46955],[-3.68309,40.46977],[-3.68301,40.46998],[-3.68181,40.47295]]},"properties":{"kind":"route","mode":"cercanias","route":"C-8B","name":"Cercanías C-8B","destination":"MADRID CHAMARTÍN-CLARA CAMPOAMOR","direction":"1","color":"#048947","source_date":"2026-05-29","terminus":"CERCEDILLA","offset_index":3}},{"type":"Feature","id":"cercanias-route-163","geometry":{"type":"LineString","coordinates":[[-3.69464,40.4882],[-3.69382,40.48809],[-3.69327,40.48807],[-3.69179,40.48811],[-3.69091,40.48808],[-3.69063,40.48805],[-3.69008,40.48794],[-3.68923,40.48763],[-3.68455,40.48549],[-3.68206,40.48389],[-3.68114,40.48311],[-3.6801,40.48216],[-3.67967,40.48168],[-3.67954,40.4815],[-3.67935,40.48101],[-3.67928,40.48072],[-3.67927,40.48042],[-3.67929,40.48013],[-3.67956,40.47903],[-3.6797,40.47858],[-3.68006,40.47791],[-3.68043,40.47728],[-3.68081,40.47641],[-3.68219,40.47305]]},"properties":{"kind":"route","mode":"cercanias","route":"C-8B","name":"Cercanías C-8B","destination":"MADRID CHAMARTÍN-CLARA CAMPOAMOR","direction":"2","color":"#048947","source_date":"2026-05-29","terminus":"GUADALAJARA","offset_index":3}},{"type":"Feature","id":"cercanias-route-164","geometry":{"type":"LineString","coordinates":[[-3.69286,40.44579],[-3.69262,40.44781],[-3.69239,40.44853],[-3.69123,40.45066],[-3.69102,40.45127],[-3.69087,40.45226],[-3.69046,40.45639],[-3.69022,40.45724],[-3.68983,40.45794],[-3.68954,40.45835],[-3.68917,40.45874],[-3.68869,40.45916],[-3.68611,40.46128],[-3.68565,40.46173],[-3.68532,40.4622],[-3.68519,40.46243],[-3.68458,40.46371],[-3.68392,40.46586],[-3.68347,40.46746],[-3.68341,40.4683],[-3.68328,40.4691],[-3.68309,40.46977],[-3.68181,40.47295]]},"properties":{"kind":"route","mode":"cercanias","route":"C-3","name":"Cercanías C-3","destination":"MADRID CHAMARTÍN-CLARA CAMPOAMOR","direction":"1","color":"#A02E86","source_date":"2026-05-29","terminus":"MADRID CHAMARTÍN-CLARA CAMPOAMOR","offset_index":-3}},{"type":"Feature","id":"cercanias-route-165","geometry":{"type":"LineString","coordinates":[[-3.6908,40.4458],[-3.69017,40.45093],[-3.68999,40.45162],[-3.68968,40.45236],[-3.6877,40.45586],[-3.68593,40.45888],[-3.68455,40.46086],[-3.68414,40.46186],[-3.68387,40.4629],[-3.68369,40.46377],[-3.68354,40.46473],[-3.68346,40.46592],[-3.68347,40.46611],[-3.68314,40.46729],[-3.68311,40.46757],[-3.68318,40.46816],[-3.68314,40.46877],[-3.68316,40.46925],[-3.68313,40.46955],[-3.68309,40.46977],[-3.68301,40.46998],[-3.68181,40.47295]]},"properties":{"kind":"route","mode":"cercanias","route":"C-7","name":"Cercanías C-7","destination":"MADRID CHAMARTÍN-CLARA CAMPOAMOR","direction":"1","color":"#DF0221","source_date":"2026-05-29","terminus":"PRÍNCIPE PÍO","offset_index":1}},{"type":"Feature","id":"cercanias-route-166","geometry":{"type":"LineString","coordinates":[[-3.6908,40.4458],[-3.69017,40.45093],[-3.68999,40.45162],[-3.68968,40.45236],[-3.6877,40.45586],[-3.68593,40.45888],[-3.68455,40.46086],[-3.68414,40.46186],[-3.68387,40.4629],[-3.68369,40.46377],[-3.68354,40.46473],[-3.68346,40.46592],[-3.68347,40.46611],[-3.68314,40.46729],[-3.68311,40.46757],[-3.68318,40.46816],[-3.68314,40.46877],[-3.68316,40.46925],[-3.68313,40.46955],[-3.68309,40.46977],[-3.68301,40.46998],[-3.68181,40.47295]]},"properties":{"kind":"route","mode":"cercanias","route":"C-8A","name":"Cercanías C-8A","destination":"MADRID CHAMARTÍN-CLARA CAMPOAMOR","direction":"1","color":"#048947","source_date":"2026-05-29","terminus":"SANTA MARÍA DE LA ALAMEDA","offset_index":2}},{"type":"Feature","id":"cercanias-route-167","geometry":{"type":"LineString","coordinates":[[-3.69464,40.4882],[-3.69382,40.48809],[-3.69327,40.48807],[-3.69179,40.48811],[-3.69091,40.48808],[-3.69063,40.48805],[-3.69008,40.48794],[-3.68923,40.48763],[-3.68455,40.48549],[-3.68206,40.48389],[-3.68114,40.48311],[-3.6801,40.48216],[-3.67967,40.48168],[-3.67954,40.4815],[-3.67935,40.48101],[-3.67928,40.48072],[-3.67927,40.48042],[-3.67929,40.48013],[-3.67956,40.47903],[-3.6797,40.47858],[-3.68006,40.47791],[-3.68043,40.47728],[-3.68081,40.47641],[-3.68219,40.47305]]},"properties":{"kind":"route","mode":"cercanias","route":"C-8A","name":"Cercanías C-8A","destination":"MADRID CHAMARTÍN-CLARA CAMPOAMOR","direction":"2","color":"#048947","source_date":"2026-05-29","terminus":"GUADALAJARA","offset_index":2}},{"type":"Feature","id":"cercanias-route-168","geometry":{"type":"LineString","coordinates":[[-3.69079,40.4458],[-3.69017,40.45093],[-3.68999,40.45162],[-3.68968,40.45236],[-3.6877,40.45586],[-3.68593,40.45888],[-3.68455,40.46086],[-3.68414,40.46186],[-3.68387,40.4629],[-3.68369,40.46377],[-3.68354,40.46473],[-3.68346,40.46592],[-3.68347,40.46611],[-3.68314,40.46729],[-3.68311,40.46757],[-3.68318,40.46816],[-3.68314,40.46877],[-3.68316,40.46925],[-3.68313,40.46955],[-3.68309,40.46977],[-3.68301,40.46998],[-3.68181,40.47295]]},"properties":{"kind":"route","mode":"cercanias","route":"C-10","name":"Cercanías C-10","destination":"MADRID CHAMARTÍN-CLARA CAMPOAMOR","direction":"1","color":"#90B70E","source_date":"2026-05-29","terminus":"MADRID CHAMARTÍN-CLARA CAMPOAMOR","offset_index":5}},{"type":"Feature","id":"cercanias-route-169","geometry":{"type":"LineString","coordinates":[[-3.66282,40.48492],[-3.66436,40.48524],[-3.66523,40.48546],[-3.6692,40.48653],[-3.66988,40.48667],[-3.67103,40.48699],[-3.67167,40.48713],[-3.67234,40.48718],[-3.67272,40.48717],[-3.67324,40.4871],[-3.67393,40.48692],[-3.67447,40.48667],[-3.67479,40.48646],[-3.67508,40.48623],[-3.67608,40.48522],[-3.67634,40.48485],[-3.67718,40.48285],[-3.67734,40.48255],[-3.67806,40.48148],[-3.67841,40.48092],[-3.67851,40.4807],[-3.67928,40.4794],[-3.67957,40.47879],[-3.68043,40.47728],[-3.68081,40.47641],[-3.68219,40.47305]]},"properties":{"kind":"route","mode":"cercanias","route":"C-1","name":"Cercanías C-1","destination":"MADRID CHAMARTÍN-CLARA CAMPOAMOR","direction":"2","color":"#4FB0E5","source_date":"2026-05-29","terminus":"MADRID CHAMARTÍN-CLARA CAMPOAMOR","offset_index":5}},{"type":"Feature","id":"cercanias-route-170","geometry":{"type":"LineString","coordinates":[[-3.77948,40.38115],[-3.78315,40.38037],[-3.78347,40.38034],[-3.7851,40.38057],[-3.78554,40.38059],[-3.78581,40.38057],[-3.78761,40.37982],[-3.79111,40.37793]]},"properties":{"kind":"route","mode":"cercanias","route":"C-5","name":"Cercanías C-5","destination":"CUATRO VIENTOS","direction":"2","color":"#FFB911","source_date":"2026-05-29","terminus":"MÓSTOLES EL SOTO","offset_index":0}},{"type":"Feature","id":"cercanias-route-171","geometry":{"type":"LineString","coordinates":[[-3.81586,40.35651],[-3.81365,40.35776],[-3.81302,40.35815],[-3.81253,40.35859],[-3.81005,40.36105],[-3.80963,40.3616],[-3.80942,40.36195],[-3.80925,40.36237],[-3.80919,40.36268],[-3.80906,40.3638],[-3.80897,40.36422],[-3.80881,40.36458],[-3.80847,40.365],[-3.80515,40.36764],[-3.80202,40.37008],[-3.80061,40.37115],[-3.79921,40.37226],[-3.79673,40.37418],[-3.79615,40.37466],[-3.79477,40.37569],[-3.79406,40.37621],[-3.79107,40.37789]]},"properties":{"kind":"route","mode":"cercanias","route":"C-5","name":"Cercanías C-5","destination":"CUATRO VIENTOS","direction":"1","color":"#FFB911","source_date":"2026-05-29","terminus":"HUMANES","offset_index":0}},{"type":"Feature","id":"cercanias-route-172","geometry":{"type":"LineString","coordinates":[[-3.71123,40.40271],[-3.70924,40.40221],[-3.70802,40.40186],[-3.70646,40.40153],[-3.70536,40.4014],[-3.69954,40.40105],[-3.69456,40.40068],[-3.69393,40.40059],[-3.69344,40.4005],[-3.69234,40.40018]]},"properties":{"kind":"route","mode":"cercanias","route":"C-10","name":"Cercanías C-10","destination":"DELICIAS","direction":"1","color":"#90B70E","source_date":"2026-05-29","terminus":"MADRID CHAMARTÍN-CLARA CAMPOAMOR","offset_index":5}},{"type":"Feature","id":"cercanias-route-173","geometry":{"type":"LineString","coordinates":[[-3.67816,40.39585],[-3.67838,40.39572],[-3.67869,40.39558],[-3.67922,40.3954],[-3.67976,40.39526],[-3.68032,40.39519],[-3.68092,40.39519],[-3.68133,40.39524],[-3.68172,40.39533],[-3.68325,40.39593],[-3.69232,40.40021]]},"properties":{"kind":"route","mode":"cercanias","route":"C-10","name":"Cercanías C-10","destination":"DELICIAS","direction":"2","color":"#90B70E","source_date":"2026-05-29","terminus":"VILLALBA DE GUADARRAMA","offset_index":-5}},{"type":"Feature","id":"cercanias-route-174","geometry":{"type":"LineString","coordinates":[[-3.70442,40.36681],[-3.70414,40.36788],[-3.70368,40.36995],[-3.70296,40.37349],[-3.70245,40.37562],[-3.7019,40.3767],[-3.70151,40.37735],[-3.7012,40.37783],[-3.70079,40.37827],[-3.70038,40.37863],[-3.69998,40.37894],[-3.69955,40.37923]]},"properties":{"kind":"route","mode":"cercanias","route":"C-5","name":"Cercanías C-5","destination":"DOCE DE OCTUBRE","direction":"2","color":"#FFB911","source_date":"2026-05-29","terminus":"MÓSTOLES EL SOTO","offset_index":0}},{"type":"Feature","id":"cercanias-route-175","geometry":{"type":"LineString","coordinates":[[-3.68045,40.39477],[-3.68079,40.39446],[-3.6841,40.39202],[-3.68482,40.39146],[-3.68614,40.39017],[-3.68767,40.38854],[-3.68821,40.38808],[-3.69016,40.38616],[-3.69307,40.38323],[-3.69437,40.38187],[-3.69537,40.3809],[-3.69699,40.38047],[-3.69872,40.37975],[-3.69959,40.37926]]},"properties":{"kind":"route","mode":"cercanias","route":"C-5","name":"Cercanías C-5","destination":"DOCE DE OCTUBRE","direction":"1","color":"#FFB911","source_date":"2026-05-29","terminus":"HUMANES","offset_index":0}},{"type":"Feature","id":"cercanias-route-176","geometry":{"type":"LineString","coordinates":[[-3.6872,40.40426],[-3.68806,40.40514],[-3.68909,40.40644],[-3.68958,40.40688],[-3.68992,40.4071],[-3.69036,40.40734],[-3.69076,40.4075],[-3.69128,40.40764],[-3.69199,40.40771],[-3.69266,40.40767],[-3.69339,40.40753],[-3.69536,40.40692],[-3.69702,40.40647],[-3.69955,40.40574],[-3.70014,40.40554],[-3.7019,40.40516],[-3.70273,40.40513]]},"properties":{"kind":"route","mode":"cercanias","route":"C-5","name":"Cercanías C-5","destination":"EMBAJADORES","direction":"2","color":"#FFB911","source_date":"2026-05-29","terminus":"MÓSTOLES EL SOTO","offset_index":0}},{"type":"Feature","id":"cercanias-route-177","geometry":{"type":"LineString","coordinates":[[-3.74432,40.39877],[-3.7355,40.39965],[-3.72855,40.40086],[-3.72767,40.40123],[-3.72721,40.40158],[-3.72513,40.40292],[-3.72375,40.40356],[-3.72217,40.40384],[-3.71994,40.40396],[-3.71874,40.40405],[-3.71715,40.40424],[-3.71588,40.40451],[-3.71291,40.40613],[-3.71206,40.40649],[-3.71197,40.40651],[-3.71133,40.40651],[-3.7054,40.40549],[-3.7039,40.40519],[-3.70349,40.40514],[-3.70273,40.40509]]},"properties":{"kind":"route","mode":"cercanias","route":"C-5","name":"Cercanías C-5","destination":"EMBAJADORES","direction":"1","color":"#FFB911","source_date":"2026-05-29","terminus":"HUMANES","offset_index":0}},{"type":"Feature","id":"cercanias-route-178","geometry":{"type":"LineString","coordinates":[[-3.76132,40.38573],[-3.7639,40.38454],[-3.76767,40.38368]]},"properties":{"kind":"route","mode":"cercanias","route":"C-5","name":"Cercanías C-5","destination":"MAESTRA JUSTA FREIRE-POLIDEPORTIVO ALUCHE","direction":"2","color":"#FFB911","source_date":"2026-05-29","terminus":"MÓSTOLES EL SOTO","offset_index":0}},{"type":"Feature","id":"cercanias-route-179","geometry":{"type":"LineString","coordinates":[[-3.77946,40.3811],[-3.7753,40.38201],[-3.76857,40.38343],[-3.76766,40.38365]]},"properties":{"kind":"route","mode":"cercanias","route":"C-5","name":"Cercanías C-5","destination":"MAESTRA JUSTA FREIRE-POLIDEPORTIVO ALUCHE","direction":"1","color":"#FFB911","source_date":"2026-05-29","terminus":"HUMANES","offset_index":0}},{"type":"Feature","id":"cercanias-route-180","geometry":{"type":"LineString","coordinates":[[-3.68242,40.4731],[-3.68122,40.47597],[-3.68049,40.47755],[-3.68031,40.47816],[-3.68025,40.47855],[-3.68025,40.47895],[-3.6803,40.47957],[-3.68028,40.47991],[-3.68022,40.48022],[-3.6801,40.48054],[-3.6798,40.48103],[-3.67959,40.48127],[-3.67918,40.48161],[-3.67868,40.48195],[-3.67826,40.48229],[-3.67767,40.48292],[-3.67721,40.48348],[-3.67701,40.48383],[-3.6768,40.48442],[-3.67673,40.48503],[-3.67672,40.48549],[-3.67672,40.48574],[-3.67684,40.48644],[-3.67703,40.48702],[-3.67752,40.48813],[-3.67852,40.49055],[-3.68089,40.49715],[-3.68129,40.49841],[-3.68215,40.50159]]},"properties":{"kind":"route","mode":"cercanias","route":"C-4A","name":"Cercanías C-4A","destination":"FUENCARRAL","direction":"1","color":"#0058A0","source_date":"2026-05-29","terminus":"ALCOBENDAS-S.S. DE LOS REYES","offset_index":-2}},{"type":"Feature","id":"cercanias-route-181","geometry":{"type":"LineString","coordinates":[[-3.70034,40.5437],[-3.69917,40.54186],[-3.69869,40.54139],[-3.6985,40.54112],[-3.69825,40.54062],[-3.69811,40.54023],[-3.69801,40.53986],[-3.69809,40.53923],[-3.69822,40.53877],[-3.6984,40.53829],[-3.69897,40.53781],[-3.69908,40.53767],[-3.69921,40.53735],[-3.69929,40.53693],[-3.69932,40.53653],[-3.69923,40.53598],[-3.69898,40.5354],[-3.69865,40.53487],[-3.69838,40.53454],[-3.69675,40.5328],[-3.69644,40.53242],[-3.69611,40.53188],[-3.69573,40.53108],[-3.69523,40.52989],[-3.6948,40.52902],[-3.69438,40.5283],[-3.69318,40.52674],[-3.69233,40.52596],[-3.69149,40.52535],[-3.68709,40.52279],[-3.68654,40.52236],[-3.68612,40.52194],[-3.68565,40.52137],[-3.68558,40.52127],[-3.68529,40.52067],[-3.68508,40.52013],[-3.68486,40.51927],[-3.68455,40.51752],[-3.68446,40.51651],[-3.68411,40.51131],[-3.68385,40.50794],[-3.68376,40.50738],[-3.6835,40.50632],[-3.68221,40.50158]]},"properties":{"kind":"route","mode":"cercanias","route":"C-4A","name":"Cercanías C-4A","destination":"FUENCARRAL","direction":"2","color":"#0058A0","source_date":"2026-05-29","terminus":"PARLA","offset_index":-2}},{"type":"Feature","id":"cercanias-route-182","geometry":{"type":"LineString","coordinates":[[-3.68255,40.47313],[-3.68127,40.4762],[-3.68104,40.47662],[-3.68075,40.47705],[-3.68049,40.47755],[-3.68031,40.47816],[-3.68025,40.47855],[-3.68025,40.47895],[-3.6803,40.47957],[-3.68028,40.47991],[-3.68022,40.48022],[-3.6801,40.48054],[-3.6798,40.48103],[-3.67959,40.48127],[-3.67918,40.48161],[-3.67868,40.48195],[-3.67826,40.48229],[-3.67767,40.48292],[-3.67721,40.48348],[-3.67701,40.48383],[-3.6768,40.48442],[-3.67673,40.48503],[-3.67672,40.48549],[-3.67672,40.48574],[-3.67684,40.48644],[-3.67703,40.48702],[-3.67752,40.48813],[-3.67852,40.49055],[-3.68089,40.49715],[-3.68129,40.49841],[-3.68215,40.50159]]},"properties":{"kind":"route","mode":"cercanias","route":"C-4B","name":"Cercanías C-4B","destination":"FUENCARRAL","direction":"1","color":"#0058A0","source_date":"2026-05-29","terminus":"COLMENAR VIEJO","offset_index":-1}},{"type":"Feature","id":"cercanias-route-183","geometry":{"type":"LineString","coordinates":[[-3.70034,40.5437],[-3.69917,40.54186],[-3.69869,40.54139],[-3.6985,40.54112],[-3.69825,40.54062],[-3.69811,40.54023],[-3.69801,40.53986],[-3.69809,40.53923],[-3.69822,40.53877],[-3.6984,40.53829],[-3.69897,40.53781],[-3.69908,40.53767],[-3.69921,40.53735],[-3.69929,40.53693],[-3.69932,40.53653],[-3.69923,40.53598],[-3.69898,40.5354],[-3.69865,40.53487],[-3.69838,40.53454],[-3.69675,40.5328],[-3.69644,40.53242],[-3.69611,40.53188],[-3.69573,40.53108],[-3.69523,40.52989],[-3.6948,40.52902],[-3.69438,40.5283],[-3.69318,40.52674],[-3.69233,40.52596],[-3.69149,40.52535],[-3.68709,40.52279],[-3.68654,40.52236],[-3.68612,40.52194],[-3.68565,40.52137],[-3.68558,40.52127],[-3.68529,40.52067],[-3.68508,40.52013],[-3.68486,40.51927],[-3.68455,40.51752],[-3.68446,40.51651],[-3.68411,40.51131],[-3.68385,40.50794],[-3.68376,40.50738],[-3.6835,40.50632],[-3.68221,40.50158]]},"properties":{"kind":"route","mode":"cercanias","route":"C-4B","name":"Cercanías C-4B","destination":"FUENCARRAL","direction":"2","color":"#0058A0","source_date":"2026-05-29","terminus":"PARLA","offset_index":-1}},{"type":"Feature","id":"cercanias-route-184","geometry":{"type":"LineString","coordinates":[[-3.70029,40.54372],[-3.70158,40.54573],[-3.702,40.54634],[-3.70221,40.54656],[-3.70257,40.54686],[-3.70283,40.54703],[-3.70341,40.5473],[-3.70361,40.54737],[-3.7039,40.54742],[-3.70567,40.54749],[-3.70904,40.54782],[-3.70974,40.54787],[-3.70998,40.54795],[-3.71027,40.54818],[-3.71052,40.54846],[-3.71069,40.54869],[-3.7109,40.54908],[-3.71163,40.55091],[-3.71192,40.5517],[-3.71243,40.5533],[-3.71367,40.55694],[-3.71411,40.55829]]},"properties":{"kind":"route","mode":"cercanias","route":"C-4B","name":"Cercanías C-4B","destination":"GOLOSO, EL","direction":"1","color":"#0058A0","source_date":"2026-05-29","terminus":"COLMENAR VIEJO","offset_index":1}},{"type":"Feature","id":"cercanias-route-185","geometry":{"type":"LineString","coordinates":[[-3.71577,40.59838],[-3.7127,40.59433],[-3.71241,40.5939],[-3.71201,40.59323],[-3.71178,40.59262],[-3.71159,40.59193],[-3.71144,40.59066],[-3.71136,40.58949],[-3.71125,40.58872],[-3.71092,40.58597],[-3.71021,40.57953],[-3.71023,40.57889],[-3.71029,40.57847],[-3.71066,40.57655],[-3.71122,40.5739],[-3.71148,40.57302],[-3.71166,40.57259],[-3.71205,40.57183],[-3.71251,40.57112],[-3.71331,40.57001],[-3.71541,40.56717],[-3.71554,40.56696],[-3.71581,40.56636],[-3.71598,40.56582],[-3.7161,40.56524],[-3.71611,40.5647],[-3.71608,40.56433],[-3.71596,40.56375],[-3.7157,40.5629],[-3.71459,40.55946],[-3.71423,40.55827]]},"properties":{"kind":"route","mode":"cercanias","route":"C-4B","name":"Cercanías C-4B","destination":"GOLOSO, EL","direction":"2","color":"#0058A0","source_date":"2026-05-29","terminus":"PARLA","offset_index":-1}},{"type":"Feature","id":"cercanias-route-186","geometry":{"type":"LineString","coordinates":[[-3.70273,40.40513],[-3.70354,40.40518],[-3.70456,40.40536],[-3.70529,40.40552],[-3.71052,40.40645],[-3.71132,40.40657],[-3.71202,40.40656],[-3.71297,40.40618],[-3.7159,40.40457],[-3.71698,40.40435],[-3.7187,40.40411],[-3.72109,40.40393],[-3.72219,40.40389],[-3.72376,40.40363],[-3.72516,40.40298],[-3.72676,40.40198],[-3.72771,40.40131],[-3.72853,40.40095],[-3.73548,40.39974],[-3.74433,40.39881]]},"properties":{"kind":"route","mode":"cercanias","route":"C-5","name":"Cercanías C-5","destination":"LAGUNA","direction":"2","color":"#FFB911","source_date":"2026-05-29","terminus":"MÓSTOLES EL SOTO","offset_index":0}},{"type":"Feature","id":"cercanias-route-187","geometry":{"type":"LineString","coordinates":[[-3.76128,40.3857],[-3.76036,40.38613],[-3.7592,40.38711],[-3.75881,40.38796],[-3.75827,40.39116],[-3.75802,40.39343],[-3.75771,40.39512],[-3.75728,40.39617],[-3.75669,40.39718],[-3.75582,40.39789],[-3.7547,40.39824],[-3.75358,40.39824],[-3.74888,40.39845],[-3.74678,40.39852],[-3.74432,40.39877]]},"properties":{"kind":"route","mode":"cercanias","route":"C-5","name":"Cercanías C-5","destination":"LAGUNA","direction":"1","color":"#FFB911","source_date":"2026-05-29","terminus":"HUMANES","offset_index":0}},{"type":"Feature","id":"cercanias-route-188","geometry":{"type":"LineString","coordinates":[[-3.68722,40.40424],[-3.68596,40.40326],[-3.68547,40.40283],[-3.68399,40.40164],[-3.68253,40.40041],[-3.68191,40.39992],[-3.68097,40.39912],[-3.68055,40.39867],[-3.68008,40.39798],[-3.67985,40.39748],[-3.6797,40.39687],[-3.67971,40.3964],[-3.67977,40.39602],[-3.67989,40.39568],[-3.68005,40.39532],[-3.68045,40.39477]]},"properties":{"kind":"route","mode":"cercanias","route":"C-5","name":"Cercanías C-5","destination":"MÉNDEZ ÁLVARO","direction":"1","color":"#FFB911","source_date":"2026-05-29","terminus":"HUMANES","offset_index":0}},{"type":"Feature","id":"cercanias-route-189","geometry":{"type":"LineString","coordinates":[[-3.69955,40.37923],[-3.69886,40.37962],[-3.69814,40.37995],[-3.69696,40.38042],[-3.69529,40.38088],[-3.69431,40.38184],[-3.69366,40.38256],[-3.69303,40.38318],[-3.69088,40.38539],[-3.69017,40.38603],[-3.68878,40.38744],[-3.68811,40.38808],[-3.6876,40.38851],[-3.68719,40.3889],[-3.68554,40.39061],[-3.68482,40.39132],[-3.68264,40.39294],[-3.68071,40.39441],[-3.68039,40.39475]]},"properties":{"kind":"route","mode":"cercanias","route":"C-5","name":"Cercanías C-5","destination":"MÉNDEZ ÁLVARO","direction":"2","color":"#FFB911","source_date":"2026-05-29","terminus":"MÓSTOLES EL SOTO","offset_index":0}},{"type":"Feature","id":"cercanias-route-190","geometry":{"type":"LineString","coordinates":[[-3.69234,40.40018],[-3.68328,40.39589],[-3.68175,40.39529],[-3.68135,40.39519],[-3.68093,40.39514],[-3.68031,40.39514],[-3.67975,40.39521],[-3.67919,40.39535],[-3.67867,40.39554],[-3.67835,40.39568],[-3.67812,40.39581]]},"properties":{"kind":"route","mode":"cercanias","route":"C-10","name":"Cercanías C-10","destination":"MÉNDEZ ÁLVARO","direction":"1","color":"#90B70E","source_date":"2026-05-29","terminus":"MADRID CHAMARTÍN-CLARA CAMPOAMOR","offset_index":5}},{"type":"Feature","id":"cercanias-route-191","geometry":{"type":"LineString","coordinates":[[-3.68693,40.40442],[-3.68581,40.40343],[-3.68542,40.40301],[-3.68306,40.40107],[-3.68264,40.40084],[-3.6822,40.40069],[-3.68156,40.40055],[-3.68063,40.40044],[-3.67983,40.40028],[-3.67913,40.40008],[-3.67841,40.39975],[-3.67803,40.3995],[-3.67774,40.39926],[-3.67749,40.399],[-3.67721,40.39864],[-3.67708,40.3982],[-3.67698,40.39779],[-3.67698,40.39752],[-3.67705,40.39717],[-3.67713,40.39692],[-3.67734,40.39657],[-3.67767,40.39619],[-3.67816,40.39585]]},"properties":{"kind":"route","mode":"cercanias","route":"C-10","name":"Cercanías C-10","destination":"MÉNDEZ ÁLVARO","direction":"2","color":"#90B70E","source_date":"2026-05-29","terminus":"VILLALBA DE GUADARRAMA","offset_index":5}},{"type":"Feature","id":"cercanias-route-192","geometry":{"type":"LineString","coordinates":[[-3.7029,40.41682],[-3.7027,40.41722],[-3.70238,40.41772],[-3.69593,40.42781],[-3.69421,40.43054],[-3.69372,40.43153],[-3.69347,40.43221],[-3.69318,40.43365],[-3.6927,40.43901],[-3.69261,40.4403],[-3.69266,40.44104],[-3.69303,40.44248],[-3.6931,40.44296],[-3.69307,40.44371],[-3.69286,40.44579]]},"properties":{"kind":"route","mode":"cercanias","route":"C-4A","name":"Cercanías C-4A","destination":"NUEVOS MINISTERIOS","direction":"1","color":"#0058A0","source_date":"2026-05-29","terminus":"ALCOBENDAS-S.S. DE LOS REYES","offset_index":-2}},{"type":"Feature","id":"cercanias-route-193","geometry":{"type":"LineString","coordinates":[[-3.68277,40.47317],[-3.68362,40.47103],[-3.68365,40.47077],[-3.68363,40.47049],[-3.68344,40.46909],[-3.68355,40.46749],[-3.68438,40.46463],[-3.68464,40.4638],[-3.68479,40.4635],[-3.68535,40.46231],[-3.68558,40.462],[-3.68602,40.46151],[-3.68927,40.45877],[-3.68964,40.45838],[-3.68995,40.45793],[-3.69028,40.45733],[-3.69054,40.45632],[-3.691,40.45165],[-3.69112,40.45118],[-3.69127,40.45071],[-3.69161,40.45007],[-3.6925,40.44854],[-3.69274,40.4478],[-3.69293,40.44579]]},"properties":{"kind":"route","mode":"cercanias","route":"C-4A","name":"Cercanías C-4A","destination":"NUEVOS MINISTERIOS","direction":"2","color":"#0058A0","source_date":"2026-05-29","terminus":"PARLA","offset_index":2}},{"type":"Feature","id":"cercanias-route-194","geometry":{"type":"LineString","coordinates":[[-3.7029,40.41682],[-3.7027,40.41722],[-3.70238,40.41772],[-3.69593,40.42781],[-3.69421,40.43054],[-3.69372,40.43153],[-3.69347,40.43221],[-3.69318,40.43365],[-3.6927,40.43901],[-3.69261,40.4403],[-3.69266,40.44104],[-3.69303,40.44248],[-3.6931,40.44296],[-3.69307,40.44371],[-3.69286,40.44579]]},"properties":{"kind":"route","mode":"cercanias","route":"C-4B","name":"Cercanías C-4B","destination":"NUEVOS MINISTERIOS","direction":"1","color":"#0058A0","source_date":"2026-05-29","terminus":"COLMENAR VIEJO","offset_index":-1}},{"type":"Feature","id":"cercanias-route-195","geometry":{"type":"LineString","coordinates":[[-3.68277,40.47317],[-3.68362,40.47103],[-3.68365,40.47077],[-3.68363,40.47049],[-3.68344,40.46909],[-3.68355,40.46749],[-3.68438,40.46463],[-3.68464,40.4638],[-3.68479,40.4635],[-3.68535,40.46231],[-3.68558,40.462],[-3.68602,40.46151],[-3.68927,40.45877],[-3.68964,40.45838],[-3.68995,40.45793],[-3.69028,40.45733],[-3.69054,40.45632],[-3.691,40.45165],[-3.69112,40.45118],[-3.69127,40.45071],[-3.69161,40.45007],[-3.6925,40.44854],[-3.69274,40.4478],[-3.69293,40.44579]]},"properties":{"kind":"route","mode":"cercanias","route":"C-4B","name":"Cercanías C-4B","destination":"NUEVOS MINISTERIOS","direction":"2","color":"#0058A0","source_date":"2026-05-29","terminus":"PARLA","offset_index":1}},{"type":"Feature","id":"cercanias-route-196","geometry":{"type":"LineString","coordinates":[[-3.68219,40.47305],[-3.6831,40.47068],[-3.6832,40.47023],[-3.68323,40.46979],[-3.68319,40.46878],[-3.68323,40.46823],[-3.68316,40.46746],[-3.68325,40.46704],[-3.68358,40.46609],[-3.68368,40.46478],[-3.68376,40.46414],[-3.68396,40.46305],[-3.68424,40.46206],[-3.68457,40.46116],[-3.68476,40.46078],[-3.68528,40.46001],[-3.68612,40.45883],[-3.68928,40.4533],[-3.69004,40.45187],[-3.69032,40.45082],[-3.69091,40.44581]]},"properties":{"kind":"route","mode":"cercanias","route":"C-2","name":"Cercanías C-2","destination":"NUEVOS MINISTERIOS","direction":"2","color":"#048947","source_date":"2026-05-29","terminus":"GUADALAJARA","offset_index":4}},{"type":"Feature","id":"cercanias-route-197","geometry":{"type":"LineString","coordinates":[[-3.69107,40.42348],[-3.69026,40.42546],[-3.68983,40.42685],[-3.68965,40.42735],[-3.68869,40.4319],[-3.68865,40.43418],[-3.68954,40.4362],[-3.68997,40.43707],[-3.69064,40.43832],[-3.69083,40.43883],[-3.69098,40.44036],[-3.69101,40.44096],[-3.69102,40.44288],[-3.69101,40.44409],[-3.6908,40.4458]]},"properties":{"kind":"route","mode":"cercanias","route":"C-2","name":"Cercanías C-2","destination":"NUEVOS MINISTERIOS","direction":"1","color":"#048947","source_date":"2026-05-29","terminus":"MADRID CHAMARTÍN-CLARA CAMPOAMOR","offset_index":-4}},{"type":"Feature","id":"cercanias-route-198","geometry":{"type":"LineString","coordinates":[[-3.68219,40.47305],[-3.6831,40.47068],[-3.6832,40.47023],[-3.68323,40.46979],[-3.68319,40.46878],[-3.68323,40.46823],[-3.68316,40.46746],[-3.68325,40.46704],[-3.68358,40.46609],[-3.68368,40.46478],[-3.68376,40.46414],[-3.68396,40.46305],[-3.68424,40.46206],[-3.68457,40.46116],[-3.68476,40.46078],[-3.68528,40.46001],[-3.68612,40.45883],[-3.68928,40.4533],[-3.69004,40.45187],[-3.69032,40.45082],[-3.69091,40.44581]]},"properties":{"kind":"route","mode":"cercanias","route":"C-7","name":"Cercanías C-7","destination":"NUEVOS MINISTERIOS","direction":"2","color":"#DF0221","source_date":"2026-05-29","terminus":"ALCALÁ DE HENARES","offset_index":-1}},{"type":"Feature","id":"cercanias-route-199","geometry":{"type":"LineString","coordinates":[[-3.69107,40.42348],[-3.69026,40.42546],[-3.68983,40.42685],[-3.68965,40.42735],[-3.68869,40.4319],[-3.68865,40.43418],[-3.68954,40.4362],[-3.68997,40.43707],[-3.69064,40.43832],[-3.69083,40.43883],[-3.69098,40.44036],[-3.69101,40.44096],[-3.69102,40.44288],[-3.69101,40.44409],[-3.6908,40.4458]]},"properties":{"kind":"route","mode":"cercanias","route":"C-8B","name":"Cercanías C-8B","destination":"NUEVOS MINISTERIOS","direction":"1","color":"#048947","source_date":"2026-05-29","terminus":"CERCEDILLA","offset_index":3}},{"type":"Feature","id":"cercanias-route-200","geometry":{"type":"LineString","coordinates":[[-3.68219,40.47305],[-3.6831,40.47068],[-3.6832,40.47023],[-3.68323,40.46979],[-3.68319,40.46878],[-3.68323,40.46823],[-3.68316,40.46746],[-3.68325,40.46704],[-3.68358,40.46609],[-3.68368,40.46478],[-3.68376,40.46414],[-3.68396,40.46305],[-3.68424,40.46206],[-3.68457,40.46116],[-3.68476,40.46078],[-3.68528,40.46001],[-3.68612,40.45883],[-3.68928,40.4533],[-3.69004,40.45187],[-3.69032,40.45082],[-3.69091,40.44581]]},"properties":{"kind":"route","mode":"cercanias","route":"C-8B","name":"Cercanías C-8B","destination":"NUEVOS MINISTERIOS","direction":"2","color":"#048947","source_date":"2026-05-29","terminus":"GUADALAJARA","offset_index":-3}},{"type":"Feature","id":"cercanias-route-201","geometry":{"type":"LineString","coordinates":[[-3.7029,40.41682],[-3.7027,40.41722],[-3.70238,40.41772],[-3.69593,40.42781],[-3.69421,40.43054],[-3.69372,40.43153],[-3.69347,40.43221],[-3.69318,40.43365],[-3.6927,40.43901],[-3.69261,40.4403],[-3.69266,40.44104],[-3.69303,40.44248],[-3.6931,40.44296],[-3.69307,40.44371],[-3.69286,40.44579]]},"properties":{"kind":"route","mode":"cercanias","route":"C-3","name":"Cercanías C-3","destination":"NUEVOS MINISTERIOS","direction":"1","color":"#A02E86","source_date":"2026-05-29","terminus":"MADRID CHAMARTÍN-CLARA CAMPOAMOR","offset_index":-3}},{"type":"Feature","id":"cercanias-route-202","geometry":{"type":"LineString","coordinates":[[-3.68259,40.47314],[-3.68332,40.47133],[-3.68342,40.47104],[-3.68353,40.47064],[-3.68351,40.46964],[-3.68344,40.46909],[-3.68353,40.46766],[-3.68359,40.4673],[-3.68464,40.4638],[-3.68535,40.46231],[-3.68558,40.462],[-3.68602,40.46151],[-3.68927,40.45877],[-3.68964,40.45838],[-3.68995,40.45793],[-3.69028,40.45733],[-3.69054,40.45632],[-3.691,40.45165],[-3.69112,40.45118],[-3.69127,40.45071],[-3.69161,40.45007],[-3.6925,40.44854],[-3.69274,40.4478],[-3.69293,40.44579]]},"properties":{"kind":"route","mode":"cercanias","route":"C-3","name":"Cercanías C-3","destination":"NUEVOS MINISTERIOS","direction":"2","color":"#A02E86","source_date":"2026-05-29","terminus":"ARANJUEZ","offset_index":3}},{"type":"Feature","id":"cercanias-route-203","geometry":{"type":"LineString","coordinates":[[-3.69107,40.42348],[-3.69026,40.42546],[-3.68983,40.42685],[-3.68965,40.42735],[-3.68869,40.4319],[-3.68865,40.43418],[-3.68954,40.4362],[-3.68997,40.43707],[-3.69064,40.43832],[-3.69083,40.43883],[-3.69098,40.44036],[-3.69101,40.44096],[-3.69102,40.44288],[-3.69101,40.44409],[-3.6908,40.4458]]},"properties":{"kind":"route","mode":"cercanias","route":"C-7","name":"Cercanías C-7","destination":"NUEVOS MINISTERIOS","direction":"1","color":"#DF0221","source_date":"2026-05-29","terminus":"PRÍNCIPE PÍO","offset_index":1}},{"type":"Feature","id":"cercanias-route-204","geometry":{"type":"LineString","coordinates":[[-3.69107,40.42348],[-3.69026,40.42546],[-3.68983,40.42685],[-3.68965,40.42735],[-3.68869,40.4319],[-3.68865,40.43418],[-3.68954,40.4362],[-3.68997,40.43707],[-3.69064,40.43832],[-3.69083,40.43883],[-3.69098,40.44036],[-3.69101,40.44096],[-3.69102,40.44288],[-3.69101,40.44409],[-3.6908,40.4458]]},"properties":{"kind":"route","mode":"cercanias","route":"C-8A","name":"Cercanías C-8A","destination":"NUEVOS MINISTERIOS","direction":"1","color":"#048947","source_date":"2026-05-29","terminus":"SANTA MARÍA DE LA ALAMEDA","offset_index":2}},{"type":"Feature","id":"cercanias-route-205","geometry":{"type":"LineString","coordinates":[[-3.68219,40.47305],[-3.6831,40.47068],[-3.6832,40.47023],[-3.68323,40.46979],[-3.68319,40.46878],[-3.68323,40.46823],[-3.68316,40.46746],[-3.68325,40.46704],[-3.68358,40.46609],[-3.68368,40.46478],[-3.68376,40.46414],[-3.68396,40.46305],[-3.68424,40.46206],[-3.68457,40.46116],[-3.68476,40.46078],[-3.68528,40.46001],[-3.68612,40.45883],[-3.68928,40.4533],[-3.69004,40.45187],[-3.69032,40.45082],[-3.69091,40.44581]]},"properties":{"kind":"route","mode":"cercanias","route":"C-8A","name":"Cercanías C-8A","destination":"NUEVOS MINISTERIOS","direction":"2","color":"#048947","source_date":"2026-05-29","terminus":"GUADALAJARA","offset_index":-2}},{"type":"Feature","id":"cercanias-route-206","geometry":{"type":"LineString","coordinates":[[-3.69107,40.42348],[-3.69026,40.42546],[-3.68983,40.42685],[-3.68965,40.42735],[-3.68869,40.4319],[-3.68865,40.43418],[-3.68954,40.4362],[-3.68997,40.43707],[-3.69064,40.43832],[-3.69083,40.43883],[-3.69098,40.44036],[-3.69101,40.44096],[-3.69102,40.44288],[-3.69101,40.44409],[-3.69079,40.4458]]},"properties":{"kind":"route","mode":"cercanias","route":"C-10","name":"Cercanías C-10","destination":"NUEVOS MINISTERIOS","direction":"1","color":"#90B70E","source_date":"2026-05-29","terminus":"MADRID CHAMARTÍN-CLARA CAMPOAMOR","offset_index":5}},{"type":"Feature","id":"cercanias-route-207","geometry":{"type":"LineString","coordinates":[[-3.68219,40.47305],[-3.6831,40.47068],[-3.6832,40.47023],[-3.68323,40.46979],[-3.68319,40.46878],[-3.68323,40.46823],[-3.68316,40.46746],[-3.68325,40.46704],[-3.68358,40.46609],[-3.68368,40.46478],[-3.68376,40.46414],[-3.68396,40.46305],[-3.68424,40.46206],[-3.68457,40.46116],[-3.68476,40.46078],[-3.68528,40.46001],[-3.68612,40.45883],[-3.68928,40.4533],[-3.69004,40.45187],[-3.69032,40.45082],[-3.69093,40.44581]]},"properties":{"kind":"route","mode":"cercanias","route":"C-10","name":"Cercanías C-10","destination":"NUEVOS MINISTERIOS","direction":"2","color":"#90B70E","source_date":"2026-05-29","terminus":"VILLALBA DE GUADARRAMA","offset_index":-5}},{"type":"Feature","id":"cercanias-route-208","geometry":{"type":"LineString","coordinates":[[-3.70538,40.35039],[-3.70609,40.35165],[-3.70691,40.35328],[-3.70718,40.35394],[-3.7074,40.35455],[-3.70746,40.3549],[-3.70747,40.35534],[-3.70742,40.35568],[-3.70695,40.35689],[-3.70607,40.35865],[-3.7059,40.35906],[-3.70583,40.3593],[-3.70557,40.36056],[-3.70525,40.36258],[-3.70476,40.36526],[-3.70442,40.36681]]},"properties":{"kind":"route","mode":"cercanias","route":"C-5","name":"Cercanías C-5","destination":"ORCASITAS","direction":"2","color":"#FFB911","source_date":"2026-05-29","terminus":"MÓSTOLES EL SOTO","offset_index":0}},{"type":"Feature","id":"cercanias-route-209","geometry":{"type":"LineString","coordinates":[[-3.69958,40.37927],[-3.70039,40.37871],[-3.70088,40.37826],[-3.70126,40.37785],[-3.70163,40.37727],[-3.70203,40.37655],[-3.7025,40.37562],[-3.70267,40.37503],[-3.70283,40.37428],[-3.7037,40.37034],[-3.70419,40.36784],[-3.70445,40.36681]]},"properties":{"kind":"route","mode":"cercanias","route":"C-5","name":"Cercanías C-5","destination":"ORCASITAS","direction":"1","color":"#FFB911","source_date":"2026-05-29","terminus":"HUMANES","offset_index":0}},{"type":"Feature","id":"cercanias-route-210","geometry":{"type":"LineString","coordinates":[[-3.71938,40.4216],[-3.71881,40.42124],[-3.71813,40.42052],[-3.7179,40.42007],[-3.71771,40.41956],[-3.71735,40.419],[-3.71715,40.41859],[-3.71694,40.418],[-3.71679,40.41735],[-3.71676,40.41696],[-3.71674,40.41629],[-3.71679,40.41592],[-3.71681,40.41541],[-3.71683,40.41442],[-3.7169,40.41409],[-3.71702,40.41378],[-3.71863,40.41058],[-3.71933,40.4087],[-3.7194,40.40836],[-3.71941,40.40797],[-3.71936,40.40757],[-3.71925,40.40723],[-3.71904,40.40686],[-3.71875,40.40646],[-3.7184,40.40606],[-3.71797,40.40565],[-3.71746,40.40526],[-3.71678,40.40485],[-3.71595,40.40446],[-3.71546,40.40419],[-3.71464,40.40379],[-3.714,40.40353],[-3.71331,40.40328],[-3.71123,40.40271]]},"properties":{"kind":"route","mode":"cercanias","route":"C-10","name":"Cercanías C-10","destination":"PIRÁMIDES","direction":"1","color":"#90B70E","source_date":"2026-05-29","terminus":"MADRID CHAMARTÍN-CLARA CAMPOAMOR","offset_index":5}},{"type":"Feature","id":"cercanias-route-211","geometry":{"type":"LineString","coordinates":[[-3.69232,40.40021],[-3.69308,40.40048],[-3.69407,40.4007],[-3.69779,40.40098],[-3.70525,40.40147],[-3.70633,40.40159],[-3.70739,40.40178],[-3.70801,40.40193],[-3.70932,40.40229],[-3.71122,40.40276]]},"properties":{"kind":"route","mode":"cercanias","route":"C-10","name":"Cercanías C-10","destination":"PIRÁMIDES","direction":"2","color":"#90B70E","source_date":"2026-05-29","terminus":"VILLALBA DE GUADARRAMA","offset_index":-5}},{"type":"Feature","id":"cercanias-route-212","geometry":{"type":"LineString","coordinates":[[-3.86788,40.49428],[-3.87037,40.49763],[-3.87091,40.49846],[-3.87112,40.49883],[-3.87134,40.49931],[-3.87197,40.50117],[-3.87285,40.50562],[-3.87289,40.50604],[-3.87289,40.50639],[-3.87285,40.5067],[-3.87269,40.50732],[-3.87249,40.50775],[-3.87228,40.50812],[-3.87201,40.50849],[-3.87145,40.50908],[-3.87057,40.50973],[-3.87004,40.50999],[-3.86957,40.51018],[-3.86856,40.51047],[-3.86797,40.51058],[-3.86718,40.51065],[-3.86013,40.51097],[-3.85818,40.51103],[-3.85714,40.51103],[-3.8561,40.51094],[-3.85507,40.51073],[-3.85178,40.50994],[-3.83941,40.50686],[-3.838,40.50657],[-3.83743,40.50652],[-3.83633,40.50651],[-3.83426,40.50677],[-3.82876,40.50754],[-3.82782,40.50758],[-3.8271,40.50757],[-3.82569,40.50741],[-3.80726,40.50308],[-3.8047,40.50241],[-3.80349,40.50205],[-3.79908,40.50064],[-3.78896,40.49731],[-3.78274,40.49531],[-3.78209,40.49514],[-3.78123,40.495],[-3.78033,40.49495],[-3.7797,40.49496],[-3.77447,40.49532],[-3.77361,40.4954],[-3.77285,40.49552],[-3.77213,40.49573],[-3.77158,40.49595],[-3.77107,40.49618],[-3.76493,40.49952],[-3.76342,40.5003],[-3.76281,40.50056],[-3.76232,40.50073],[-3.76137,40.50091],[-3.76082,40.50093],[-3.76024,40.5009],[-3.75945,40.50077],[-3.7589,40.5006],[-3.75832,40.50038],[-3.7578,40.5001],[-3.75424,40.49728],[-3.75308,40.49638],[-3.75128,40.49491],[-3.75079,40.49458],[-3.7503,40.49432],[-3.74967,40.49409],[-3.74911,40.49394],[-3.74825,40.49381],[-3.74157,40.49335],[-3.73234,40.49269],[-3.73133,40.4927],[-3.73062,40.49279],[-3.7299,40.49299],[-3.72943,40.49317],[-3.72913,40.49331],[-3.72842,40.49377],[-3.72626,40.49538]]},"properties":{"kind":"route","mode":"cercanias","route":"C-7","name":"Cercanías C-7","destination":"PITIS","direction":"2","color":"#DF0221","source_date":"2026-05-29","terminus":"ALCALÁ DE HENARES","offset_index":1}},{"type":"Feature","id":"cercanias-route-213","geometry":{"type":"LineString","coordinates":[[-3.70998,40.49965],[-3.71392,40.49816],[-3.71444,40.498],[-3.71495,40.49789],[-3.71538,40.49785],[-3.71619,40.49784],[-3.71926,40.49823],[-3.72023,40.4983],[-3.7209,40.49828],[-3.72142,40.49823],[-3.72213,40.49808],[-3.72249,40.49796],[-3.72309,40.49771],[-3.72344,40.49751],[-3.72439,40.49685],[-3.72515,40.49629],[-3.72642,40.49548]]},"properties":{"kind":"route","mode":"cercanias","route":"C-8B","name":"Cercanías C-8B","destination":"PITIS","direction":"1","color":"#048947","source_date":"2026-05-29","terminus":"CERCEDILLA","offset_index":-3}},{"type":"Feature","id":"cercanias-route-214","geometry":{"type":"LineString","coordinates":[[-3.88199,40.52244],[-3.88002,40.51859],[-3.87981,40.51832],[-3.87917,40.51736],[-3.87769,40.51461],[-3.87726,40.51401],[-3.87641,40.51316],[-3.87573,40.51255],[-3.87537,40.5122],[-3.87488,40.51178],[-3.8742,40.51135],[-3.8734,40.51099],[-3.87262,40.51073],[-3.87205,40.51061],[-3.87163,40.51055],[-3.87113,40.51051],[-3.87044,40.51051],[-3.86013,40.51097],[-3.85818,40.51103],[-3.85714,40.51103],[-3.8561,40.51094],[-3.85507,40.51073],[-3.85178,40.50994],[-3.83941,40.50686],[-3.838,40.50657],[-3.83743,40.50652],[-3.83633,40.50651],[-3.83426,40.50677],[-3.82876,40.50754],[-3.82782,40.50758],[-3.8271,40.50757],[-3.82569,40.50741],[-3.80726,40.50308],[-3.8047,40.50241],[-3.80349,40.50205],[-3.79908,40.50064],[-3.78896,40.49731],[-3.78274,40.49531],[-3.78209,40.49514],[-3.78123,40.495],[-3.78033,40.49495],[-3.7797,40.49496],[-3.77447,40.49532],[-3.77361,40.4954],[-3.77285,40.49552],[-3.77213,40.49573],[-3.77158,40.49595],[-3.77107,40.49618],[-3.76493,40.49952],[-3.76342,40.5003],[-3.76281,40.50056],[-3.76232,40.50073],[-3.76137,40.50091],[-3.76082,40.50093],[-3.76024,40.5009],[-3.75945,40.50077],[-3.7589,40.5006],[-3.75832,40.50038],[-3.7578,40.5001],[-3.75424,40.49728],[-3.75308,40.49638],[-3.75128,40.49491],[-3.75079,40.49458],[-3.7503,40.49432],[-3.74967,40.49409],[-3.74911,40.49394],[-3.74825,40.49381],[-3.74157,40.49335],[-3.73234,40.49269],[-3.73133,40.4927],[-3.73062,40.49279],[-3.7299,40.49299],[-3.72943,40.49317],[-3.72913,40.49331],[-3.72842,40.49377],[-3.72626,40.49538]]},"properties":{"kind":"route","mode":"cercanias","route":"C-8B","name":"Cercanías C-8B","destination":"PITIS","direction":"2","color":"#048947","source_date":"2026-05-29","terminus":"GUADALAJARA","offset_index":3}},{"type":"Feature","id":"cercanias-route-215","geometry":{"type":"LineString","coordinates":[[-3.70998,40.49965],[-3.71392,40.49816],[-3.71444,40.498],[-3.71495,40.49789],[-3.71538,40.49785],[-3.71619,40.49784],[-3.71926,40.49823],[-3.72023,40.4983],[-3.7209,40.49828],[-3.72142,40.49823],[-3.72213,40.49808],[-3.72249,40.49796],[-3.72309,40.49771],[-3.72344,40.49751],[-3.72439,40.49685],[-3.72515,40.49629],[-3.72642,40.49548]]},"properties":{"kind":"route","mode":"cercanias","route":"C-7","name":"Cercanías C-7","destination":"PITIS","direction":"1","color":"#DF0221","source_date":"2026-05-29","terminus":"PRÍNCIPE PÍO","offset_index":-1}},{"type":"Feature","id":"cercanias-route-216","geometry":{"type":"LineString","coordinates":[[-3.70998,40.49965],[-3.71392,40.49816],[-3.71444,40.498],[-3.71495,40.49789],[-3.71538,40.49785],[-3.71619,40.49784],[-3.71926,40.49823],[-3.72023,40.4983],[-3.7209,40.49828],[-3.72142,40.49823],[-3.72213,40.49808],[-3.72249,40.49796],[-3.72309,40.49771],[-3.72344,40.49751],[-3.72439,40.49685],[-3.72515,40.49629],[-3.72642,40.49548]]},"properties":{"kind":"route","mode":"cercanias","route":"C-8A","name":"Cercanías C-8A","destination":"PITIS","direction":"1","color":"#048947","source_date":"2026-05-29","terminus":"SANTA MARÍA DE LA ALAMEDA","offset_index":-2}},{"type":"Feature","id":"cercanias-route-217","geometry":{"type":"LineString","coordinates":[[-3.88199,40.52244],[-3.88002,40.51859],[-3.87981,40.51832],[-3.87917,40.51736],[-3.87769,40.51461],[-3.87726,40.51401],[-3.87641,40.51316],[-3.87573,40.51255],[-3.87537,40.5122],[-3.87488,40.51178],[-3.8742,40.51135],[-3.8734,40.51099],[-3.87262,40.51073],[-3.87205,40.51061],[-3.87163,40.51055],[-3.87113,40.51051],[-3.87044,40.51051],[-3.86013,40.51097],[-3.85818,40.51103],[-3.85714,40.51103],[-3.8561,40.51094],[-3.85507,40.51073],[-3.85178,40.50994],[-3.83941,40.50686],[-3.838,40.50657],[-3.83743,40.50652],[-3.83633,40.50651],[-3.83426,40.50677],[-3.82876,40.50754],[-3.82782,40.50758],[-3.8271,40.50757],[-3.82569,40.50741],[-3.80726,40.50308],[-3.8047,40.50241],[-3.80349,40.50205],[-3.79908,40.50064],[-3.78896,40.49731],[-3.78274,40.49531],[-3.78209,40.49514],[-3.78123,40.495],[-3.78033,40.49495],[-3.7797,40.49496],[-3.77447,40.49532],[-3.77361,40.4954],[-3.77285,40.49552],[-3.77213,40.49573],[-3.77158,40.49595],[-3.77107,40.49618],[-3.76493,40.49952],[-3.76342,40.5003],[-3.76281,40.50056],[-3.76232,40.50073],[-3.76137,40.50091],[-3.76082,40.50093],[-3.76024,40.5009],[-3.75945,40.50077],[-3.7589,40.5006],[-3.75832,40.50038],[-3.7578,40.5001],[-3.75424,40.49728],[-3.75308,40.49638],[-3.75128,40.49491],[-3.75079,40.49458],[-3.7503,40.49432],[-3.74967,40.49409],[-3.74911,40.49394],[-3.74825,40.49381],[-3.74157,40.49335],[-3.73234,40.49269],[-3.73133,40.4927],[-3.73062,40.49279],[-3.7299,40.49299],[-3.72943,40.49317],[-3.72913,40.49331],[-3.72842,40.49377],[-3.72626,40.49538]]},"properties":{"kind":"route","mode":"cercanias","route":"C-8A","name":"Cercanías C-8A","destination":"PITIS","direction":"2","color":"#048947","source_date":"2026-05-29","terminus":"GUADALAJARA","offset_index":2}},{"type":"Feature","id":"cercanias-route-218","geometry":{"type":"LineString","coordinates":[[-3.62511,40.38204],[-3.6303,40.38086],[-3.64043,40.37844],[-3.64801,40.37671],[-3.64952,40.37639],[-3.65034,40.37624],[-3.65133,40.37613],[-3.65238,40.37605],[-3.65406,40.37605],[-3.65519,40.3761],[-3.65604,40.3762]]},"properties":{"kind":"route","mode":"cercanias","route":"C-2","name":"Cercanías C-2","destination":"POZO, EL","direction":"1","color":"#048947","source_date":"2026-05-29","terminus":"MADRID CHAMARTÍN-CLARA CAMPOAMOR","offset_index":4}},{"type":"Feature","id":"cercanias-route-219","geometry":{"type":"LineString","coordinates":[[-3.66788,40.3815],[-3.66655,40.38033],[-3.66563,40.37963],[-3.66411,40.37868],[-3.66239,40.37783],[-3.66117,40.37734],[-3.65938,40.37676],[-3.65812,40.37646],[-3.65672,40.37622],[-3.65605,40.37615]]},"properties":{"kind":"route","mode":"cercanias","route":"C-2","name":"Cercanías C-2","destination":"POZO, EL","direction":"2","color":"#048947","source_date":"2026-05-29","terminus":"GUADALAJARA","offset_index":-4}},{"type":"Feature","id":"cercanias-route-220","geometry":{"type":"LineString","coordinates":[[-3.66788,40.3815],[-3.66655,40.38033],[-3.66563,40.37963],[-3.66411,40.37868],[-3.66239,40.37783],[-3.66117,40.37734],[-3.65938,40.37676],[-3.65812,40.37646],[-3.65672,40.37622],[-3.65605,40.37615]]},"properties":{"kind":"route","mode":"cercanias","route":"C-7","name":"Cercanías C-7","destination":"POZO, EL","direction":"2","color":"#DF0221","source_date":"2026-05-29","terminus":"ALCALÁ DE HENARES","offset_index":1}},{"type":"Feature","id":"cercanias-route-221","geometry":{"type":"LineString","coordinates":[[-3.62511,40.38204],[-3.6303,40.38086],[-3.64043,40.37844],[-3.64801,40.37671],[-3.64952,40.37639],[-3.65034,40.37624],[-3.65133,40.37613],[-3.65238,40.37605],[-3.65406,40.37605],[-3.65519,40.3761],[-3.65604,40.3762]]},"properties":{"kind":"route","mode":"cercanias","route":"C-8B","name":"Cercanías C-8B","destination":"POZO, EL","direction":"1","color":"#048947","source_date":"2026-05-29","terminus":"CERCEDILLA","offset_index":-3}},{"type":"Feature","id":"cercanias-route-222","geometry":{"type":"LineString","coordinates":[[-3.66788,40.3815],[-3.66655,40.38033],[-3.66563,40.37963],[-3.66411,40.37868],[-3.66239,40.37783],[-3.66117,40.37734],[-3.65938,40.37676],[-3.65812,40.37646],[-3.65672,40.37622],[-3.65605,40.37615]]},"properties":{"kind":"route","mode":"cercanias","route":"C-8B","name":"Cercanías C-8B","destination":"POZO, EL","direction":"2","color":"#048947","source_date":"2026-05-29","terminus":"GUADALAJARA","offset_index":3}},{"type":"Feature","id":"cercanias-route-223","geometry":{"type":"LineString","coordinates":[[-3.62511,40.38204],[-3.6303,40.38086],[-3.64043,40.37844],[-3.64801,40.37671],[-3.64952,40.37639],[-3.65034,40.37624],[-3.65133,40.37613],[-3.65238,40.37605],[-3.65406,40.37605],[-3.65519,40.3761],[-3.65604,40.3762]]},"properties":{"kind":"route","mode":"cercanias","route":"C-7","name":"Cercanías C-7","destination":"POZO, EL","direction":"1","color":"#DF0221","source_date":"2026-05-29","terminus":"PRÍNCIPE PÍO","offset_index":-1}},{"type":"Feature","id":"cercanias-route-224","geometry":{"type":"LineString","coordinates":[[-3.62511,40.38204],[-3.6303,40.38086],[-3.64043,40.37844],[-3.64801,40.37671],[-3.64952,40.37639],[-3.65034,40.37624],[-3.65133,40.37613],[-3.65238,40.37605],[-3.65406,40.37605],[-3.65519,40.3761],[-3.65604,40.3762]]},"properties":{"kind":"route","mode":"cercanias","route":"C-8A","name":"Cercanías C-8A","destination":"POZO, EL","direction":"1","color":"#048947","source_date":"2026-05-29","terminus":"SANTA MARÍA DE LA ALAMEDA","offset_index":-2}},{"type":"Feature","id":"cercanias-route-225","geometry":{"type":"LineString","coordinates":[[-3.66788,40.3815],[-3.66655,40.38033],[-3.66563,40.37963],[-3.66411,40.37868],[-3.66239,40.37783],[-3.66117,40.37734],[-3.65938,40.37676],[-3.65812,40.37646],[-3.65672,40.37622],[-3.65605,40.37615]]},"properties":{"kind":"route","mode":"cercanias","route":"C-8A","name":"Cercanías C-8A","destination":"POZO, EL","direction":"2","color":"#048947","source_date":"2026-05-29","terminus":"GUADALAJARA","offset_index":2}},{"type":"Feature","id":"cercanias-route-226","geometry":{"type":"LineString","coordinates":[[-3.78523,40.44856],[-3.77313,40.4488],[-3.77212,40.44876],[-3.7715,40.4487],[-3.77026,40.44851],[-3.76973,40.44838],[-3.76906,40.44818],[-3.7676,40.44765],[-3.75098,40.44112],[-3.74965,40.44055],[-3.74832,40.43984],[-3.74763,40.4394],[-3.74714,40.439],[-3.7431,40.43526],[-3.7425,40.43484],[-3.74219,40.43465],[-3.74145,40.43429],[-3.7407,40.43403],[-3.73967,40.43383],[-3.73882,40.43377],[-3.73357,40.43357],[-3.7329,40.43352],[-3.73225,40.43342],[-3.73162,40.43322],[-3.73088,40.43284],[-3.73053,40.43258],[-3.73022,40.43231],[-3.72993,40.432],[-3.72578,40.42708],[-3.72505,40.42626],[-3.72391,40.42527],[-3.72189,40.42366],[-3.71938,40.4216]]},"properties":{"kind":"route","mode":"cercanias","route":"C-7","name":"Cercanías C-7","destination":"PRÍNCIPE PÍO","direction":"1","color":"#DF0221","source_date":"2026-05-29","terminus":"PRÍNCIPE PÍO","offset_index":1}},{"type":"Feature","id":"cercanias-route-227","geometry":{"type":"LineString","coordinates":[[-3.78523,40.44856],[-3.77313,40.4488],[-3.77212,40.44876],[-3.7715,40.4487],[-3.77026,40.44851],[-3.76973,40.44838],[-3.76906,40.44818],[-3.7676,40.44765],[-3.75098,40.44112],[-3.74965,40.44055],[-3.74832,40.43984],[-3.74763,40.4394],[-3.74714,40.439],[-3.7431,40.43526],[-3.7425,40.43484],[-3.74219,40.43465],[-3.74145,40.43429],[-3.7407,40.43403],[-3.73967,40.43383],[-3.73882,40.43377],[-3.73357,40.43357],[-3.7329,40.43352],[-3.73225,40.43342],[-3.73162,40.43322],[-3.73088,40.43284],[-3.73053,40.43258],[-3.73022,40.43231],[-3.72993,40.432],[-3.72578,40.42708],[-3.72505,40.42626],[-3.72391,40.42527],[-3.72189,40.42366],[-3.71938,40.4216]]},"properties":{"kind":"route","mode":"cercanias","route":"C-10","name":"Cercanías C-10","destination":"PRÍNCIPE PÍO","direction":"1","color":"#90B70E","source_date":"2026-05-29","terminus":"MADRID CHAMARTÍN-CLARA CAMPOAMOR","offset_index":5}},{"type":"Feature","id":"cercanias-route-228","geometry":{"type":"LineString","coordinates":[[-3.71122,40.40276],[-3.71324,40.40332],[-3.71398,40.40358],[-3.71456,40.40382],[-3.71552,40.4043],[-3.71592,40.40454],[-3.71675,40.40493],[-3.71738,40.40531],[-3.7179,40.40571],[-3.71827,40.40606],[-3.71866,40.40648],[-3.71883,40.40671],[-3.71914,40.40722],[-3.71927,40.4076],[-3.71935,40.40795],[-3.71932,40.40829],[-3.71927,40.40857],[-3.71852,40.41058],[-3.7175,40.41262],[-3.71699,40.41356],[-3.71682,40.41398],[-3.71674,40.41428],[-3.71669,40.41588],[-3.71664,40.4165],[-3.71666,40.4172],[-3.71679,40.41789],[-3.71707,40.41865],[-3.71726,40.41903],[-3.71764,40.4196],[-3.71771,40.4198],[-3.71774,40.42025],[-3.71785,40.42067],[-3.71811,40.42113],[-3.71903,40.42185]]},"properties":{"kind":"route","mode":"cercanias","route":"C-10","name":"Cercanías C-10","destination":"PRÍNCIPE PÍO","direction":"2","color":"#90B70E","source_date":"2026-05-29","terminus":"VILLALBA DE GUADARRAMA","offset_index":-5}},{"type":"Feature","id":"cercanias-route-229","geometry":{"type":"LineString","coordinates":[[-3.71166,40.34134],[-3.70695,40.34114],[-3.70515,40.34109],[-3.70492,40.34113],[-3.70424,40.3413],[-3.70365,40.34153],[-3.70314,40.34182],[-3.70269,40.34216],[-3.70232,40.34255],[-3.70213,40.34283],[-3.70187,40.34328],[-3.70162,40.3442],[-3.7016,40.34458],[-3.70171,40.34532],[-3.70191,40.3458],[-3.70225,40.34637],[-3.70295,40.34709],[-3.70352,40.34759],[-3.70393,40.34808],[-3.70424,40.34853],[-3.70538,40.35039]]},"properties":{"kind":"route","mode":"cercanias","route":"C-5","name":"Cercanías C-5","destination":"PUENTE ALCOCER","direction":"2","color":"#FFB911","source_date":"2026-05-29","terminus":"MÓSTOLES EL SOTO","offset_index":0}},{"type":"Feature","id":"cercanias-route-230","geometry":{"type":"LineString","coordinates":[[-3.70445,40.36681],[-3.70482,40.36526],[-3.7051,40.36395],[-3.70561,40.36077],[-3.70594,40.35919],[-3.7061,40.35873],[-3.70716,40.35659],[-3.70742,40.3559],[-3.70755,40.35536],[-3.70751,40.35479],[-3.70742,40.35438],[-3.70722,40.35381],[-3.70671,40.35269],[-3.70618,40.35167],[-3.70582,40.35102],[-3.70542,40.35037]]},"properties":{"kind":"route","mode":"cercanias","route":"C-5","name":"Cercanías C-5","destination":"PUENTE ALCOCER","direction":"1","color":"#FFB911","source_date":"2026-05-29","terminus":"HUMANES","offset_index":0}},{"type":"Feature","id":"cercanias-route-231","geometry":{"type":"LineString","coordinates":[[-3.70996,40.49961],[-3.70859,40.50012],[-3.7074,40.50039],[-3.70703,40.50043],[-3.70606,40.50041],[-3.70532,40.50028],[-3.70491,40.50016],[-3.70423,40.49989],[-3.70389,40.49971],[-3.70161,40.49813],[-3.69946,40.49659],[-3.699,40.49624],[-3.69858,40.49585],[-3.69827,40.49547],[-3.69803,40.49506],[-3.69784,40.49444],[-3.69779,40.49404],[-3.6978,40.49351],[-3.69809,40.49206],[-3.69812,40.4917],[-3.6981,40.49137],[-3.69797,40.49078],[-3.69787,40.49051],[-3.69761,40.49004],[-3.69726,40.48959],[-3.69705,40.48938],[-3.69679,40.48916],[-3.69641,40.48891],[-3.69612,40.48873],[-3.6958,40.48857],[-3.695,40.48829],[-3.69464,40.4882]]},"properties":{"kind":"route","mode":"cercanias","route":"C-7","name":"Cercanías C-7","destination":"RAMÓN Y CAJAL","direction":"2","color":"#DF0221","source_date":"2026-05-29","terminus":"ALCALÁ DE HENARES","offset_index":1}},{"type":"Feature","id":"cercanias-route-232","geometry":{"type":"LineString","coordinates":[[-3.68181,40.47295],[-3.67993,40.47747],[-3.67957,40.47879],[-3.67923,40.48013],[-3.67921,40.48042],[-3.67922,40.48073],[-3.67929,40.48102],[-3.67949,40.48152],[-3.67979,40.4819],[-3.68005,40.48218],[-3.6811,40.48313],[-3.68202,40.48392],[-3.68451,40.48553],[-3.6892,40.48767],[-3.69006,40.48798],[-3.69062,40.48809],[-3.6909,40.48813],[-3.69179,40.48815],[-3.69327,40.48812],[-3.69381,40.48814],[-3.69463,40.48824]]},"properties":{"kind":"route","mode":"cercanias","route":"C-8B","name":"Cercanías C-8B","destination":"RAMÓN Y CAJAL","direction":"1","color":"#048947","source_date":"2026-05-29","terminus":"CERCEDILLA","offset_index":-3}},{"type":"Feature","id":"cercanias-route-233","geometry":{"type":"LineString","coordinates":[[-3.70996,40.49961],[-3.70859,40.50012],[-3.7074,40.50039],[-3.70703,40.50043],[-3.70606,40.50041],[-3.70532,40.50028],[-3.70491,40.50016],[-3.70423,40.49989],[-3.70389,40.49971],[-3.70161,40.49813],[-3.69946,40.49659],[-3.699,40.49624],[-3.69858,40.49585],[-3.69827,40.49547],[-3.69803,40.49506],[-3.69784,40.49444],[-3.69779,40.49404],[-3.6978,40.49351],[-3.69809,40.49206],[-3.69812,40.4917],[-3.6981,40.49137],[-3.69797,40.49078],[-3.69787,40.49051],[-3.69761,40.49004],[-3.69726,40.48959],[-3.69705,40.48938],[-3.69679,40.48916],[-3.69641,40.48891],[-3.69612,40.48873],[-3.6958,40.48857],[-3.695,40.48829],[-3.69464,40.4882]]},"properties":{"kind":"route","mode":"cercanias","route":"C-8B","name":"Cercanías C-8B","destination":"RAMÓN Y CAJAL","direction":"2","color":"#048947","source_date":"2026-05-29","terminus":"GUADALAJARA","offset_index":3}},{"type":"Feature","id":"cercanias-route-234","geometry":{"type":"LineString","coordinates":[[-3.68181,40.47295],[-3.67993,40.47747],[-3.67957,40.47879],[-3.67923,40.48013],[-3.67921,40.48042],[-3.67922,40.48073],[-3.67929,40.48102],[-3.67949,40.48152],[-3.67979,40.4819],[-3.68005,40.48218],[-3.6811,40.48313],[-3.68202,40.48392],[-3.68451,40.48553],[-3.6892,40.48767],[-3.69006,40.48798],[-3.69062,40.48809],[-3.6909,40.48813],[-3.69179,40.48815],[-3.69327,40.48812],[-3.69381,40.48814],[-3.69463,40.48824]]},"properties":{"kind":"route","mode":"cercanias","route":"C-7","name":"Cercanías C-7","destination":"RAMÓN Y CAJAL","direction":"1","color":"#DF0221","source_date":"2026-05-29","terminus":"PRÍNCIPE PÍO","offset_index":-1}},{"type":"Feature","id":"cercanias-route-235","geometry":{"type":"LineString","coordinates":[[-3.68181,40.47295],[-3.67993,40.47747],[-3.67957,40.47879],[-3.67923,40.48013],[-3.67921,40.48042],[-3.67922,40.48073],[-3.67929,40.48102],[-3.67949,40.48152],[-3.67979,40.4819],[-3.68005,40.48218],[-3.6811,40.48313],[-3.68202,40.48392],[-3.68451,40.48553],[-3.6892,40.48767],[-3.69006,40.48798],[-3.69062,40.48809],[-3.6909,40.48813],[-3.69179,40.48815],[-3.69327,40.48812],[-3.69381,40.48814],[-3.69463,40.48824]]},"properties":{"kind":"route","mode":"cercanias","route":"C-8A","name":"Cercanías C-8A","destination":"RAMÓN Y CAJAL","direction":"1","color":"#048947","source_date":"2026-05-29","terminus":"SANTA MARÍA DE LA ALAMEDA","offset_index":-2}},{"type":"Feature","id":"cercanias-route-236","geometry":{"type":"LineString","coordinates":[[-3.70996,40.49961],[-3.70859,40.50012],[-3.7074,40.50039],[-3.70703,40.50043],[-3.70606,40.50041],[-3.70532,40.50028],[-3.70491,40.50016],[-3.70423,40.49989],[-3.70389,40.49971],[-3.70161,40.49813],[-3.69946,40.49659],[-3.699,40.49624],[-3.69858,40.49585],[-3.69827,40.49547],[-3.69803,40.49506],[-3.69784,40.49444],[-3.69779,40.49404],[-3.6978,40.49351],[-3.69809,40.49206],[-3.69812,40.4917],[-3.6981,40.49137],[-3.69797,40.49078],[-3.69787,40.49051],[-3.69761,40.49004],[-3.69726,40.48959],[-3.69705,40.48938],[-3.69679,40.48916],[-3.69641,40.48891],[-3.69612,40.48873],[-3.6958,40.48857],[-3.695,40.48829],[-3.69464,40.4882]]},"properties":{"kind":"route","mode":"cercanias","route":"C-8A","name":"Cercanías C-8A","destination":"RAMÓN Y CAJAL","direction":"2","color":"#048947","source_date":"2026-05-29","terminus":"GUADALAJARA","offset_index":2}},{"type":"Feature","id":"cercanias-route-237","geometry":{"type":"LineString","coordinates":[[-3.6868,40.40451],[-3.68884,40.40636],[-3.68932,40.40669],[-3.6901,40.40743],[-3.69062,40.40795],[-3.69132,40.40872],[-3.69158,40.40903],[-3.69224,40.40993],[-3.69309,40.41283],[-3.69365,40.41521],[-3.69371,40.41561],[-3.69354,40.41722],[-3.69235,40.42018],[-3.69107,40.42348]]},"properties":{"kind":"route","mode":"cercanias","route":"C-2","name":"Cercanías C-2","destination":"RECOLETOS","direction":"1","color":"#048947","source_date":"2026-05-29","terminus":"MADRID CHAMARTÍN-CLARA CAMPOAMOR","offset_index":4}},{"type":"Feature","id":"cercanias-route-238","geometry":{"type":"LineString","coordinates":[[-3.69091,40.44581],[-3.6911,40.44407],[-3.69109,40.4409],[-3.69103,40.43938],[-3.69094,40.4388],[-3.69074,40.43828],[-3.6901,40.43708],[-3.68968,40.43622],[-3.68877,40.43419],[-3.68877,40.43288],[-3.68879,40.43193],[-3.68974,40.42737],[-3.69037,40.42545],[-3.69113,40.42349]]},"properties":{"kind":"route","mode":"cercanias","route":"C-2","name":"Cercanías C-2","destination":"RECOLETOS","direction":"2","color":"#048947","source_date":"2026-05-29","terminus":"GUADALAJARA","offset_index":4}},{"type":"Feature","id":"cercanias-route-239","geometry":{"type":"LineString","coordinates":[[-3.69091,40.44581],[-3.6911,40.44407],[-3.69109,40.4409],[-3.69103,40.43938],[-3.69094,40.4388],[-3.69074,40.43828],[-3.6901,40.43708],[-3.68968,40.43622],[-3.68877,40.43419],[-3.68877,40.43288],[-3.68879,40.43193],[-3.68974,40.42737],[-3.69037,40.42545],[-3.69113,40.42349]]},"properties":{"kind":"route","mode":"cercanias","route":"C-7","name":"Cercanías C-7","destination":"RECOLETOS","direction":"2","color":"#DF0221","source_date":"2026-05-29","terminus":"ALCALÁ DE HENARES","offset_index":-1}},{"type":"Feature","id":"cercanias-route-240","geometry":{"type":"LineString","coordinates":[[-3.6868,40.40451],[-3.68884,40.40636],[-3.68932,40.40669],[-3.6901,40.40743],[-3.69062,40.40795],[-3.69132,40.40872],[-3.69158,40.40903],[-3.69224,40.40993],[-3.69309,40.41283],[-3.69365,40.41521],[-3.69371,40.41561],[-3.69354,40.41722],[-3.69235,40.42018],[-3.69107,40.42348]]},"properties":{"kind":"route","mode":"cercanias","route":"C-8B","name":"Cercanías C-8B","destination":"RECOLETOS","direction":"1","color":"#048947","source_date":"2026-05-29","terminus":"CERCEDILLA","offset_index":-3}},{"type":"Feature","id":"cercanias-route-241","geometry":{"type":"LineString","coordinates":[[-3.69091,40.44581],[-3.6911,40.44407],[-3.69109,40.4409],[-3.69103,40.43938],[-3.69094,40.4388],[-3.69074,40.43828],[-3.6901,40.43708],[-3.68968,40.43622],[-3.68877,40.43419],[-3.68877,40.43288],[-3.68879,40.43193],[-3.68974,40.42737],[-3.69037,40.42545],[-3.69113,40.42349]]},"properties":{"kind":"route","mode":"cercanias","route":"C-8B","name":"Cercanías C-8B","destination":"RECOLETOS","direction":"2","color":"#048947","source_date":"2026-05-29","terminus":"GUADALAJARA","offset_index":-3}},{"type":"Feature","id":"cercanias-route-242","geometry":{"type":"LineString","coordinates":[[-3.68677,40.40453],[-3.68884,40.40636],[-3.68932,40.40669],[-3.6901,40.40743],[-3.69062,40.40795],[-3.69132,40.40872],[-3.69158,40.40903],[-3.69224,40.40993],[-3.69309,40.41283],[-3.69365,40.41521],[-3.69371,40.41561],[-3.69354,40.41722],[-3.69235,40.42018],[-3.69107,40.42348]]},"properties":{"kind":"route","mode":"cercanias","route":"C-7","name":"Cercanías C-7","destination":"RECOLETOS","direction":"1","color":"#DF0221","source_date":"2026-05-29","terminus":"PRÍNCIPE PÍO","offset_index":-1}},{"type":"Feature","id":"cercanias-route-243","geometry":{"type":"LineString","coordinates":[[-3.6868,40.40451],[-3.68884,40.40636],[-3.68932,40.40669],[-3.6901,40.40743],[-3.69062,40.40795],[-3.69132,40.40872],[-3.69158,40.40903],[-3.69224,40.40993],[-3.69309,40.41283],[-3.69365,40.41521],[-3.69371,40.41561],[-3.69354,40.41722],[-3.69235,40.42018],[-3.69107,40.42348]]},"properties":{"kind":"route","mode":"cercanias","route":"C-8A","name":"Cercanías C-8A","destination":"RECOLETOS","direction":"1","color":"#048947","source_date":"2026-05-29","terminus":"SANTA MARÍA DE LA ALAMEDA","offset_index":-2}},{"type":"Feature","id":"cercanias-route-244","geometry":{"type":"LineString","coordinates":[[-3.69091,40.44581],[-3.6911,40.44407],[-3.69109,40.4409],[-3.69103,40.43938],[-3.69094,40.4388],[-3.69074,40.43828],[-3.6901,40.43708],[-3.68968,40.43622],[-3.68877,40.43419],[-3.68877,40.43288],[-3.68879,40.43193],[-3.68974,40.42737],[-3.69037,40.42545],[-3.69113,40.42349]]},"properties":{"kind":"route","mode":"cercanias","route":"C-8A","name":"Cercanías C-8A","destination":"RECOLETOS","direction":"2","color":"#048947","source_date":"2026-05-29","terminus":"GUADALAJARA","offset_index":-2}},{"type":"Feature","id":"cercanias-route-245","geometry":{"type":"LineString","coordinates":[[-3.68677,40.40453],[-3.68884,40.40636],[-3.68932,40.40669],[-3.6901,40.40743],[-3.69062,40.40795],[-3.69132,40.40872],[-3.69158,40.40903],[-3.69224,40.40993],[-3.69309,40.41283],[-3.69365,40.41521],[-3.69371,40.41561],[-3.69354,40.41722],[-3.69235,40.42018],[-3.69107,40.42348]]},"properties":{"kind":"route","mode":"cercanias","route":"C-10","name":"Cercanías C-10","destination":"RECOLETOS","direction":"1","color":"#90B70E","source_date":"2026-05-29","terminus":"MADRID CHAMARTÍN-CLARA CAMPOAMOR","offset_index":-5}},{"type":"Feature","id":"cercanias-route-246","geometry":{"type":"LineString","coordinates":[[-3.69093,40.44581],[-3.6911,40.44407],[-3.69111,40.44211],[-3.69109,40.4409],[-3.69103,40.43938],[-3.69094,40.4388],[-3.69074,40.43828],[-3.6901,40.43708],[-3.68968,40.43622],[-3.68877,40.43419],[-3.68877,40.43288],[-3.68879,40.43193],[-3.68974,40.42737],[-3.69037,40.42545],[-3.69113,40.42349]]},"properties":{"kind":"route","mode":"cercanias","route":"C-10","name":"Cercanías C-10","destination":"RECOLETOS","direction":"2","color":"#90B70E","source_date":"2026-05-29","terminus":"VILLALBA DE GUADARRAMA","offset_index":-5}},{"type":"Feature","id":"cercanias-route-247","geometry":{"type":"LineString","coordinates":[[-3.69877,40.33176],[-3.69603,40.33232],[-3.69368,40.33263],[-3.69221,40.33275],[-3.69121,40.33289],[-3.69073,40.333],[-3.68986,40.33324],[-3.68941,40.33343],[-3.68858,40.33372],[-3.6873,40.33441],[-3.68659,40.33489],[-3.6857,40.33572],[-3.68533,40.33617],[-3.68502,40.33659],[-3.68451,40.33741],[-3.68436,40.33771],[-3.68411,40.33833],[-3.68399,40.33872],[-3.68383,40.33956],[-3.6838,40.33999],[-3.68379,40.34108],[-3.6838,40.3423]]},"properties":{"kind":"route","mode":"cercanias","route":"C-3","name":"Cercanías C-3","destination":"SAN CRISTÓBAL DE LOS ANGELES","direction":"1","color":"#A02E86","source_date":"2026-05-29","terminus":"MADRID CHAMARTÍN-CLARA CAMPOAMOR","offset_index":-3}},{"type":"Feature","id":"cercanias-route-248","geometry":{"type":"LineString","coordinates":[[-3.68394,40.35279],[-3.68389,40.34924],[-3.68387,40.34231]]},"properties":{"kind":"route","mode":"cercanias","route":"C-3","name":"Cercanías C-3","destination":"SAN CRISTÓBAL DE LOS ANGELES","direction":"2","color":"#A02E86","source_date":"2026-05-29","terminus":"ARANJUEZ","offset_index":-3}},{"type":"Feature","id":"cercanias-route-249","geometry":{"type":"LineString","coordinates":[[-3.70968,40.31865],[-3.70982,40.31998],[-3.7098,40.32087],[-3.70978,40.32124],[-3.70967,40.32204],[-3.70952,40.32275],[-3.7091,40.324],[-3.70866,40.32496],[-3.70831,40.32558],[-3.70781,40.32637],[-3.70722,40.32711],[-3.70674,40.32764],[-3.70637,40.328],[-3.70564,40.32863],[-3.70484,40.32922],[-3.70386,40.32983],[-3.70281,40.33038],[-3.70158,40.33091],[-3.70081,40.33119],[-3.70037,40.33133],[-3.69954,40.33157],[-3.69877,40.33176]]},"properties":{"kind":"route","mode":"cercanias","route":"C-3","name":"Cercanías C-3","destination":"SAN CRISTÓBAL INDUSTRIAL","direction":"1","color":"#A02E86","source_date":"2026-05-29","terminus":"MADRID CHAMARTÍN-CLARA CAMPOAMOR","offset_index":-3}},{"type":"Feature","id":"cercanias-route-250","geometry":{"type":"LineString","coordinates":[[-3.68387,40.34231],[-3.68385,40.34108],[-3.68386,40.33999],[-3.68389,40.33957],[-3.68405,40.33873],[-3.68416,40.33835],[-3.68441,40.33772],[-3.68456,40.33742],[-3.68507,40.33661],[-3.68538,40.33619],[-3.68575,40.33574],[-3.68663,40.33493],[-3.68734,40.33444],[-3.68861,40.33376],[-3.68944,40.33347],[-3.68988,40.33328],[-3.69075,40.33304],[-3.69123,40.33294],[-3.69222,40.3328],[-3.69369,40.33267],[-3.69605,40.33237],[-3.69879,40.3318]]},"properties":{"kind":"route","mode":"cercanias","route":"C-3","name":"Cercanías C-3","destination":"SAN CRISTÓBAL INDUSTRIAL","direction":"2","color":"#A02E86","source_date":"2026-05-29","terminus":"ARANJUEZ","offset_index":3}},{"type":"Feature","id":"cercanias-route-251","geometry":{"type":"LineString","coordinates":[[-3.59566,40.40121],[-3.59738,40.40013],[-3.59795,40.39974],[-3.60137,40.39762],[-3.60215,40.39709],[-3.60295,40.3964],[-3.60355,40.39575],[-3.6044,40.39454],[-3.60627,40.39116],[-3.6069,40.38992],[-3.60725,40.38931],[-3.60816,40.38813],[-3.60885,40.38741],[-3.60921,40.38708]]},"properties":{"kind":"route","mode":"cercanias","route":"C-2","name":"Cercanías C-2","destination":"SANTA EUGENIA","direction":"1","color":"#048947","source_date":"2026-05-29","terminus":"MADRID CHAMARTÍN-CLARA CAMPOAMOR","offset_index":4}},{"type":"Feature","id":"cercanias-route-252","geometry":{"type":"LineString","coordinates":[[-3.62506,40.38191],[-3.62316,40.38238],[-3.61501,40.38431],[-3.61337,40.38479],[-3.61265,40.38503],[-3.61191,40.38532],[-3.61114,40.38569],[-3.61026,40.38621],[-3.60965,40.38663],[-3.60914,40.38702]]},"properties":{"kind":"route","mode":"cercanias","route":"C-2","name":"Cercanías C-2","destination":"SANTA EUGENIA","direction":"2","color":"#048947","source_date":"2026-05-29","terminus":"GUADALAJARA","offset_index":-4}},{"type":"Feature","id":"cercanias-route-253","geometry":{"type":"LineString","coordinates":[[-3.62506,40.38191],[-3.62316,40.38238],[-3.61501,40.38431],[-3.61337,40.38479],[-3.61265,40.38503],[-3.61191,40.38532],[-3.61114,40.38569],[-3.61026,40.38621],[-3.60965,40.38663],[-3.60914,40.38702]]},"properties":{"kind":"route","mode":"cercanias","route":"C-7","name":"Cercanías C-7","destination":"SANTA EUGENIA","direction":"2","color":"#DF0221","source_date":"2026-05-29","terminus":"ALCALÁ DE HENARES","offset_index":1}},{"type":"Feature","id":"cercanias-route-254","geometry":{"type":"LineString","coordinates":[[-3.59566,40.40121],[-3.59738,40.40013],[-3.59795,40.39974],[-3.60137,40.39762],[-3.60215,40.39709],[-3.60295,40.3964],[-3.60355,40.39575],[-3.6044,40.39454],[-3.60627,40.39116],[-3.6069,40.38992],[-3.60725,40.38931],[-3.60816,40.38813],[-3.60885,40.38741],[-3.60921,40.38708]]},"properties":{"kind":"route","mode":"cercanias","route":"C-8B","name":"Cercanías C-8B","destination":"SANTA EUGENIA","direction":"1","color":"#048947","source_date":"2026-05-29","terminus":"CERCEDILLA","offset_index":-3}},{"type":"Feature","id":"cercanias-route-255","geometry":{"type":"LineString","coordinates":[[-3.62506,40.38191],[-3.62316,40.38238],[-3.61501,40.38431],[-3.61337,40.38479],[-3.61265,40.38503],[-3.61191,40.38532],[-3.61114,40.38569],[-3.61026,40.38621],[-3.60965,40.38663],[-3.60914,40.38702]]},"properties":{"kind":"route","mode":"cercanias","route":"C-8B","name":"Cercanías C-8B","destination":"SANTA EUGENIA","direction":"2","color":"#048947","source_date":"2026-05-29","terminus":"GUADALAJARA","offset_index":3}},{"type":"Feature","id":"cercanias-route-256","geometry":{"type":"LineString","coordinates":[[-3.59566,40.40121],[-3.59738,40.40013],[-3.59795,40.39974],[-3.60137,40.39762],[-3.60215,40.39709],[-3.60295,40.3964],[-3.60355,40.39575],[-3.6044,40.39454],[-3.60627,40.39116],[-3.6069,40.38992],[-3.60725,40.38931],[-3.60816,40.38813],[-3.60885,40.38741],[-3.60921,40.38708]]},"properties":{"kind":"route","mode":"cercanias","route":"C-7","name":"Cercanías C-7","destination":"SANTA EUGENIA","direction":"1","color":"#DF0221","source_date":"2026-05-29","terminus":"PRÍNCIPE PÍO","offset_index":-1}},{"type":"Feature","id":"cercanias-route-257","geometry":{"type":"LineString","coordinates":[[-3.59566,40.40121],[-3.59738,40.40013],[-3.59795,40.39974],[-3.60137,40.39762],[-3.60215,40.39709],[-3.60295,40.3964],[-3.60355,40.39575],[-3.6044,40.39454],[-3.60627,40.39116],[-3.6069,40.38992],[-3.60725,40.38931],[-3.60816,40.38813],[-3.60885,40.38741],[-3.60921,40.38708]]},"properties":{"kind":"route","mode":"cercanias","route":"C-8A","name":"Cercanías C-8A","destination":"SANTA EUGENIA","direction":"1","color":"#048947","source_date":"2026-05-29","terminus":"SANTA MARÍA DE LA ALAMEDA","offset_index":-2}},{"type":"Feature","id":"cercanias-route-258","geometry":{"type":"LineString","coordinates":[[-3.62506,40.38191],[-3.62316,40.38238],[-3.61501,40.38431],[-3.61337,40.38479],[-3.61265,40.38503],[-3.61191,40.38532],[-3.61114,40.38569],[-3.61026,40.38621],[-3.60965,40.38663],[-3.60914,40.38702]]},"properties":{"kind":"route","mode":"cercanias","route":"C-8A","name":"Cercanías C-8A","destination":"SANTA EUGENIA","direction":"2","color":"#048947","source_date":"2026-05-29","terminus":"GUADALAJARA","offset_index":2}},{"type":"Feature","id":"cercanias-route-259","geometry":{"type":"LineString","coordinates":[[-3.70029,40.54372],[-3.70077,40.54447],[-3.70108,40.54512],[-3.70152,40.54585],[-3.70191,40.5466],[-3.70225,40.54739],[-3.70237,40.54806],[-3.70239,40.54856],[-3.70234,40.54914],[-3.70215,40.54965],[-3.70188,40.5502],[-3.70165,40.55058],[-3.70091,40.55132],[-3.70003,40.55192],[-3.69946,40.55218],[-3.69886,40.55241],[-3.69829,40.55256],[-3.69769,40.55268],[-3.69453,40.55296],[-3.68367,40.55401]]},"properties":{"kind":"route","mode":"cercanias","route":"C-4A","name":"Cercanías C-4A","destination":"UNIVERSIDAD P. COMILLAS","direction":"1","color":"#0058A0","source_date":"2026-05-29","terminus":"ALCOBENDAS-S.S. DE LOS REYES","offset_index":-2}},{"type":"Feature","id":"cercanias-route-260","geometry":{"type":"LineString","coordinates":[[-3.65416,40.54824],[-3.65753,40.54871],[-3.66114,40.54976],[-3.66817,40.55188],[-3.67034,40.55269],[-3.67317,40.5536],[-3.67442,40.55391],[-3.67535,40.5541],[-3.67634,40.55423],[-3.67773,40.55434],[-3.67939,40.55438],[-3.6803,40.55435],[-3.68127,40.55428],[-3.68368,40.55405]]},"properties":{"kind":"route","mode":"cercanias","route":"C-4A","name":"Cercanías C-4A","destination":"UNIVERSIDAD P. COMILLAS","direction":"2","color":"#0058A0","source_date":"2026-05-29","terminus":"PARLA","offset_index":2}},{"type":"Feature","id":"cercanias-route-261","geometry":{"type":"LineString","coordinates":[[-3.60921,40.38708],[-3.60972,40.38669],[-3.61033,40.38627],[-3.6112,40.38576],[-3.61196,40.38539],[-3.61269,40.3851],[-3.61341,40.38486],[-3.61504,40.38439],[-3.62511,40.38204]]},"properties":{"kind":"route","mode":"cercanias","route":"C-2","name":"Cercanías C-2","destination":"VALLECAS","direction":"1","color":"#048947","source_date":"2026-05-29","terminus":"MADRID CHAMARTÍN-CLARA CAMPOAMOR","offset_index":4}},{"type":"Feature","id":"cercanias-route-262","geometry":{"type":"LineString","coordinates":[[-3.65605,40.37615],[-3.6552,40.37603],[-3.65406,40.37599],[-3.65238,40.37599],[-3.65132,40.37606],[-3.65033,40.37618],[-3.6495,40.37633],[-3.64798,40.37664],[-3.64041,40.37838],[-3.63027,40.38079],[-3.62634,40.38161],[-3.62506,40.38191]]},"properties":{"kind":"route","mode":"cercanias","route":"C-2","name":"Cercanías C-2","destination":"VALLECAS","direction":"2","color":"#048947","source_date":"2026-05-29","terminus":"GUADALAJARA","offset_index":-4}},{"type":"Feature","id":"cercanias-route-263","geometry":{"type":"LineString","coordinates":[[-3.65605,40.37615],[-3.6552,40.37603],[-3.65406,40.37599],[-3.65238,40.37599],[-3.65132,40.37606],[-3.65033,40.37618],[-3.6495,40.37633],[-3.64798,40.37664],[-3.64041,40.37838],[-3.63027,40.38079],[-3.62634,40.38161],[-3.62506,40.38191]]},"properties":{"kind":"route","mode":"cercanias","route":"C-7","name":"Cercanías C-7","destination":"VALLECAS","direction":"2","color":"#DF0221","source_date":"2026-05-29","terminus":"ALCALÁ DE HENARES","offset_index":1}},{"type":"Feature","id":"cercanias-route-264","geometry":{"type":"LineString","coordinates":[[-3.60921,40.38708],[-3.60972,40.38669],[-3.61033,40.38627],[-3.6112,40.38576],[-3.61196,40.38539],[-3.61269,40.3851],[-3.61341,40.38486],[-3.61504,40.38439],[-3.62511,40.38204]]},"properties":{"kind":"route","mode":"cercanias","route":"C-8B","name":"Cercanías C-8B","destination":"VALLECAS","direction":"1","color":"#048947","source_date":"2026-05-29","terminus":"CERCEDILLA","offset_index":-3}},{"type":"Feature","id":"cercanias-route-265","geometry":{"type":"LineString","coordinates":[[-3.65605,40.37615],[-3.6552,40.37603],[-3.65406,40.37599],[-3.65238,40.37599],[-3.65132,40.37606],[-3.65033,40.37618],[-3.6495,40.37633],[-3.64798,40.37664],[-3.64041,40.37838],[-3.63027,40.38079],[-3.62634,40.38161],[-3.62506,40.38191]]},"properties":{"kind":"route","mode":"cercanias","route":"C-8B","name":"Cercanías C-8B","destination":"VALLECAS","direction":"2","color":"#048947","source_date":"2026-05-29","terminus":"GUADALAJARA","offset_index":3}},{"type":"Feature","id":"cercanias-route-266","geometry":{"type":"LineString","coordinates":[[-3.60921,40.38708],[-3.60972,40.38669],[-3.61033,40.38627],[-3.6112,40.38576],[-3.61196,40.38539],[-3.61269,40.3851],[-3.61341,40.38486],[-3.61504,40.38439],[-3.62511,40.38204]]},"properties":{"kind":"route","mode":"cercanias","route":"C-7","name":"Cercanías C-7","destination":"VALLECAS","direction":"1","color":"#DF0221","source_date":"2026-05-29","terminus":"PRÍNCIPE PÍO","offset_index":-1}},{"type":"Feature","id":"cercanias-route-267","geometry":{"type":"LineString","coordinates":[[-3.60921,40.38708],[-3.60972,40.38669],[-3.61033,40.38627],[-3.6112,40.38576],[-3.61196,40.38539],[-3.61269,40.3851],[-3.61341,40.38486],[-3.61504,40.38439],[-3.62511,40.38204]]},"properties":{"kind":"route","mode":"cercanias","route":"C-8A","name":"Cercanías C-8A","destination":"VALLECAS","direction":"1","color":"#048947","source_date":"2026-05-29","terminus":"SANTA MARÍA DE LA ALAMEDA","offset_index":-2}},{"type":"Feature","id":"cercanias-route-268","geometry":{"type":"LineString","coordinates":[[-3.65605,40.37615],[-3.6552,40.37603],[-3.65406,40.37599],[-3.65238,40.37599],[-3.65132,40.37606],[-3.65033,40.37618],[-3.6495,40.37633],[-3.64798,40.37664],[-3.64041,40.37838],[-3.63027,40.38079],[-3.62634,40.38161],[-3.62506,40.38191]]},"properties":{"kind":"route","mode":"cercanias","route":"C-8A","name":"Cercanías C-8A","destination":"VALLECAS","direction":"2","color":"#048947","source_date":"2026-05-29","terminus":"GUADALAJARA","offset_index":2}},{"type":"Feature","id":"cercanias-route-269","geometry":{"type":"LineString","coordinates":[[-3.56128,40.42348],[-3.56203,40.42241],[-3.56248,40.4219],[-3.56293,40.42147],[-3.56383,40.42076],[-3.56485,40.42011],[-3.56866,40.41781],[-3.58413,40.40831],[-3.5862,40.407],[-3.59023,40.40454],[-3.59205,40.40337],[-3.59317,40.40273],[-3.59566,40.40121]]},"properties":{"kind":"route","mode":"cercanias","route":"C-2","name":"Cercanías C-2","destination":"VICÁLVARO","direction":"1","color":"#048947","source_date":"2026-05-29","terminus":"MADRID CHAMARTÍN-CLARA CAMPOAMOR","offset_index":4}},{"type":"Feature","id":"cercanias-route-270","geometry":{"type":"LineString","coordinates":[[-3.60914,40.38702],[-3.60875,40.38735],[-3.60805,40.38808],[-3.60714,40.38927],[-3.60683,40.3899],[-3.60614,40.39121],[-3.60438,40.39446],[-3.60396,40.39508],[-3.60343,40.39577],[-3.6031,40.39614],[-3.60244,40.39673],[-3.60129,40.39755],[-3.59786,40.39966],[-3.5973,40.40006],[-3.59558,40.40113]]},"properties":{"kind":"route","mode":"cercanias","route":"C-2","name":"Cercanías C-2","destination":"VICÁLVARO","direction":"2","color":"#048947","source_date":"2026-05-29","terminus":"GUADALAJARA","offset_index":-4}},{"type":"Feature","id":"cercanias-route-271","geometry":{"type":"LineString","coordinates":[[-3.60914,40.38702],[-3.60875,40.38735],[-3.60805,40.38808],[-3.60714,40.38927],[-3.60683,40.3899],[-3.60614,40.39121],[-3.60438,40.39446],[-3.60396,40.39508],[-3.60343,40.39577],[-3.6031,40.39614],[-3.60244,40.39673],[-3.60129,40.39755],[-3.59786,40.39966],[-3.5973,40.40006],[-3.59558,40.40113]]},"properties":{"kind":"route","mode":"cercanias","route":"C-7","name":"Cercanías C-7","destination":"VICÁLVARO","direction":"2","color":"#DF0221","source_date":"2026-05-29","terminus":"ALCALÁ DE HENARES","offset_index":1}},{"type":"Feature","id":"cercanias-route-272","geometry":{"type":"LineString","coordinates":[[-3.56128,40.42348],[-3.56203,40.42241],[-3.56248,40.4219],[-3.56293,40.42147],[-3.56383,40.42076],[-3.56485,40.42011],[-3.56866,40.41781],[-3.58413,40.40831],[-3.5862,40.407],[-3.59023,40.40454],[-3.59205,40.40337],[-3.59317,40.40273],[-3.59566,40.40121]]},"properties":{"kind":"route","mode":"cercanias","route":"C-8B","name":"Cercanías C-8B","destination":"VICÁLVARO","direction":"1","color":"#048947","source_date":"2026-05-29","terminus":"CERCEDILLA","offset_index":-3}},{"type":"Feature","id":"cercanias-route-273","geometry":{"type":"LineString","coordinates":[[-3.60914,40.38702],[-3.60875,40.38735],[-3.60805,40.38808],[-3.60714,40.38927],[-3.60683,40.3899],[-3.60614,40.39121],[-3.60438,40.39446],[-3.60396,40.39508],[-3.60343,40.39577],[-3.6031,40.39614],[-3.60244,40.39673],[-3.60129,40.39755],[-3.59786,40.39966],[-3.5973,40.40006],[-3.59558,40.40113]]},"properties":{"kind":"route","mode":"cercanias","route":"C-8B","name":"Cercanías C-8B","destination":"VICÁLVARO","direction":"2","color":"#048947","source_date":"2026-05-29","terminus":"GUADALAJARA","offset_index":3}},{"type":"Feature","id":"cercanias-route-274","geometry":{"type":"LineString","coordinates":[[-3.56128,40.42348],[-3.56203,40.42241],[-3.56248,40.4219],[-3.56293,40.42147],[-3.56383,40.42076],[-3.56485,40.42011],[-3.56866,40.41781],[-3.58413,40.40831],[-3.5862,40.407],[-3.59023,40.40454],[-3.59205,40.40337],[-3.59317,40.40273],[-3.59566,40.40121]]},"properties":{"kind":"route","mode":"cercanias","route":"C-7","name":"Cercanías C-7","destination":"VICÁLVARO","direction":"1","color":"#DF0221","source_date":"2026-05-29","terminus":"PRÍNCIPE PÍO","offset_index":-1}},{"type":"Feature","id":"cercanias-route-275","geometry":{"type":"LineString","coordinates":[[-3.56128,40.42348],[-3.56203,40.42241],[-3.56248,40.4219],[-3.56293,40.42147],[-3.56383,40.42076],[-3.56485,40.42011],[-3.56866,40.41781],[-3.58413,40.40831],[-3.5862,40.407],[-3.59023,40.40454],[-3.59205,40.40337],[-3.59317,40.40273],[-3.59566,40.40121]]},"properties":{"kind":"route","mode":"cercanias","route":"C-8A","name":"Cercanías C-8A","destination":"VICÁLVARO","direction":"1","color":"#048947","source_date":"2026-05-29","terminus":"SANTA MARÍA DE LA ALAMEDA","offset_index":-2}},{"type":"Feature","id":"cercanias-route-276","geometry":{"type":"LineString","coordinates":[[-3.60914,40.38702],[-3.60875,40.38735],[-3.60805,40.38808],[-3.60714,40.38927],[-3.60683,40.3899],[-3.60614,40.39121],[-3.60438,40.39446],[-3.60396,40.39508],[-3.60343,40.39577],[-3.6031,40.39614],[-3.60244,40.39673],[-3.60129,40.39755],[-3.59786,40.39966],[-3.5973,40.40006],[-3.59558,40.40113]]},"properties":{"kind":"route","mode":"cercanias","route":"C-8A","name":"Cercanías C-8A","destination":"VICÁLVARO","direction":"2","color":"#048947","source_date":"2026-05-29","terminus":"GUADALAJARA","offset_index":2}},{"type":"Feature","id":"cercanias-route-277","geometry":{"type":"LineString","coordinates":[[-3.70542,40.35037],[-3.70499,40.34959],[-3.70405,40.34812],[-3.70379,40.34779],[-3.70337,40.34738],[-3.70269,40.34677],[-3.70228,40.34632],[-3.70204,40.34591],[-3.70187,40.34551],[-3.70174,40.34502],[-3.70167,40.34461],[-3.70168,40.34426],[-3.70178,40.34375],[-3.70194,40.3433],[-3.70219,40.34285],[-3.70238,40.34258],[-3.70274,40.34219],[-3.70319,40.34186],[-3.70369,40.34158],[-3.70427,40.34135],[-3.70516,40.34115],[-3.70695,40.34119],[-3.71166,40.3414]]},"properties":{"kind":"route","mode":"cercanias","route":"C-5","name":"Cercanías C-5","destination":"VILLAVERDE ALTO","direction":"1","color":"#FFB911","source_date":"2026-05-29","terminus":"HUMANES","offset_index":0}},{"type":"Feature","id":"cercanias-route-278","geometry":{"type":"LineString","coordinates":[[-3.72735,40.32303],[-3.72275,40.33268],[-3.72224,40.33363],[-3.71974,40.33877],[-3.71926,40.33974],[-3.71886,40.34022],[-3.71843,40.34057],[-3.71791,40.34087],[-3.71733,40.34112],[-3.71697,40.34125],[-3.71629,40.3414],[-3.71595,40.34143],[-3.71501,40.34142],[-3.71168,40.34123]]},"properties":{"kind":"route","mode":"cercanias","route":"C-4A","name":"Cercanías C-4A","destination":"VILLAVERDE ALTO","direction":"1","color":"#0058A0","source_date":"2026-05-29","terminus":"ALCOBENDAS-S.S. DE LOS REYES","offset_index":-2}},{"type":"Feature","id":"cercanias-route-279","geometry":{"type":"LineString","coordinates":[[-3.68409,40.35278],[-3.68403,40.35167],[-3.68408,40.35131],[-3.68422,40.35079],[-3.68452,40.34992],[-3.68473,40.34942],[-3.68492,40.34907],[-3.68519,40.3487],[-3.68559,40.34831],[-3.68609,40.34792],[-3.68671,40.34754],[-3.68722,40.3473],[-3.68811,40.34701],[-3.6895,40.34668],[-3.69386,40.34555],[-3.69584,40.34494],[-3.69636,40.34476],[-3.69694,40.34451],[-3.6973,40.34434],[-3.69795,40.34388],[-3.69985,40.34244],[-3.70056,40.34199],[-3.70107,40.34171],[-3.70163,40.34147],[-3.70234,40.34124],[-3.70302,40.34111],[-3.70372,40.34102],[-3.70506,40.34099],[-3.71167,40.3413]]},"properties":{"kind":"route","mode":"cercanias","route":"C-4A","name":"Cercanías C-4A","destination":"VILLAVERDE ALTO","direction":"2","color":"#0058A0","source_date":"2026-05-29","terminus":"PARLA","offset_index":2}},{"type":"Feature","id":"cercanias-route-280","geometry":{"type":"LineString","coordinates":[[-3.72735,40.32303],[-3.72275,40.33268],[-3.72224,40.33363],[-3.71974,40.33877],[-3.71926,40.33974],[-3.71886,40.34022],[-3.71843,40.34057],[-3.71791,40.34087],[-3.71733,40.34112],[-3.71697,40.34125],[-3.71629,40.3414],[-3.71595,40.34143],[-3.71501,40.34142],[-3.71168,40.34123]]},"properties":{"kind":"route","mode":"cercanias","route":"C-4B","name":"Cercanías C-4B","destination":"VILLAVERDE ALTO","direction":"1","color":"#0058A0","source_date":"2026-05-29","terminus":"COLMENAR VIEJO","offset_index":-1}},{"type":"Feature","id":"cercanias-route-281","geometry":{"type":"LineString","coordinates":[[-3.68409,40.35278],[-3.68403,40.35167],[-3.68408,40.35131],[-3.68422,40.35079],[-3.68452,40.34992],[-3.68473,40.34942],[-3.68492,40.34907],[-3.68519,40.3487],[-3.68559,40.34831],[-3.68609,40.34792],[-3.68671,40.34754],[-3.68722,40.3473],[-3.68811,40.34701],[-3.6895,40.34668],[-3.69386,40.34555],[-3.69584,40.34494],[-3.69636,40.34476],[-3.69694,40.34451],[-3.6973,40.34434],[-3.69795,40.34388],[-3.69985,40.34244],[-3.70056,40.34199],[-3.70107,40.34171],[-3.70163,40.34147],[-3.70234,40.34124],[-3.70302,40.34111],[-3.70372,40.34102],[-3.70506,40.34099],[-3.71167,40.3413]]},"properties":{"kind":"route","mode":"cercanias","route":"C-4B","name":"Cercanías C-4B","destination":"VILLAVERDE ALTO","direction":"2","color":"#0058A0","source_date":"2026-05-29","terminus":"PARLA","offset_index":1}},{"type":"Feature","id":"cercanias-route-282","geometry":{"type":"LineString","coordinates":[[-3.7483,40.34082],[-3.73896,40.34113],[-3.73838,40.34113],[-3.72166,40.34162],[-3.71991,40.34169],[-3.7177,40.34168],[-3.71166,40.34134]]},"properties":{"kind":"route","mode":"cercanias","route":"C-5","name":"Cercanías C-5","destination":"VILLAVERDE ALTO","direction":"2","color":"#FFB911","source_date":"2026-05-29","terminus":"MÓSTOLES EL SOTO","offset_index":0}},{"type":"Feature","id":"cercanias-route-283","geometry":{"type":"LineString","coordinates":[[-3.71168,40.34123],[-3.71091,40.34121],[-3.70507,40.34095],[-3.70393,40.34096],[-3.70319,40.34102],[-3.70234,40.34119],[-3.7016,40.34142],[-3.70094,40.34172],[-3.70039,40.34202],[-3.69971,40.34248],[-3.69776,40.34395],[-3.69718,40.34432],[-3.69615,40.34477],[-3.69413,40.3454],[-3.69321,40.34566],[-3.68983,40.34654],[-3.68846,40.34685],[-3.68776,40.34704],[-3.6869,40.34738],[-3.68646,40.3476],[-3.68549,40.34831],[-3.68508,40.34871],[-3.68464,40.3494],[-3.68414,40.35073],[-3.68401,40.35138],[-3.68398,40.35167],[-3.68404,40.35278]]},"properties":{"kind":"route","mode":"cercanias","route":"C-4A","name":"Cercanías C-4A","destination":"VILLAVERDE BAJO","direction":"1","color":"#0058A0","source_date":"2026-05-29","terminus":"ALCOBENDAS-S.S. DE LOS REYES","offset_index":-2}},{"type":"Feature","id":"cercanias-route-284","geometry":{"type":"LineString","coordinates":[[-3.6871,40.40432],[-3.68589,40.40332],[-3.68542,40.40301],[-3.684,40.40185],[-3.68371,40.40172],[-3.68326,40.40157],[-3.67914,40.40029],[-3.67816,40.39989],[-3.67754,40.39951],[-3.67623,40.39841],[-3.67561,40.3978],[-3.67514,40.39727],[-3.67477,40.39679],[-3.67437,40.39619],[-3.67398,40.39549],[-3.67387,40.39521],[-3.67331,40.39344],[-3.67321,40.39302],[-3.67314,40.39241],[-3.67316,40.39171],[-3.67322,40.3913],[-3.67337,40.39071],[-3.67346,40.39044],[-3.67366,40.38998],[-3.67397,40.38942],[-3.67415,40.38916],[-3.6748,40.38838],[-3.68068,40.38261],[-3.68155,40.38173],[-3.68191,40.3813],[-3.68217,40.38091],[-3.68244,40.38032],[-3.68256,40.37996],[-3.68263,40.37958],[-3.68267,40.37916],[-3.68258,40.37838],[-3.68221,40.37677],[-3.68206,40.37633],[-3.68196,40.37611],[-3.68139,40.37519],[-3.6799,40.37286],[-3.67946,40.37208],[-3.67895,40.37105],[-3.67829,40.36956],[-3.67806,40.36877],[-3.678,40.36832],[-3.67797,40.36741],[-3.67823,40.36539],[-3.67846,40.36426],[-3.67856,40.36392],[-3.6789,40.36306],[-3.6794,40.3619],[-3.67966,40.36136],[-3.68004,40.36079],[-3.6803,40.36047],[-3.68197,40.35871],[-3.68255,40.35808],[-3.68289,40.35765],[-3.68315,40.35729],[-3.68344,40.35677],[-3.68376,40.35629],[-3.68391,40.35575],[-3.68404,40.35503],[-3.68408,40.35454],[-3.68409,40.35278]]},"properties":{"kind":"route","mode":"cercanias","route":"C-4A","name":"Cercanías C-4A","destination":"VILLAVERDE BAJO","direction":"2","color":"#0058A0","source_date":"2026-05-29","terminus":"PARLA","offset_index":-2}},{"type":"Feature","id":"cercanias-route-285","geometry":{"type":"LineString","coordinates":[[-3.71168,40.34123],[-3.71091,40.34121],[-3.70507,40.34095],[-3.70393,40.34096],[-3.70319,40.34102],[-3.70234,40.34119],[-3.7016,40.34142],[-3.70094,40.34172],[-3.70039,40.34202],[-3.69971,40.34248],[-3.69776,40.34395],[-3.69718,40.34432],[-3.69615,40.34477],[-3.69413,40.3454],[-3.69321,40.34566],[-3.68983,40.34654],[-3.68846,40.34685],[-3.68776,40.34704],[-3.6869,40.34738],[-3.68646,40.3476],[-3.68549,40.34831],[-3.68508,40.34871],[-3.68464,40.3494],[-3.68414,40.35073],[-3.68401,40.35138],[-3.68398,40.35167],[-3.68404,40.35278]]},"properties":{"kind":"route","mode":"cercanias","route":"C-4B","name":"Cercanías C-4B","destination":"VILLAVERDE BAJO","direction":"1","color":"#0058A0","source_date":"2026-05-29","terminus":"COLMENAR VIEJO","offset_index":-1}},{"type":"Feature","id":"cercanias-route-286","geometry":{"type":"LineString","coordinates":[[-3.6871,40.40432],[-3.68589,40.40332],[-3.68542,40.40301],[-3.684,40.40185],[-3.68371,40.40172],[-3.68326,40.40157],[-3.67914,40.40029],[-3.67816,40.39989],[-3.67754,40.39951],[-3.67623,40.39841],[-3.67561,40.3978],[-3.67514,40.39727],[-3.67477,40.39679],[-3.67437,40.39619],[-3.67398,40.39549],[-3.67387,40.39521],[-3.67331,40.39344],[-3.67321,40.39302],[-3.67314,40.39241],[-3.67316,40.39171],[-3.67322,40.3913],[-3.67337,40.39071],[-3.67346,40.39044],[-3.67366,40.38998],[-3.67397,40.38942],[-3.67415,40.38916],[-3.6748,40.38838],[-3.68068,40.38261],[-3.68155,40.38173],[-3.68191,40.3813],[-3.68217,40.38091],[-3.68244,40.38032],[-3.68256,40.37996],[-3.68263,40.37958],[-3.68267,40.37916],[-3.68258,40.37838],[-3.68221,40.37677],[-3.68206,40.37633],[-3.68196,40.37611],[-3.68139,40.37519],[-3.6799,40.37286],[-3.67946,40.37208],[-3.67895,40.37105],[-3.67829,40.36956],[-3.67806,40.36877],[-3.678,40.36832],[-3.67797,40.36741],[-3.67823,40.36539],[-3.67846,40.36426],[-3.67856,40.36392],[-3.6789,40.36306],[-3.6794,40.3619],[-3.67966,40.36136],[-3.68004,40.36079],[-3.6803,40.36047],[-3.68197,40.35871],[-3.68255,40.35808],[-3.68289,40.35765],[-3.68315,40.35729],[-3.68344,40.35677],[-3.68376,40.35629],[-3.68391,40.35575],[-3.68404,40.35503],[-3.68408,40.35454],[-3.68409,40.35278]]},"properties":{"kind":"route","mode":"cercanias","route":"C-4B","name":"Cercanías C-4B","destination":"VILLAVERDE BAJO","direction":"2","color":"#0058A0","source_date":"2026-05-29","terminus":"PARLA","offset_index":-1}},{"type":"Feature","id":"cercanias-route-287","geometry":{"type":"LineString","coordinates":[[-3.6838,40.3423],[-3.68386,40.35097],[-3.68389,40.35181],[-3.68389,40.35279]]},"properties":{"kind":"route","mode":"cercanias","route":"C-3","name":"Cercanías C-3","destination":"VILLAVERDE BAJO","direction":"1","color":"#A02E86","source_date":"2026-05-29","terminus":"MADRID CHAMARTÍN-CLARA CAMPOAMOR","offset_index":3}},{"type":"Feature","id":"cercanias-route-288","geometry":{"type":"LineString","coordinates":[[-3.6871,40.40432],[-3.68589,40.40332],[-3.68542,40.40301],[-3.684,40.40185],[-3.68371,40.40172],[-3.68326,40.40157],[-3.67914,40.40029],[-3.67816,40.39989],[-3.67754,40.39951],[-3.67623,40.39841],[-3.67561,40.3978],[-3.67514,40.39727],[-3.67477,40.39679],[-3.67437,40.39619],[-3.67398,40.39549],[-3.67387,40.39521],[-3.67331,40.39344],[-3.67321,40.39302],[-3.67314,40.39241],[-3.67316,40.39171],[-3.67322,40.3913],[-3.67337,40.39071],[-3.67346,40.39044],[-3.67366,40.38998],[-3.67397,40.38942],[-3.67415,40.38916],[-3.6748,40.38838],[-3.68068,40.38261],[-3.68155,40.38173],[-3.68191,40.3813],[-3.68217,40.38091],[-3.68244,40.38032],[-3.68256,40.37996],[-3.68263,40.37958],[-3.68267,40.37916],[-3.68258,40.37838],[-3.68221,40.37677],[-3.68206,40.37633],[-3.68196,40.37611],[-3.68139,40.37519],[-3.6799,40.37286],[-3.67946,40.37208],[-3.67895,40.37105],[-3.67829,40.36956],[-3.67806,40.36877],[-3.678,40.36832],[-3.67797,40.36741],[-3.67823,40.36539],[-3.67846,40.36426],[-3.67856,40.36392],[-3.6789,40.36306],[-3.6794,40.3619],[-3.67966,40.36136],[-3.68004,40.36079],[-3.6803,40.36047],[-3.68197,40.35871],[-3.68255,40.35808],[-3.68289,40.35765],[-3.68315,40.35729],[-3.68342,40.3568],[-3.68365,40.35627],[-3.6838,40.35574],[-3.68388,40.3554],[-3.68393,40.35507],[-3.68397,40.35454],[-3.68394,40.35279]]},"properties":{"kind":"route","mode":"cercanias","route":"C-3","name":"Cercanías C-3","destination":"VILLAVERDE BAJO","direction":"2","color":"#A02E86","source_date":"2026-05-29","terminus":"ARANJUEZ","offset_index":-3}},{"type":"Feature","id":"cercanias-route-289","geometry":{"type":"LineString","coordinates":[[-3.61633,40.48198],[-3.60061,40.48206],[-3.59918,40.48233],[-3.59753,40.48286],[-3.59613,40.48361],[-3.59514,40.48433],[-3.59412,40.48567],[-3.59331,40.48799],[-3.59304,40.48919],[-3.59272,40.49176]]},"properties":{"kind":"route","mode":"cercanias","route":"C-1","name":"Cercanías C-1","destination":"AEROPUERTO T4","direction":"1","color":"#4FB0E5","source_date":"2026-05-29","terminus":"AEROPUERTO T4","offset_index":-5}},{"type":"Feature","id":"cercanias-route-290","geometry":{"type":"LineString","coordinates":[[-3.68707,40.40434],[-3.68846,40.40568],[-3.68964,40.40691],[-3.69117,40.40786],[-3.69152,40.40813],[-3.6924,40.40891],[-3.69314,40.40945],[-3.7007,40.41298],[-3.70139,40.41334],[-3.70195,40.41376],[-3.70232,40.41412],[-3.70264,40.41456],[-3.70285,40.415],[-3.70303,40.41564],[-3.70304,40.41611],[-3.70299,40.41649],[-3.7029,40.41682]]},"properties":{"kind":"route","mode":"cercanias","route":"C-4A","name":"Cercanías C-4A","destination":"SOL","direction":"1","color":"#0058A0","source_date":"2026-05-29","terminus":"ALCOBENDAS-S.S. DE LOS REYES","offset_index":2}},{"type":"Feature","id":"cercanias-route-291","geometry":{"type":"LineString","coordinates":[[-3.69293,40.44579],[-3.69312,40.44422],[-3.69317,40.44321],[-3.69316,40.44271],[-3.69313,40.44249],[-3.69281,40.44126],[-3.69272,40.44046],[-3.69273,40.44029],[-3.69327,40.43366],[-3.69358,40.43216],[-3.69398,40.43114],[-3.69456,40.43016],[-3.69546,40.4287],[-3.69934,40.4226],[-3.70102,40.42001],[-3.70171,40.41888],[-3.702,40.41845],[-3.70269,40.41732],[-3.70296,40.41683]]},"properties":{"kind":"route","mode":"cercanias","route":"C-4A","name":"Cercanías C-4A","destination":"SOL","direction":"2","color":"#0058A0","source_date":"2026-05-29","terminus":"PARLA","offset_index":2}},{"type":"Feature","id":"cercanias-route-292","geometry":{"type":"LineString","coordinates":[[-3.68707,40.40434],[-3.68846,40.40568],[-3.68964,40.40691],[-3.69117,40.40786],[-3.69152,40.40813],[-3.6924,40.40891],[-3.69314,40.40945],[-3.7007,40.41298],[-3.70139,40.41334],[-3.70195,40.41376],[-3.70232,40.41412],[-3.70264,40.41456],[-3.70285,40.415],[-3.70303,40.41564],[-3.70304,40.41611],[-3.70299,40.41649],[-3.7029,40.41682]]},"properties":{"kind":"route","mode":"cercanias","route":"C-4B","name":"Cercanías C-4B","destination":"SOL","direction":"1","color":"#0058A0","source_date":"2026-05-29","terminus":"COLMENAR VIEJO","offset_index":1}},{"type":"Feature","id":"cercanias-route-293","geometry":{"type":"LineString","coordinates":[[-3.69293,40.44579],[-3.69312,40.44422],[-3.69317,40.44321],[-3.69316,40.44271],[-3.69313,40.44249],[-3.69281,40.44126],[-3.69272,40.44046],[-3.69273,40.44029],[-3.69327,40.43366],[-3.69358,40.43216],[-3.69398,40.43114],[-3.69456,40.43016],[-3.69546,40.4287],[-3.69934,40.4226],[-3.70102,40.42001],[-3.70171,40.41888],[-3.702,40.41845],[-3.70269,40.41732],[-3.70296,40.41683]]},"properties":{"kind":"route","mode":"cercanias","route":"C-4B","name":"Cercanías C-4B","destination":"SOL","direction":"2","color":"#0058A0","source_date":"2026-05-29","terminus":"PARLA","offset_index":1}},{"type":"Feature","id":"cercanias-route-294","geometry":{"type":"LineString","coordinates":[[-3.68707,40.40434],[-3.68846,40.40568],[-3.68964,40.40691],[-3.69117,40.40786],[-3.69152,40.40813],[-3.6924,40.40891],[-3.69314,40.40945],[-3.7007,40.41298],[-3.70139,40.41334],[-3.70195,40.41376],[-3.70232,40.41412],[-3.70264,40.41456],[-3.70285,40.415],[-3.70303,40.41564],[-3.70304,40.41611],[-3.70299,40.41649],[-3.7029,40.41682]]},"properties":{"kind":"route","mode":"cercanias","route":"C-3","name":"Cercanías C-3","destination":"SOL","direction":"1","color":"#A02E86","source_date":"2026-05-29","terminus":"MADRID CHAMARTÍN-CLARA CAMPOAMOR","offset_index":3}},{"type":"Feature","id":"cercanias-route-295","geometry":{"type":"LineString","coordinates":[[-3.69293,40.44579],[-3.69312,40.44422],[-3.69317,40.44321],[-3.69316,40.44271],[-3.69313,40.44249],[-3.69281,40.44126],[-3.69272,40.44046],[-3.69273,40.44029],[-3.69327,40.43366],[-3.69358,40.43216],[-3.69398,40.43114],[-3.69456,40.43016],[-3.69546,40.4287],[-3.69934,40.4226],[-3.70102,40.42001],[-3.70171,40.41888],[-3.702,40.41845],[-3.70269,40.41732],[-3.70296,40.41683]]},"properties":{"kind":"route","mode":"cercanias","route":"C-3","name":"Cercanías C-3","destination":"SOL","direction":"2","color":"#A02E86","source_date":"2026-05-29","terminus":"ARANJUEZ","offset_index":3}},{"type":"Feature","id":"cercanias-route-296","geometry":{"type":"LineString","coordinates":[[-3.61633,40.48209],[-3.62207,40.48211],[-3.62302,40.48199],[-3.62408,40.48182],[-3.62583,40.48127],[-3.627,40.48077],[-3.62783,40.48033],[-3.62862,40.48007],[-3.62957,40.47983],[-3.63075,40.47966],[-3.63191,40.4797],[-3.63329,40.47988],[-3.63454,40.48025],[-3.63555,40.48044],[-3.6444,40.48189],[-3.65253,40.48319],[-3.65546,40.48371],[-3.66282,40.48492]]},"properties":{"kind":"route","mode":"cercanias","route":"C-1","name":"Cercanías C-1","destination":"FUENTE DE LA MORA","direction":"2","color":"#4FB0E5","source_date":"2026-05-29","terminus":"MADRID CHAMARTÍN-CLARA CAMPOAMOR","offset_index":5}},{"type":"Feature","id":"cercanias-route-297","geometry":{"type":"LineString","coordinates":[[-3.68181,40.47295],[-3.68024,40.47674],[-3.67971,40.47797],[-3.67959,40.47819],[-3.6788,40.4801],[-3.67841,40.48092],[-3.67729,40.48253],[-3.677,40.48314],[-3.6764,40.48461],[-3.67613,40.48507],[-3.67503,40.48615],[-3.67464,40.48647],[-3.67438,40.48664],[-3.67386,40.48689],[-3.67361,40.48699],[-3.67307,40.4871],[-3.67248,40.48715],[-3.67191,40.48713],[-3.67156,40.48709],[-3.66989,40.48665],[-3.66544,40.48539],[-3.66385,40.48504],[-3.66283,40.48488]]},"properties":{"kind":"route","mode":"cercanias","route":"C-1","name":"Cercanías C-1","destination":"FUENTE DE LA MORA","direction":"1","color":"#4FB0E5","source_date":"2026-05-29","terminus":"AEROPUERTO T4","offset_index":-5}},{"type":"Feature","id":"cercanias-route-298","geometry":{"type":"LineString","coordinates":[[-3.59287,40.49176],[-3.59319,40.48921],[-3.59346,40.48802],[-3.59426,40.48572],[-3.59526,40.4844],[-3.59623,40.4837],[-3.5976,40.48297],[-3.59923,40.48244],[-3.60063,40.48218],[-3.61633,40.48209]]},"properties":{"kind":"route","mode":"cercanias","route":"C-1","name":"Cercanías C-1","destination":"VALDEBEBAS","direction":"2","color":"#4FB0E5","source_date":"2026-05-29","terminus":"MADRID CHAMARTÍN-CLARA CAMPOAMOR","offset_index":5}},{"type":"Feature","id":"cercanias-route-299","geometry":{"type":"LineString","coordinates":[[-3.66283,40.48488],[-3.65256,40.48308],[-3.64443,40.48178],[-3.63559,40.48033],[-3.63459,40.48014],[-3.63334,40.47977],[-3.63193,40.47958],[-3.63074,40.47954],[-3.62953,40.47972],[-3.62856,40.47996],[-3.62775,40.48023],[-3.62692,40.48067],[-3.62576,40.48117],[-3.62404,40.4817],[-3.62299,40.48187],[-3.62206,40.482],[-3.61633,40.48198]]},"properties":{"kind":"route","mode":"cercanias","route":"C-1","name":"Cercanías C-1","destination":"VALDEBEBAS","direction":"1","color":"#4FB0E5","source_date":"2026-05-29","terminus":"AEROPUERTO T4","offset_index":-5}},{"type":"Feature","id":"cercanias-route-300","geometry":{"type":"LineString","coordinates":[[-3.72626,40.49538],[-3.72368,40.49733],[-3.72314,40.49764],[-3.72226,40.49797],[-3.72171,40.49813],[-3.72095,40.49825],[-3.72024,40.49827],[-3.71957,40.49823],[-3.71785,40.49799],[-3.71629,40.49782],[-3.71557,40.4978],[-3.71502,40.49785],[-3.7143,40.49798],[-3.70996,40.49961]]},"properties":{"kind":"route","mode":"cercanias","route":"C-7","name":"Cercanías C-7","destination":"MIRASIERRA-PACO DE LUCÍA","direction":"2","color":"#DF0221","source_date":"2026-05-29","terminus":"ALCALÁ DE HENARES","offset_index":1}},{"type":"Feature","id":"cercanias-route-301","geometry":{"type":"LineString","coordinates":[[-3.69463,40.48824],[-3.69491,40.4883],[-3.69549,40.48849],[-3.69617,40.48881],[-3.69653,40.48903],[-3.69687,40.4893],[-3.69718,40.48958],[-3.69758,40.49011],[-3.6978,40.49051],[-3.6979,40.49074],[-3.69803,40.49126],[-3.69805,40.49181],[-3.69803,40.49214],[-3.69778,40.49327],[-3.69773,40.49369],[-3.69772,40.49407],[-3.69777,40.49444],[-3.69787,40.49477],[-3.69801,40.49514],[-3.69816,40.49541],[-3.69851,40.49584],[-3.6989,40.49622],[-3.70126,40.49794],[-3.70338,40.49943],[-3.70403,40.49985],[-3.70479,40.50016],[-3.70556,40.50038],[-3.70592,40.50044],[-3.70639,40.50047],[-3.70709,40.50047],[-3.70814,40.50029],[-3.70881,40.50009],[-3.70998,40.49965]]},"properties":{"kind":"route","mode":"cercanias","route":"C-8B","name":"Cercanías C-8B","destination":"MIRASIERRA-PACO DE LUCÍA","direction":"1","color":"#048947","source_date":"2026-05-29","terminus":"CERCEDILLA","offset_index":-3}},{"type":"Feature","id":"cercanias-route-302","geometry":{"type":"LineString","coordinates":[[-3.72626,40.49538],[-3.72368,40.49733],[-3.72314,40.49764],[-3.72226,40.49797],[-3.72171,40.49813],[-3.72095,40.49825],[-3.72024,40.49827],[-3.71957,40.49823],[-3.71785,40.49799],[-3.71629,40.49782],[-3.71557,40.4978],[-3.71502,40.49785],[-3.7143,40.49798],[-3.70996,40.49961]]},"properties":{"kind":"route","mode":"cercanias","route":"C-8B","name":"Cercanías C-8B","destination":"MIRASIERRA-PACO DE LUCÍA","direction":"2","color":"#048947","source_date":"2026-05-29","terminus":"GUADALAJARA","offset_index":3}},{"type":"Feature","id":"cercanias-route-303","geometry":{"type":"LineString","coordinates":[[-3.69463,40.48824],[-3.69491,40.4883],[-3.69549,40.48849],[-3.69617,40.48881],[-3.69653,40.48903],[-3.69687,40.4893],[-3.69718,40.48958],[-3.69758,40.49011],[-3.6978,40.49051],[-3.6979,40.49074],[-3.69803,40.49126],[-3.69805,40.49181],[-3.69803,40.49214],[-3.69778,40.49327],[-3.69773,40.49369],[-3.69772,40.49407],[-3.69777,40.49444],[-3.69787,40.49477],[-3.69801,40.49514],[-3.69816,40.49541],[-3.69851,40.49584],[-3.6989,40.49622],[-3.70126,40.49794],[-3.70338,40.49943],[-3.70403,40.49985],[-3.70479,40.50016],[-3.70556,40.50038],[-3.70592,40.50044],[-3.70639,40.50047],[-3.70709,40.50047],[-3.70814,40.50029],[-3.70881,40.50009],[-3.70998,40.49965]]},"properties":{"kind":"route","mode":"cercanias","route":"C-7","name":"Cercanías C-7","destination":"MIRASIERRA-PACO DE LUCÍA","direction":"1","color":"#DF0221","source_date":"2026-05-29","terminus":"PRÍNCIPE PÍO","offset_index":-1}},{"type":"Feature","id":"cercanias-route-304","geometry":{"type":"LineString","coordinates":[[-3.69463,40.48824],[-3.69491,40.4883],[-3.69549,40.48849],[-3.69617,40.48881],[-3.69653,40.48903],[-3.69687,40.4893],[-3.69718,40.48958],[-3.69758,40.49011],[-3.6978,40.49051],[-3.6979,40.49074],[-3.69803,40.49126],[-3.69805,40.49181],[-3.69803,40.49214],[-3.69778,40.49327],[-3.69773,40.49369],[-3.69772,40.49407],[-3.69777,40.49444],[-3.69787,40.49477],[-3.69801,40.49514],[-3.69816,40.49541],[-3.69851,40.49584],[-3.6989,40.49622],[-3.70126,40.49794],[-3.70338,40.49943],[-3.70403,40.49985],[-3.70479,40.50016],[-3.70556,40.50038],[-3.70592,40.50044],[-3.70639,40.50047],[-3.70709,40.50047],[-3.70814,40.50029],[-3.70881,40.50009],[-3.70998,40.49965]]},"properties":{"kind":"route","mode":"cercanias","route":"C-8A","name":"Cercanías C-8A","destination":"MIRASIERRA-PACO DE LUCÍA","direction":"1","color":"#048947","source_date":"2026-05-29","terminus":"SANTA MARÍA DE LA ALAMEDA","offset_index":-2}},{"type":"Feature","id":"cercanias-route-305","geometry":{"type":"LineString","coordinates":[[-3.72626,40.49538],[-3.72368,40.49733],[-3.72314,40.49764],[-3.72226,40.49797],[-3.72171,40.49813],[-3.72095,40.49825],[-3.72024,40.49827],[-3.71957,40.49823],[-3.71785,40.49799],[-3.71629,40.49782],[-3.71557,40.4978],[-3.71502,40.49785],[-3.7143,40.49798],[-3.70996,40.49961]]},"properties":{"kind":"route","mode":"cercanias","route":"C-8A","name":"Cercanías C-8A","destination":"MIRASIERRA-PACO DE LUCÍA","direction":"2","color":"#048947","source_date":"2026-05-29","terminus":"GUADALAJARA","offset_index":2}},{"type":"Feature","id":"cercanias-route-306","geometry":{"type":"LineString","coordinates":[[-3.80667,40.46534],[-3.81386,40.46652],[-3.81463,40.46666],[-3.81582,40.46695],[-3.81683,40.46727],[-3.8263,40.47086],[-3.82713,40.47115],[-3.82836,40.47149],[-3.82953,40.47169],[-3.83152,40.47198],[-3.84256,40.47346],[-3.84369,40.47364],[-3.84459,40.47386],[-3.8451,40.47403]]},"properties":{"kind":"route","mode":"cercanias","route":"C-7","name":"Cercanías C-7","destination":"MAJADAHONDA","direction":"2","color":"#DF0221","source_date":"2026-05-29","terminus":"ALCALÁ DE HENARES","offset_index":-1}},{"type":"Feature","id":"cercanias-route-307","geometry":{"type":"LineString","coordinates":[[-3.86794,40.49425],[-3.86695,40.49296],[-3.86511,40.49045],[-3.86462,40.48984],[-3.86415,40.48931],[-3.86368,40.48888],[-3.86335,40.48858],[-3.8625,40.48796],[-3.86212,40.48771],[-3.86149,40.48733],[-3.8562,40.48457],[-3.85445,40.48357],[-3.8539,40.48319],[-3.85296,40.48235],[-3.85258,40.48194],[-3.85208,40.48133],[-3.85087,40.47929],[-3.85025,40.47818],[-3.84967,40.47723],[-3.8494,40.47684],[-3.84907,40.47645],[-3.84878,40.47614],[-3.84814,40.47558],[-3.84762,40.47521],[-3.84705,40.47486],[-3.84598,40.47432],[-3.84559,40.47415],[-3.84511,40.47399]]},"properties":{"kind":"route","mode":"cercanias","route":"C-7","name":"Cercanías C-7","destination":"MAJADAHONDA","direction":"1","color":"#DF0221","source_date":"2026-05-29","terminus":"PRÍNCIPE PÍO","offset_index":1}},{"type":"Feature","id":"cercanias-route-308","geometry":{"type":"LineString","coordinates":[[-3.86794,40.49425],[-3.86695,40.49296],[-3.86511,40.49045],[-3.86462,40.48984],[-3.86415,40.48931],[-3.86368,40.48888],[-3.86335,40.48858],[-3.8625,40.48796],[-3.86212,40.48771],[-3.86149,40.48733],[-3.8562,40.48457],[-3.85445,40.48357],[-3.8539,40.48319],[-3.85296,40.48235],[-3.85258,40.48194],[-3.85208,40.48133],[-3.85087,40.47929],[-3.85025,40.47818],[-3.84967,40.47723],[-3.8494,40.47684],[-3.84907,40.47645],[-3.84878,40.47614],[-3.84814,40.47558],[-3.84762,40.47521],[-3.84705,40.47486],[-3.84598,40.47432],[-3.84559,40.47415],[-3.84511,40.47399]]},"properties":{"kind":"route","mode":"cercanias","route":"C-10","name":"Cercanías C-10","destination":"MAJADAHONDA","direction":"1","color":"#90B70E","source_date":"2026-05-29","terminus":"MADRID CHAMARTÍN-CLARA CAMPOAMOR","offset_index":5}},{"type":"Feature","id":"cercanias-route-309","geometry":{"type":"LineString","coordinates":[[-3.80667,40.46534],[-3.81386,40.46652],[-3.81463,40.46666],[-3.81582,40.46695],[-3.81683,40.46727],[-3.8263,40.47086],[-3.82713,40.47115],[-3.82836,40.47149],[-3.82953,40.47169],[-3.83152,40.47198],[-3.84256,40.47346],[-3.84369,40.47364],[-3.84459,40.47386],[-3.8451,40.47403]]},"properties":{"kind":"route","mode":"cercanias","route":"C-10","name":"Cercanías C-10","destination":"MAJADAHONDA","direction":"2","color":"#90B70E","source_date":"2026-05-29","terminus":"VILLALBA DE GUADARRAMA","offset_index":-5}},{"type":"Feature","id":"cercanias-route-310","geometry":{"type":"LineString","coordinates":[[-3.26532,40.56095],[-3.28443,40.54582],[-3.29854,40.53458]]},"properties":{"kind":"route","mode":"cercanias","route":"C-2","name":"Cercanías C-2","destination":"MECO","direction":"1","color":"#048947","source_date":"2026-05-29","terminus":"MADRID CHAMARTÍN-CLARA CAMPOAMOR","offset_index":4}},{"type":"Feature","id":"cercanias-route-311","geometry":{"type":"LineString","coordinates":[[-3.33519,40.50539],[-3.29852,40.53456]]},"properties":{"kind":"route","mode":"cercanias","route":"C-2","name":"Cercanías C-2","destination":"MECO","direction":"2","color":"#048947","source_date":"2026-05-29","terminus":"GUADALAJARA","offset_index":-4}},{"type":"Feature","id":"cercanias-route-312","geometry":{"type":"LineString","coordinates":[[-3.26532,40.56095],[-3.28443,40.54582],[-3.29854,40.53458]]},"properties":{"kind":"route","mode":"cercanias","route":"C-8B","name":"Cercanías C-8B","destination":"MECO","direction":"1","color":"#048947","source_date":"2026-05-29","terminus":"CERCEDILLA","offset_index":-3}},{"type":"Feature","id":"cercanias-route-313","geometry":{"type":"LineString","coordinates":[[-3.33519,40.50539],[-3.29852,40.53456]]},"properties":{"kind":"route","mode":"cercanias","route":"C-8B","name":"Cercanías C-8B","destination":"MECO","direction":"2","color":"#048947","source_date":"2026-05-29","terminus":"GUADALAJARA","offset_index":3}},{"type":"Feature","id":"cercanias-route-314","geometry":{"type":"LineString","coordinates":[[-3.26532,40.56095],[-3.28443,40.54582],[-3.29854,40.53458]]},"properties":{"kind":"route","mode":"cercanias","route":"C-8A","name":"Cercanías C-8A","destination":"MECO","direction":"1","color":"#048947","source_date":"2026-05-29","terminus":"SANTA MARÍA DE LA ALAMEDA","offset_index":-2}},{"type":"Feature","id":"cercanias-route-315","geometry":{"type":"LineString","coordinates":[[-3.33519,40.50539],[-3.29852,40.53456]]},"properties":{"kind":"route","mode":"cercanias","route":"C-8A","name":"Cercanías C-8A","destination":"MECO","direction":"2","color":"#048947","source_date":"2026-05-29","terminus":"GUADALAJARA","offset_index":2}},{"type":"Feature","id":"cercanias-route-316","geometry":{"type":"LineString","coordinates":[[-4.0359,40.69266],[-4.03725,40.69283],[-4.03765,40.69286],[-4.03843,40.69284],[-4.04265,40.69224],[-4.04351,40.69218],[-4.04419,40.69222],[-4.04486,40.69233],[-4.04556,40.69252],[-4.04599,40.6927],[-4.04649,40.69297],[-4.04676,40.69315],[-4.04713,40.69346],[-4.04739,40.69371],[-4.04761,40.69398],[-4.04788,40.69437],[-4.04809,40.69475],[-4.04829,40.69527],[-4.04833,40.69548],[-4.04835,40.69585],[-4.0483,40.69637],[-4.04806,40.69697],[-4.04796,40.69763],[-4.048,40.69823],[-4.04811,40.69873],[-4.04837,40.69926],[-4.04859,40.69958],[-4.04892,40.69995],[-4.04946,40.7004],[-4.05026,40.70087],[-4.05103,40.70117],[-4.05493,40.70212],[-4.05589,40.70221],[-4.05644,40.70219],[-4.05681,40.70215],[-4.05728,40.70206],[-4.05781,40.70193],[-4.05906,40.70166],[-4.05988,40.70159],[-4.06056,40.70162],[-4.0611,40.7017],[-4.06157,40.7018],[-4.06221,40.70202],[-4.06262,40.70221],[-4.0633,40.70263],[-4.06556,40.70428],[-4.06608,40.70475],[-4.06632,40.70502],[-4.06662,40.70548],[-4.06672,40.70568],[-4.06687,40.70609],[-4.06693,40.70629],[-4.06698,40.70684],[-4.06698,40.70708],[-4.06694,40.70738]]},"properties":{"kind":"route","mode":"cercanias","route":"C-8B","name":"Cercanías C-8B","destination":"MOLINOS, LOS","direction":"1","color":"#048947","source_date":"2026-05-29","terminus":"CERCEDILLA","offset_index":-3}},{"type":"Feature","id":"cercanias-route-317","geometry":{"type":"LineString","coordinates":[[-4.06575,40.73749],[-4.06504,40.73762],[-4.06452,40.73765],[-4.06398,40.73765],[-4.06334,40.7376],[-4.06197,40.73733],[-4.06135,40.73699],[-4.06109,40.73688],[-4.0606,40.73653],[-4.05639,40.73409],[-4.05584,40.73385],[-4.05543,40.7337],[-4.05503,40.7336],[-4.05468,40.73352],[-4.05374,40.73345],[-4.05274,40.73353],[-4.05106,40.73379],[-4.05033,40.73383],[-4.04996,40.73381],[-4.04934,40.73372],[-4.04887,40.73362],[-4.04829,40.73343],[-4.04777,40.7332],[-4.04737,40.73297],[-4.04675,40.73246],[-4.0464,40.73207],[-4.04616,40.73174],[-4.046,40.73143],[-4.04579,40.73095],[-4.04574,40.73076],[-4.04568,40.73018],[-4.04573,40.72967],[-4.04584,40.72925],[-4.04595,40.72898],[-4.04614,40.7286],[-4.04644,40.72824],[-4.04674,40.72793],[-4.04722,40.72754],[-4.05058,40.72548],[-4.05123,40.72496],[-4.05157,40.72459],[-4.05179,40.72428],[-4.05265,40.72264],[-4.05297,40.7222],[-4.05322,40.72191],[-4.0534,40.72171],[-4.0538,40.72134],[-4.05442,40.72087],[-4.05476,40.72065],[-4.05533,40.72034],[-4.05617,40.71999],[-4.05851,40.71922],[-4.05919,40.71893],[-4.05966,40.71866],[-4.06028,40.71825],[-4.06083,40.71777],[-4.06127,40.7173],[-4.06171,40.7167],[-4.06204,40.7161],[-4.06406,40.71159],[-4.06438,40.71098],[-4.06465,40.71057],[-4.06514,40.71001],[-4.06628,40.70892],[-4.0665,40.70863],[-4.06685,40.70805],[-4.06696,40.70776],[-4.06706,40.70739]]},"properties":{"kind":"route","mode":"cercanias","route":"C-8B","name":"Cercanías C-8B","destination":"MOLINOS, LOS","direction":"2","color":"#048947","source_date":"2026-05-29","terminus":"GUADALAJARA","offset_index":-3}},{"type":"Feature","id":"cercanias-route-318","geometry":{"type":"LineString","coordinates":[[-3.84247,40.3419],[-3.84699,40.33836],[-3.84745,40.33805],[-3.84787,40.3378],[-3.84857,40.33742],[-3.84937,40.33707],[-3.85611,40.33436],[-3.85699,40.33399],[-3.85767,40.3336],[-3.85849,40.33299],[-3.85932,40.33228],[-3.8607,40.33118],[-3.86396,40.3286]]},"properties":{"kind":"route","mode":"cercanias","route":"C-5","name":"Cercanías C-5","destination":"MÓSTOLES","direction":"2","color":"#FFB911","source_date":"2026-05-29","terminus":"MÓSTOLES EL SOTO","offset_index":0}},{"type":"Feature","id":"cercanias-route-319","geometry":{"type":"LineString","coordinates":[[-3.88233,40.33087],[-3.88003,40.33186],[-3.87872,40.33238],[-3.87834,40.33249],[-3.87755,40.33265],[-3.87676,40.33271],[-3.87577,40.33268],[-3.87529,40.33262],[-3.87436,40.3324],[-3.87369,40.33213],[-3.87309,40.33182],[-3.87267,40.33156],[-3.87221,40.33121],[-3.8718,40.33082],[-3.8712,40.33005],[-3.87024,40.32866],[-3.86951,40.32767],[-3.86912,40.32729],[-3.86863,40.32698],[-3.86831,40.32686],[-3.86767,40.32673],[-3.86717,40.32671],[-3.8666,40.32678],[-3.86626,40.32689],[-3.86602,40.32699],[-3.86567,40.32718],[-3.86518,40.32754],[-3.86391,40.32856]]},"properties":{"kind":"route","mode":"cercanias","route":"C-5","name":"Cercanías C-5","destination":"MÓSTOLES","direction":"1","color":"#FFB911","source_date":"2026-05-29","terminus":"HUMANES","offset_index":0}},{"type":"Feature","id":"cercanias-route-320","geometry":{"type":"LineString","coordinates":[[-3.86396,40.3286],[-3.86523,40.32758],[-3.86571,40.32723],[-3.86606,40.32704],[-3.86629,40.32694],[-3.86662,40.32683],[-3.86718,40.32676],[-3.86766,40.32678],[-3.86828,40.32691],[-3.8686,40.32702],[-3.86907,40.32732],[-3.86945,40.3277],[-3.87018,40.32869],[-3.87114,40.33007],[-3.87174,40.33086],[-3.87216,40.33125],[-3.87263,40.3316],[-3.87305,40.33186],[-3.87365,40.33218],[-3.87433,40.33245],[-3.87527,40.33268],[-3.87576,40.33274],[-3.87677,40.33277],[-3.87756,40.3327],[-3.87837,40.33254],[-3.87875,40.33243],[-3.88006,40.33191],[-3.88236,40.33091]]},"properties":{"kind":"route","mode":"cercanias","route":"C-5","name":"Cercanías C-5","destination":"MÓSTOLES EL SOTO","direction":"2","color":"#FFB911","source_date":"2026-05-29","terminus":"MÓSTOLES EL SOTO","offset_index":0}},{"type":"Feature","id":"cercanias-route-321","geometry":{"type":"LineString","coordinates":[[-3.73737,40.28824],[-3.73754,40.28697],[-3.73783,40.28427],[-3.73893,40.27478],[-3.7395,40.26944],[-3.7398,40.26713],[-3.74123,40.25423],[-3.7417,40.25037],[-3.74174,40.24963],[-3.74197,40.24843],[-3.74222,40.24785],[-3.74257,40.24715],[-3.74338,40.24612],[-3.74403,40.2455],[-3.74481,40.24496],[-3.74606,40.24429],[-3.74732,40.24383],[-3.74866,40.24353],[-3.74981,40.24342],[-3.75067,40.24339],[-3.75144,40.24345],[-3.75272,40.24366],[-3.7533,40.2438],[-3.75403,40.24403],[-3.75493,40.24443],[-3.75566,40.24483],[-3.75636,40.24531],[-3.75702,40.24588],[-3.75755,40.24645],[-3.75851,40.24764],[-3.7591,40.24819],[-3.75952,40.24848],[-3.76013,40.2488],[-3.76082,40.24905],[-3.76155,40.24922],[-3.76228,40.24928],[-3.76292,40.24928],[-3.76358,40.2492],[-3.76426,40.24904],[-3.7649,40.24879],[-3.76533,40.24857],[-3.76626,40.24797],[-3.76658,40.24769],[-3.76677,40.24746],[-3.76693,40.24715],[-3.76923,40.2414],[-3.76935,40.24105]]},"properties":{"kind":"route","mode":"cercanias","route":"C-4A","name":"Cercanías C-4A","destination":"PARLA","direction":"2","color":"#0058A0","source_date":"2026-05-29","terminus":"PARLA","offset_index":2}},{"type":"Feature","id":"cercanias-route-322","geometry":{"type":"LineString","coordinates":[[-3.73737,40.28824],[-3.73754,40.28697],[-3.73783,40.28427],[-3.73893,40.27478],[-3.7395,40.26944],[-3.7398,40.26713],[-3.74123,40.25423],[-3.7417,40.25037],[-3.74174,40.24963],[-3.74197,40.24843],[-3.74222,40.24785],[-3.74257,40.24715],[-3.74338,40.24612],[-3.74403,40.2455],[-3.74481,40.24496],[-3.74606,40.24429],[-3.74732,40.24383],[-3.74866,40.24353],[-3.74981,40.24342],[-3.75067,40.24339],[-3.75144,40.24345],[-3.75272,40.24366],[-3.7533,40.2438],[-3.75403,40.24403],[-3.75493,40.24443],[-3.75566,40.24483],[-3.75636,40.24531],[-3.75702,40.24588],[-3.75755,40.24645],[-3.75851,40.24764],[-3.7591,40.24819],[-3.75952,40.24848],[-3.76013,40.2488],[-3.76082,40.24905],[-3.76155,40.24922],[-3.76228,40.24928],[-3.76292,40.24928],[-3.76358,40.2492],[-3.76426,40.24904],[-3.7649,40.24879],[-3.76533,40.24857],[-3.76626,40.24797],[-3.76658,40.24769],[-3.76677,40.24746],[-3.76693,40.24715],[-3.76923,40.2414],[-3.76935,40.24105]]},"properties":{"kind":"route","mode":"cercanias","route":"C-4B","name":"Cercanías C-4B","destination":"PARLA","direction":"2","color":"#0058A0","source_date":"2026-05-29","terminus":"PARLA","offset_index":1}},{"type":"Feature","id":"cercanias-route-323","geometry":{"type":"LineString","coordinates":[[-3.66469,40.19609],[-3.66591,40.19786],[-3.669,40.20245],[-3.67228,40.2072],[-3.67249,40.20749],[-3.67317,40.20827],[-3.67343,40.20847],[-3.674,40.20902],[-3.67472,40.2096],[-3.67546,40.21012],[-3.67631,40.21067],[-3.6776,40.21143],[-3.6783,40.21187],[-3.67914,40.21251],[-3.67954,40.21287],[-3.68029,40.21362],[-3.68141,40.21501],[-3.682,40.21565],[-3.68241,40.21602],[-3.6827,40.21625],[-3.6833,40.21667],[-3.68364,40.21688],[-3.68408,40.21713],[-3.68557,40.21787],[-3.68608,40.21818],[-3.68699,40.21887],[-3.68751,40.21935],[-3.68818,40.22014],[-3.68866,40.22084],[-3.6889,40.22136],[-3.68911,40.22191],[-3.68948,40.22326],[-3.68964,40.22376],[-3.68992,40.2244],[-3.69065,40.22549],[-3.69103,40.22593],[-3.6918,40.22678],[-3.69228,40.22726],[-3.69461,40.22937],[-3.7014,40.2357],[-3.70191,40.23625],[-3.70249,40.23693],[-3.70289,40.23749],[-3.70316,40.238],[-3.70343,40.23874],[-3.70359,40.23926],[-3.7037,40.2399],[-3.70374,40.24042],[-3.70381,40.2428]]},"properties":{"kind":"route","mode":"cercanias","route":"C-3","name":"Cercanías C-3","destination":"PINTO","direction":"1","color":"#A02E86","source_date":"2026-05-29","terminus":"MADRID CHAMARTÍN-CLARA CAMPOAMOR","offset_index":3}},{"type":"Feature","id":"cercanias-route-324","geometry":{"type":"LineString","coordinates":[[-3.70761,40.30548],[-3.70408,40.28175],[-3.70403,40.28123],[-3.70402,40.27991],[-3.70409,40.27916],[-3.70425,40.27827],[-3.70477,40.27583],[-3.70484,40.27499],[-3.70485,40.27405],[-3.70466,40.26737],[-3.70409,40.25014],[-3.70405,40.24758],[-3.70385,40.2428]]},"properties":{"kind":"route","mode":"cercanias","route":"C-3","name":"Cercanías C-3","destination":"PINTO","direction":"2","color":"#A02E86","source_date":"2026-05-29","terminus":"ARANJUEZ","offset_index":-3}},{"type":"Feature","id":"cercanias-route-325","geometry":{"type":"LineString","coordinates":[[-3.78524,40.44861],[-3.78621,40.44858],[-3.78702,40.44853],[-3.7882,40.44837],[-3.78923,40.44815],[-3.79414,40.44684],[-3.79503,40.44664],[-3.79547,40.44659],[-3.7962,40.44655],[-3.79691,40.44656],[-3.79727,40.44659],[-3.79794,40.44669],[-3.79838,40.44678],[-3.79896,40.44696]]},"properties":{"kind":"route","mode":"cercanias","route":"C-7","name":"Cercanías C-7","destination":"POZUELO","direction":"2","color":"#DF0221","source_date":"2026-05-29","terminus":"ALCALÁ DE HENARES","offset_index":-1}},{"type":"Feature","id":"cercanias-route-326","geometry":{"type":"LineString","coordinates":[[-3.80668,40.46531],[-3.8048,40.465],[-3.80411,40.46487],[-3.8037,40.46476],[-3.80267,40.46442],[-3.80169,40.46392],[-3.8009,40.46338],[-3.80055,40.46309],[-3.80008,40.46257],[-3.7997,40.46207],[-3.79953,40.46184],[-3.79928,40.46133],[-3.79913,40.46078],[-3.79902,40.46031],[-3.79899,40.45975],[-3.79902,40.45912],[-3.79923,40.45829],[-3.7993,40.45811],[-3.7994,40.45784],[-3.79978,40.45718],[-3.80207,40.45393],[-3.80232,40.45354],[-3.80255,40.45307],[-3.80275,40.45248],[-3.80282,40.45222],[-3.80289,40.45162],[-3.80284,40.45085],[-3.80272,40.45035],[-3.80256,40.44992],[-3.80236,40.44954],[-3.80208,40.4491],[-3.80176,40.44869],[-3.80138,40.44831],[-3.80103,40.448],[-3.80065,40.44771],[-3.79992,40.44729],[-3.79955,40.44712],[-3.79903,40.44692]]},"properties":{"kind":"route","mode":"cercanias","route":"C-7","name":"Cercanías C-7","destination":"POZUELO","direction":"1","color":"#DF0221","source_date":"2026-05-29","terminus":"PRÍNCIPE PÍO","offset_index":1}},{"type":"Feature","id":"cercanias-route-327","geometry":{"type":"LineString","coordinates":[[-3.80668,40.46531],[-3.8048,40.465],[-3.80411,40.46487],[-3.8037,40.46476],[-3.80267,40.46442],[-3.80169,40.46392],[-3.8009,40.46338],[-3.80055,40.46309],[-3.80008,40.46257],[-3.7997,40.46207],[-3.79953,40.46184],[-3.79928,40.46133],[-3.79913,40.46078],[-3.79902,40.46031],[-3.79899,40.45975],[-3.79902,40.45912],[-3.79923,40.45829],[-3.7993,40.45811],[-3.7994,40.45784],[-3.79978,40.45718],[-3.80207,40.45393],[-3.80232,40.45354],[-3.80255,40.45307],[-3.80275,40.45248],[-3.80282,40.45222],[-3.80289,40.45162],[-3.80284,40.45085],[-3.80272,40.45035],[-3.80256,40.44992],[-3.80236,40.44954],[-3.80208,40.4491],[-3.80176,40.44869],[-3.80138,40.44831],[-3.80103,40.448],[-3.80065,40.44771],[-3.79992,40.44729],[-3.79955,40.44712],[-3.79903,40.44692]]},"properties":{"kind":"route","mode":"cercanias","route":"C-10","name":"Cercanías C-10","destination":"POZUELO","direction":"1","color":"#90B70E","source_date":"2026-05-29","terminus":"MADRID CHAMARTÍN-CLARA CAMPOAMOR","offset_index":5}},{"type":"Feature","id":"cercanias-route-328","geometry":{"type":"LineString","coordinates":[[-3.78524,40.44861],[-3.78621,40.44858],[-3.78702,40.44853],[-3.7882,40.44837],[-3.78923,40.44815],[-3.79414,40.44684],[-3.79503,40.44664],[-3.79547,40.44659],[-3.7962,40.44655],[-3.79691,40.44656],[-3.79727,40.44659],[-3.79794,40.44669],[-3.79838,40.44678],[-3.79896,40.44696]]},"properties":{"kind":"route","mode":"cercanias","route":"C-10","name":"Cercanías C-10","destination":"POZUELO","direction":"2","color":"#90B70E","source_date":"2026-05-29","terminus":"VILLALBA DE GUADARRAMA","offset_index":-5}},{"type":"Feature","id":"cercanias-route-329","geometry":{"type":"LineString","coordinates":[[-4.15816,40.53859],[-4.16063,40.53793],[-4.16331,40.53731],[-4.16387,40.53722],[-4.16409,40.53716],[-4.16508,40.53714],[-4.16592,40.53717],[-4.16685,40.53727],[-4.16754,40.5374],[-4.1688,40.53775],[-4.16985,40.53822],[-4.17121,40.53897],[-4.17305,40.5399],[-4.17346,40.54005],[-4.17434,40.54032],[-4.17549,40.54054],[-4.17606,40.54061],[-4.17661,40.54064],[-4.17727,40.54064],[-4.17826,40.54058],[-4.18842,40.53948],[-4.19027,40.53911],[-4.19105,40.53889],[-4.19238,40.53839],[-4.19301,40.5381],[-4.19387,40.53766],[-4.19488,40.53706],[-4.19797,40.53461],[-4.19857,40.53421],[-4.19895,40.53398],[-4.20272,40.53211],[-4.20321,40.53189],[-4.20395,40.5316],[-4.20436,40.53146],[-4.20484,40.53135],[-4.20605,40.53117],[-4.20667,40.53114],[-4.20725,40.53115],[-4.20785,40.5312],[-4.20856,40.53128],[-4.21111,40.53167],[-4.21171,40.5317],[-4.21278,40.53164],[-4.2132,40.53158],[-4.21396,40.53139],[-4.21447,40.53122],[-4.21495,40.531],[-4.21594,40.53044],[-4.21843,40.52882],[-4.21935,40.52826],[-4.22083,40.5273],[-4.22168,40.52687],[-4.22211,40.52672],[-4.22435,40.52613],[-4.22528,40.52585],[-4.22576,40.52565],[-4.22768,40.52466],[-4.22901,40.52402],[-4.22991,40.52366],[-4.23325,40.52278],[-4.23397,40.52253],[-4.23446,40.52233],[-4.23607,40.52153],[-4.23874,40.52014],[-4.23976,40.51967],[-4.24023,40.51948],[-4.24084,40.5193],[-4.24141,40.51919],[-4.24205,40.51915],[-4.24275,40.51915],[-4.24347,40.51924],[-4.24418,40.51942],[-4.2448,40.51965],[-4.24544,40.51992],[-4.24602,40.52032],[-4.2466,40.52078]]},"properties":{"kind":"route","mode":"cercanias","route":"C-8A","name":"Cercanías C-8A","destination":"ROBLEDO DE CHAVELA","direction":"1","color":"#048947","source_date":"2026-05-29","terminus":"SANTA MARÍA DE LA ALAMEDA","offset_index":-2}},{"type":"Feature","id":"cercanias-route-330","geometry":{"type":"LineString","coordinates":[[-4.26969,40.56884],[-4.26783,40.56871],[-4.26621,40.56863],[-4.26575,40.56859],[-4.26508,40.56847],[-4.26452,40.56833],[-4.26385,40.56809],[-4.26339,40.56788],[-4.26301,40.56767],[-4.25946,40.56556],[-4.2589,40.56533],[-4.257,40.56472],[-4.25639,40.56446],[-4.25585,40.56417],[-4.25545,40.5639],[-4.25511,40.56362],[-4.25486,40.56336],[-4.25444,40.56277],[-4.25415,40.56224],[-4.25405,40.56185],[-4.25391,40.56072],[-4.25368,40.55819],[-4.25305,40.55261],[-4.25288,40.55187],[-4.25253,40.55127],[-4.25205,40.55067],[-4.25134,40.54988],[-4.25091,40.54932],[-4.25065,40.54887],[-4.2504,40.54809],[-4.25037,40.54761],[-4.25037,40.54719],[-4.25056,40.54643],[-4.25077,40.54578],[-4.25097,40.54528],[-4.25122,40.54476],[-4.25143,40.5444],[-4.25186,40.54383],[-4.25229,40.54346],[-4.25318,40.54288],[-4.25465,40.54205],[-4.25503,40.54181],[-4.25569,40.5412],[-4.25621,40.54057],[-4.25637,40.54024],[-4.25655,40.53978],[-4.2577,40.5359],[-4.25787,40.535],[-4.25788,40.53465],[-4.25781,40.53396],[-4.25752,40.53317],[-4.25734,40.5328],[-4.25692,40.5322],[-4.2554,40.53066],[-4.25515,40.53034],[-4.25488,40.52995],[-4.25469,40.5295],[-4.25451,40.52893],[-4.25431,40.52815],[-4.25405,40.52735],[-4.25372,40.5268],[-4.25324,40.52626],[-4.25292,40.52592],[-4.24992,40.5235],[-4.24664,40.52075]]},"properties":{"kind":"route","mode":"cercanias","route":"C-8A","name":"Cercanías C-8A","destination":"ROBLEDO DE CHAVELA","direction":"2","color":"#048947","source_date":"2026-05-29","terminus":"GUADALAJARA","offset_index":2}},{"type":"Feature","id":"cercanias-route-331","geometry":{"type":"LineString","coordinates":[[-3.88185,40.52247],[-3.88355,40.52589],[-3.88501,40.52867],[-3.88558,40.52992],[-3.8887,40.53608],[-3.89179,40.54216],[-3.89235,40.54319],[-3.89691,40.55223]]},"properties":{"kind":"route","mode":"cercanias","route":"C-8B","name":"Cercanías C-8B","destination":"MATAS, LAS","direction":"1","color":"#048947","source_date":"2026-05-29","terminus":"CERCEDILLA","offset_index":-3}},{"type":"Feature","id":"cercanias-route-332","geometry":{"type":"LineString","coordinates":[[-3.95627,40.57406],[-3.95357,40.57206],[-3.95253,40.5714],[-3.95183,40.571],[-3.95126,40.57069],[-3.95006,40.57013],[-3.94852,40.56954],[-3.94753,40.56922],[-3.94627,40.5689],[-3.94534,40.56871],[-3.94303,40.56843],[-3.94137,40.5683],[-3.9359,40.56795],[-3.93112,40.56761],[-3.9304,40.56753],[-3.92932,40.56734],[-3.92864,40.56717],[-3.928,40.56694],[-3.92702,40.56643],[-3.92623,40.56589],[-3.9241,40.56402],[-3.92365,40.56371],[-3.92276,40.5632],[-3.92193,40.56288],[-3.92021,40.56236],[-3.91571,40.56113],[-3.9148,40.56093],[-3.91439,40.56089],[-3.91397,40.56085],[-3.91283,40.56085],[-3.91231,40.5609],[-3.90856,40.5616],[-3.90744,40.56179],[-3.90662,40.56187],[-3.90602,40.56187],[-3.90549,40.56183],[-3.90443,40.56164],[-3.90339,40.56132],[-3.90294,40.56113],[-3.90233,40.56081],[-3.90196,40.56058],[-3.90157,40.56028],[-3.9013,40.56005],[-3.90095,40.55968],[-3.9005,40.55906],[-3.90003,40.55823],[-3.89697,40.55222]]},"properties":{"kind":"route","mode":"cercanias","route":"C-8B","name":"Cercanías C-8B","destination":"MATAS, LAS","direction":"2","color":"#048947","source_date":"2026-05-29","terminus":"GUADALAJARA","offset_index":3}},{"type":"Feature","id":"cercanias-route-333","geometry":{"type":"LineString","coordinates":[[-3.88185,40.52247],[-3.88355,40.52589],[-3.88501,40.52867],[-3.88558,40.52992],[-3.8887,40.53608],[-3.89179,40.54216],[-3.89235,40.54319],[-3.89691,40.55223]]},"properties":{"kind":"route","mode":"cercanias","route":"C-8A","name":"Cercanías C-8A","destination":"MATAS, LAS","direction":"1","color":"#048947","source_date":"2026-05-29","terminus":"SANTA MARÍA DE LA ALAMEDA","offset_index":-2}},{"type":"Feature","id":"cercanias-route-334","geometry":{"type":"LineString","coordinates":[[-3.95627,40.57406],[-3.95357,40.57206],[-3.95253,40.5714],[-3.95183,40.571],[-3.95126,40.57069],[-3.95006,40.57013],[-3.94852,40.56954],[-3.94753,40.56922],[-3.94627,40.5689],[-3.94534,40.56871],[-3.94303,40.56843],[-3.94137,40.5683],[-3.9359,40.56795],[-3.93112,40.56761],[-3.9304,40.56753],[-3.92932,40.56734],[-3.92864,40.56717],[-3.928,40.56694],[-3.92702,40.56643],[-3.92623,40.56589],[-3.9241,40.56402],[-3.92365,40.56371],[-3.92276,40.5632],[-3.92193,40.56288],[-3.92021,40.56236],[-3.91571,40.56113],[-3.9148,40.56093],[-3.91439,40.56089],[-3.91397,40.56085],[-3.91283,40.56085],[-3.91231,40.5609],[-3.90856,40.5616],[-3.90744,40.56179],[-3.90662,40.56187],[-3.90602,40.56187],[-3.90549,40.56183],[-3.90443,40.56164],[-3.90339,40.56132],[-3.90294,40.56113],[-3.90233,40.56081],[-3.90196,40.56058],[-3.90157,40.56028],[-3.9013,40.56005],[-3.90095,40.55968],[-3.9005,40.55906],[-3.90003,40.55823],[-3.89697,40.55222]]},"properties":{"kind":"route","mode":"cercanias","route":"C-8A","name":"Cercanías C-8A","destination":"MATAS, LAS","direction":"2","color":"#048947","source_date":"2026-05-29","terminus":"GUADALAJARA","offset_index":2}},{"type":"Feature","id":"cercanias-route-335","geometry":{"type":"LineString","coordinates":[[-3.95627,40.57406],[-3.95357,40.57206],[-3.95253,40.5714],[-3.95183,40.571],[-3.95126,40.57069],[-3.95006,40.57013],[-3.94852,40.56954],[-3.94753,40.56922],[-3.94627,40.5689],[-3.94534,40.56871],[-3.94303,40.56843],[-3.94137,40.5683],[-3.9359,40.56795],[-3.93112,40.56761],[-3.9304,40.56753],[-3.92932,40.56734],[-3.92864,40.56717],[-3.928,40.56694],[-3.92702,40.56643],[-3.92623,40.56589],[-3.9241,40.56402],[-3.92365,40.56371],[-3.92276,40.5632],[-3.92193,40.56288],[-3.92021,40.56236],[-3.91571,40.56113],[-3.9148,40.56093],[-3.91439,40.56089],[-3.91397,40.56085],[-3.91283,40.56085],[-3.91231,40.5609],[-3.90856,40.5616],[-3.90744,40.56179],[-3.90662,40.56187],[-3.90602,40.56187],[-3.90549,40.56183],[-3.90443,40.56164],[-3.90339,40.56132],[-3.90294,40.56113],[-3.90233,40.56081],[-3.90196,40.56058],[-3.90157,40.56028],[-3.9013,40.56005],[-3.90095,40.55968],[-3.9005,40.55906],[-3.90003,40.55823],[-3.89697,40.55222]]},"properties":{"kind":"route","mode":"cercanias","route":"C-10","name":"Cercanías C-10","destination":"MATAS, LAS","direction":"1","color":"#90B70E","source_date":"2026-05-29","terminus":"MADRID CHAMARTÍN-CLARA CAMPOAMOR","offset_index":5}},{"type":"Feature","id":"cercanias-route-336","geometry":{"type":"LineString","coordinates":[[-3.88185,40.52247],[-3.88355,40.52589],[-3.88501,40.52867],[-3.88558,40.52992],[-3.8887,40.53608],[-3.89179,40.54216],[-3.89235,40.54319],[-3.89691,40.55223]]},"properties":{"kind":"route","mode":"cercanias","route":"C-10","name":"Cercanías C-10","destination":"MATAS, LAS","direction":"2","color":"#90B70E","source_date":"2026-05-29","terminus":"VILLALBA DE GUADARRAMA","offset_index":-5}},{"type":"Feature","id":"cercanias-route-337","geometry":{"type":"LineString","coordinates":[[-3.72642,40.49548],[-3.7282,40.49408],[-3.72882,40.49365],[-3.72929,40.49339],[-3.72974,40.49319],[-3.73002,40.49309],[-3.73106,40.49288],[-3.73157,40.49282],[-3.73303,40.49282],[-3.73432,40.49288],[-3.74829,40.49387],[-3.74897,40.49397],[-3.74944,40.49407],[-3.74996,40.49426],[-3.75066,40.49459],[-3.75114,40.49488],[-3.75305,40.49642],[-3.75547,40.49833],[-3.75695,40.49956],[-3.75805,40.50031],[-3.75854,40.50054],[-3.759,40.5007],[-3.75935,40.50079],[-3.75988,40.5009],[-3.7603,40.50095],[-3.76082,40.50098],[-3.76138,40.50097],[-3.76207,40.50085],[-3.76243,40.50075],[-3.76295,40.50056],[-3.7637,40.50022],[-3.77109,40.49623],[-3.7719,40.49587],[-3.77287,40.49558],[-3.77381,40.49542],[-3.77927,40.49504],[-3.78044,40.49499],[-3.78084,40.49501],[-3.78141,40.49506],[-3.78194,40.49515],[-3.7824,40.49527],[-3.78382,40.49572],[-3.79708,40.50005],[-3.80411,40.50231],[-3.80582,40.50276],[-3.81776,40.50561],[-3.82541,40.50741],[-3.82603,40.50751],[-3.82694,40.5076],[-3.82765,40.50764],[-3.82853,40.50761],[-3.82985,40.50747],[-3.83123,40.50725],[-3.83461,40.50678],[-3.83647,40.50655],[-3.83727,40.50656],[-3.83793,40.50662],[-3.83883,40.50679],[-3.84489,40.50827],[-3.85524,40.51088],[-3.8573,40.51152],[-3.86054,40.51256],[-3.86197,40.51299],[-3.86241,40.51311],[-3.86293,40.5132],[-3.86364,40.51328],[-3.86431,40.5133],[-3.86483,40.51329],[-3.86547,40.51324],[-3.87364,40.51233],[-3.87412,40.51231],[-3.87456,40.51232],[-3.87527,40.51241],[-3.87573,40.51255],[-3.8762,40.51273],[-3.87728,40.51322],[-3.87753,40.51337],[-3.87779,40.51358],[-3.87831,40.51418],[-3.87866,40.51482],[-3.87913,40.51651],[-3.87946,40.51726],[-3.87983,40.5182],[-3.87998,40.51877],[-3.88017,40.51921],[-3.8806,40.52009],[-3.88151,40.52178],[-3.88185,40.52247]]},"properties":{"kind":"route","mode":"cercanias","route":"C-8B","name":"Cercanías C-8B","destination":"PINAR DE LAS ROZAS","direction":"1","color":"#048947","source_date":"2026-05-29","terminus":"CERCEDILLA","offset_index":-3}},{"type":"Feature","id":"cercanias-route-338","geometry":{"type":"LineString","coordinates":[[-3.89697,40.55222],[-3.89556,40.54946],[-3.89239,40.54318],[-3.89183,40.54214],[-3.88874,40.53607],[-3.88563,40.5299],[-3.88506,40.52865],[-3.88347,40.52561],[-3.88318,40.5248],[-3.88262,40.52374],[-3.88199,40.52244]]},"properties":{"kind":"route","mode":"cercanias","route":"C-8B","name":"Cercanías C-8B","destination":"PINAR DE LAS ROZAS","direction":"2","color":"#048947","source_date":"2026-05-29","terminus":"GUADALAJARA","offset_index":3}},{"type":"Feature","id":"cercanias-route-339","geometry":{"type":"LineString","coordinates":[[-3.72642,40.49548],[-3.7282,40.49408],[-3.72882,40.49365],[-3.72929,40.49339],[-3.72974,40.49319],[-3.73002,40.49309],[-3.73106,40.49288],[-3.73157,40.49282],[-3.73303,40.49282],[-3.73432,40.49288],[-3.74829,40.49387],[-3.74897,40.49397],[-3.74944,40.49407],[-3.74996,40.49426],[-3.75066,40.49459],[-3.75114,40.49488],[-3.75305,40.49642],[-3.75547,40.49833],[-3.75695,40.49956],[-3.75805,40.50031],[-3.75854,40.50054],[-3.759,40.5007],[-3.75935,40.50079],[-3.75988,40.5009],[-3.7603,40.50095],[-3.76082,40.50098],[-3.76138,40.50097],[-3.76207,40.50085],[-3.76243,40.50075],[-3.76295,40.50056],[-3.7637,40.50022],[-3.77109,40.49623],[-3.7719,40.49587],[-3.77287,40.49558],[-3.77381,40.49542],[-3.77927,40.49504],[-3.78044,40.49499],[-3.78084,40.49501],[-3.78141,40.49506],[-3.78194,40.49515],[-3.7824,40.49527],[-3.78382,40.49572],[-3.79708,40.50005],[-3.80411,40.50231],[-3.80582,40.50276],[-3.81776,40.50561],[-3.82541,40.50741],[-3.82603,40.50751],[-3.82694,40.5076],[-3.82765,40.50764],[-3.82853,40.50761],[-3.82985,40.50747],[-3.83123,40.50725],[-3.83461,40.50678],[-3.83647,40.50655],[-3.83727,40.50656],[-3.83793,40.50662],[-3.83883,40.50679],[-3.84489,40.50827],[-3.85524,40.51088],[-3.8573,40.51152],[-3.86054,40.51256],[-3.86197,40.51299],[-3.86241,40.51311],[-3.86293,40.5132],[-3.86364,40.51328],[-3.86431,40.5133],[-3.86483,40.51329],[-3.86547,40.51324],[-3.87364,40.51233],[-3.87412,40.51231],[-3.87456,40.51232],[-3.87527,40.51241],[-3.87573,40.51255],[-3.8762,40.51273],[-3.87728,40.51322],[-3.87753,40.51337],[-3.87779,40.51358],[-3.87831,40.51418],[-3.87866,40.51482],[-3.87913,40.51651],[-3.87946,40.51726],[-3.87983,40.5182],[-3.87998,40.51877],[-3.88017,40.51921],[-3.8806,40.52009],[-3.88151,40.52178],[-3.88185,40.52247]]},"properties":{"kind":"route","mode":"cercanias","route":"C-8A","name":"Cercanías C-8A","destination":"PINAR DE LAS ROZAS","direction":"1","color":"#048947","source_date":"2026-05-29","terminus":"SANTA MARÍA DE LA ALAMEDA","offset_index":-2}},{"type":"Feature","id":"cercanias-route-340","geometry":{"type":"LineString","coordinates":[[-3.89697,40.55222],[-3.89556,40.54946],[-3.89239,40.54318],[-3.89183,40.54214],[-3.88874,40.53607],[-3.88563,40.5299],[-3.88506,40.52865],[-3.88347,40.52561],[-3.88318,40.5248],[-3.88262,40.52374],[-3.88199,40.52244]]},"properties":{"kind":"route","mode":"cercanias","route":"C-8A","name":"Cercanías C-8A","destination":"PINAR DE LAS ROZAS","direction":"2","color":"#048947","source_date":"2026-05-29","terminus":"GUADALAJARA","offset_index":2}},{"type":"Feature","id":"cercanias-route-341","geometry":{"type":"LineString","coordinates":[[-3.89697,40.55222],[-3.89556,40.54946],[-3.89239,40.54318],[-3.89183,40.54214],[-3.88874,40.53607],[-3.88563,40.5299],[-3.88506,40.52865],[-3.88347,40.52561],[-3.88318,40.5248],[-3.88262,40.52374],[-3.88199,40.52244]]},"properties":{"kind":"route","mode":"cercanias","route":"C-10","name":"Cercanías C-10","destination":"PINAR DE LAS ROZAS","direction":"1","color":"#90B70E","source_date":"2026-05-29","terminus":"MADRID CHAMARTÍN-CLARA CAMPOAMOR","offset_index":5}},{"type":"Feature","id":"cercanias-route-342","geometry":{"type":"LineString","coordinates":[[-3.86788,40.49428],[-3.87037,40.49763],[-3.87065,40.49804],[-3.87112,40.49883],[-3.87149,40.49972],[-3.87197,40.50117],[-3.87219,40.50159],[-3.87253,40.5025],[-3.87343,40.50416],[-3.87367,40.50466],[-3.87379,40.50501],[-3.87391,40.50558],[-3.87413,40.50765],[-3.87414,40.50815],[-3.87423,40.50871],[-3.87449,40.50982],[-3.87474,40.51037],[-3.87501,40.51083],[-3.87541,40.51139],[-3.87684,40.51299],[-3.87716,40.51342],[-3.87772,40.51449],[-3.87782,40.51464],[-3.87872,40.51645],[-3.88185,40.52247]]},"properties":{"kind":"route","mode":"cercanias","route":"C-10","name":"Cercanías C-10","destination":"PINAR DE LAS ROZAS","direction":"2","color":"#90B70E","source_date":"2026-05-29","terminus":"VILLALBA DE GUADARRAMA","offset_index":-5}},{"type":"Feature","id":"cercanias-route-343","geometry":{"type":"LineString","coordinates":[[-3.8451,40.47403],[-3.84552,40.47417],[-3.84601,40.47437],[-3.84645,40.47458],[-3.84762,40.47528],[-3.84812,40.47564],[-3.84845,40.47592],[-3.84904,40.4765],[-3.84936,40.4769],[-3.84989,40.4777],[-3.85021,40.47824],[-3.8508,40.47935],[-3.85192,40.48122],[-3.85252,40.48197],[-3.85294,40.48242],[-3.85365,40.48306],[-3.8544,40.48361],[-3.85629,40.48465],[-3.86145,40.48738],[-3.86298,40.48838],[-3.86354,40.48887],[-3.86403,40.48931],[-3.8645,40.4898],[-3.86515,40.49062],[-3.86788,40.49428]]},"properties":{"kind":"route","mode":"cercanias","route":"C-7","name":"Cercanías C-7","destination":"ROZAS, LAS","direction":"2","color":"#DF0221","source_date":"2026-05-29","terminus":"ALCALÁ DE HENARES","offset_index":-1}},{"type":"Feature","id":"cercanias-route-344","geometry":{"type":"LineString","coordinates":[[-3.72642,40.49548],[-3.7282,40.49408],[-3.72882,40.49365],[-3.72929,40.49339],[-3.72974,40.49319],[-3.73002,40.49309],[-3.73106,40.49288],[-3.73157,40.49282],[-3.73303,40.49282],[-3.73432,40.49288],[-3.74829,40.49387],[-3.74897,40.49397],[-3.74944,40.49407],[-3.74996,40.49426],[-3.75066,40.49459],[-3.75114,40.49488],[-3.75305,40.49642],[-3.75547,40.49833],[-3.75695,40.49956],[-3.75805,40.50031],[-3.75854,40.50054],[-3.759,40.5007],[-3.75935,40.50079],[-3.75988,40.5009],[-3.7603,40.50095],[-3.76082,40.50098],[-3.76138,40.50097],[-3.76207,40.50085],[-3.76243,40.50075],[-3.76295,40.50056],[-3.7637,40.50022],[-3.77109,40.49623],[-3.7719,40.49587],[-3.77287,40.49558],[-3.77381,40.49542],[-3.77927,40.49504],[-3.78044,40.49499],[-3.78084,40.49501],[-3.78141,40.49506],[-3.78194,40.49515],[-3.7824,40.49527],[-3.78382,40.49572],[-3.79708,40.50005],[-3.80411,40.50231],[-3.80582,40.50276],[-3.82475,40.50726],[-3.82541,40.50741],[-3.82603,40.50751],[-3.82694,40.5076],[-3.82765,40.50764],[-3.82853,40.50761],[-3.82985,40.50747],[-3.83123,40.50725],[-3.83461,40.50678],[-3.83647,40.50655],[-3.83727,40.50656],[-3.83793,40.50662],[-3.83883,40.50679],[-3.84489,40.50827],[-3.85524,40.51088],[-3.8573,40.51152],[-3.86054,40.51256],[-3.86241,40.51311],[-3.86293,40.5132],[-3.86364,40.51328],[-3.86431,40.5133],[-3.86483,40.51329],[-3.86547,40.51324],[-3.86874,40.51287],[-3.86964,40.51274],[-3.87035,40.51258],[-3.87105,40.51233],[-3.87172,40.51199],[-3.87245,40.51153],[-3.8731,40.51094],[-3.87356,40.51031],[-3.87374,40.50998],[-3.87392,40.50957],[-3.87406,40.50912],[-3.87414,40.50863],[-3.87413,40.50765],[-3.87391,40.50558],[-3.87379,40.50501],[-3.87367,40.50466],[-3.87343,40.50416],[-3.87253,40.5025],[-3.87219,40.50159],[-3.87139,40.49928],[-3.87118,40.49881],[-3.87073,40.49804],[-3.87049,40.49769],[-3.86794,40.49425]]},"properties":{"kind":"route","mode":"cercanias","route":"C-7","name":"Cercanías C-7","destination":"ROZAS, LAS","direction":"1","color":"#DF0221","source_date":"2026-05-29","terminus":"PRÍNCIPE PÍO","offset_index":-1}},{"type":"Feature","id":"cercanias-route-345","geometry":{"type":"LineString","coordinates":[[-3.88199,40.52244],[-3.88002,40.51859],[-3.87981,40.51832],[-3.87956,40.5179],[-3.87486,40.50871],[-3.87413,40.50636],[-3.87402,40.50616],[-3.87395,40.50594],[-3.87342,40.50488],[-3.87302,40.50415],[-3.87282,40.50368],[-3.87239,40.50242],[-3.87219,40.50159],[-3.87199,40.50097],[-3.87139,40.49928],[-3.87118,40.49881],[-3.87073,40.49804],[-3.87049,40.49769],[-3.86794,40.49425]]},"properties":{"kind":"route","mode":"cercanias","route":"C-10","name":"Cercanías C-10","destination":"ROZAS, LAS","direction":"1","color":"#90B70E","source_date":"2026-05-29","terminus":"MADRID CHAMARTÍN-CLARA CAMPOAMOR","offset_index":5}},{"type":"Feature","id":"cercanias-route-346","geometry":{"type":"LineString","coordinates":[[-3.8451,40.47403],[-3.84552,40.47417],[-3.84601,40.47437],[-3.84645,40.47458],[-3.84762,40.47528],[-3.84812,40.47564],[-3.84845,40.47592],[-3.84904,40.4765],[-3.84936,40.4769],[-3.84989,40.4777],[-3.85021,40.47824],[-3.8508,40.47935],[-3.85192,40.48122],[-3.85252,40.48197],[-3.85294,40.48242],[-3.85365,40.48306],[-3.8544,40.48361],[-3.85629,40.48465],[-3.86145,40.48738],[-3.86298,40.48838],[-3.86354,40.48887],[-3.86403,40.48931],[-3.8645,40.4898],[-3.86515,40.49062],[-3.86788,40.49428]]},"properties":{"kind":"route","mode":"cercanias","route":"C-10","name":"Cercanías C-10","destination":"ROZAS, LAS","direction":"2","color":"#90B70E","source_date":"2026-05-29","terminus":"VILLALBA DE GUADARRAMA","offset_index":-5}},{"type":"Feature","id":"cercanias-route-347","geometry":{"type":"LineString","coordinates":[[-4.2466,40.52078],[-4.24988,40.52354],[-4.25287,40.52595],[-4.2532,40.52628],[-4.25367,40.52682],[-4.254,40.52737],[-4.25425,40.52816],[-4.25445,40.52894],[-4.25463,40.52951],[-4.25483,40.52996],[-4.25509,40.53036],[-4.25535,40.53068],[-4.25687,40.53222],[-4.25729,40.53282],[-4.25746,40.53319],[-4.25775,40.53397],[-4.25782,40.53466],[-4.25781,40.535],[-4.25764,40.53589],[-4.25649,40.53977],[-4.25631,40.54022],[-4.25616,40.54055],[-4.25564,40.54118],[-4.25499,40.54177],[-4.25461,40.54201],[-4.25315,40.54285],[-4.25224,40.54343],[-4.25181,40.54381],[-4.25138,40.54438],[-4.25116,40.54474],[-4.25092,40.54527],[-4.25071,40.54577],[-4.25051,40.54642],[-4.25031,40.54718],[-4.25031,40.54761],[-4.25034,40.5481],[-4.2506,40.54889],[-4.25086,40.54934],[-4.25129,40.54991],[-4.252,40.5507],[-4.25248,40.55129],[-4.25282,40.55188],[-4.253,40.55261],[-4.25362,40.55819],[-4.25386,40.56072],[-4.25399,40.56186],[-4.2541,40.56226],[-4.25438,40.56279],[-4.25481,40.56338],[-4.25507,40.56365],[-4.25541,40.56394],[-4.25581,40.5642],[-4.25636,40.5645],[-4.25697,40.56476],[-4.25887,40.56537],[-4.25943,40.56559],[-4.26298,40.5677],[-4.26336,40.56791],[-4.26382,40.56813],[-4.26451,40.56837],[-4.26506,40.56851],[-4.26574,40.56863],[-4.26621,40.56868],[-4.26783,40.56876],[-4.26968,40.5689]]},"properties":{"kind":"route","mode":"cercanias","route":"C-8A","name":"Cercanías C-8A","destination":"SANTA MARÍA DE LA ALAMEDA","direction":"1","color":"#048947","source_date":"2026-05-29","terminus":"SANTA MARÍA DE LA ALAMEDA","offset_index":-2}},{"type":"Feature","id":"cercanias-route-348","geometry":{"type":"LineString","coordinates":[[-3.44154,40.46418],[-3.44908,40.46164],[-3.45149,40.46091],[-3.453,40.46048],[-3.45701,40.45958],[-3.47978,40.45464]]},"properties":{"kind":"route","mode":"cercanias","route":"C-2","name":"Cercanías C-2","destination":"TORREJÓN DE ARDOZ","direction":"1","color":"#048947","source_date":"2026-05-29","terminus":"MADRID CHAMARTÍN-CLARA CAMPOAMOR","offset_index":4}},{"type":"Feature","id":"cercanias-route-349","geometry":{"type":"LineString","coordinates":[[-3.53434,40.4427],[-3.52097,40.44562],[-3.49349,40.45157],[-3.47975,40.45458]]},"properties":{"kind":"route","mode":"cercanias","route":"C-2","name":"Cercanías C-2","destination":"TORREJÓN DE ARDOZ","direction":"2","color":"#048947","source_date":"2026-05-29","terminus":"GUADALAJARA","offset_index":-4}},{"type":"Feature","id":"cercanias-route-350","geometry":{"type":"LineString","coordinates":[[-3.53434,40.4427],[-3.52097,40.44562],[-3.49349,40.45157],[-3.47975,40.45458]]},"properties":{"kind":"route","mode":"cercanias","route":"C-7","name":"Cercanías C-7","destination":"TORREJÓN DE ARDOZ","direction":"2","color":"#DF0221","source_date":"2026-05-29","terminus":"ALCALÁ DE HENARES","offset_index":1}},{"type":"Feature","id":"cercanias-route-351","geometry":{"type":"LineString","coordinates":[[-3.44154,40.46418],[-3.44908,40.46164],[-3.45149,40.46091],[-3.453,40.46048],[-3.45701,40.45958],[-3.47978,40.45464]]},"properties":{"kind":"route","mode":"cercanias","route":"C-8B","name":"Cercanías C-8B","destination":"TORREJÓN DE ARDOZ","direction":"1","color":"#048947","source_date":"2026-05-29","terminus":"CERCEDILLA","offset_index":-3}},{"type":"Feature","id":"cercanias-route-352","geometry":{"type":"LineString","coordinates":[[-3.53434,40.4427],[-3.52097,40.44562],[-3.49349,40.45157],[-3.47975,40.45458]]},"properties":{"kind":"route","mode":"cercanias","route":"C-8B","name":"Cercanías C-8B","destination":"TORREJÓN DE ARDOZ","direction":"2","color":"#048947","source_date":"2026-05-29","terminus":"GUADALAJARA","offset_index":3}},{"type":"Feature","id":"cercanias-route-353","geometry":{"type":"LineString","coordinates":[[-3.44153,40.46418],[-3.44908,40.46164],[-3.45149,40.46091],[-3.453,40.46048],[-3.45701,40.45958],[-3.47978,40.45464]]},"properties":{"kind":"route","mode":"cercanias","route":"C-7","name":"Cercanías C-7","destination":"TORREJÓN DE ARDOZ","direction":"1","color":"#DF0221","source_date":"2026-05-29","terminus":"PRÍNCIPE PÍO","offset_index":-1}},{"type":"Feature","id":"cercanias-route-354","geometry":{"type":"LineString","coordinates":[[-3.44154,40.46418],[-3.44908,40.46164],[-3.45149,40.46091],[-3.453,40.46048],[-3.45701,40.45958],[-3.47978,40.45464]]},"properties":{"kind":"route","mode":"cercanias","route":"C-8A","name":"Cercanías C-8A","destination":"TORREJÓN DE ARDOZ","direction":"1","color":"#048947","source_date":"2026-05-29","terminus":"SANTA MARÍA DE LA ALAMEDA","offset_index":-2}},{"type":"Feature","id":"cercanias-route-355","geometry":{"type":"LineString","coordinates":[[-3.53434,40.4427],[-3.52097,40.44562],[-3.49349,40.45157],[-3.47975,40.45458]]},"properties":{"kind":"route","mode":"cercanias","route":"C-8A","name":"Cercanías C-8A","destination":"TORREJÓN DE ARDOZ","direction":"2","color":"#048947","source_date":"2026-05-29","terminus":"GUADALAJARA","offset_index":2}},{"type":"Feature","id":"cercanias-route-356","geometry":{"type":"LineString","coordinates":[[-3.39292,40.48037],[-3.39969,40.4781],[-3.40476,40.47643],[-3.40951,40.47483],[-3.41716,40.47231],[-3.42604,40.46933],[-3.44154,40.46418]]},"properties":{"kind":"route","mode":"cercanias","route":"C-2","name":"Cercanías C-2","destination":"SOTO DEL HENARES","direction":"1","color":"#048947","source_date":"2026-05-29","terminus":"MADRID CHAMARTÍN-CLARA CAMPOAMOR","offset_index":4}},{"type":"Feature","id":"cercanias-route-357","geometry":{"type":"LineString","coordinates":[[-3.47975,40.45458],[-3.47857,40.45482],[-3.47371,40.4559],[-3.4636,40.45807],[-3.45303,40.46032],[-3.45155,40.46067],[-3.44936,40.46126],[-3.44139,40.46394]]},"properties":{"kind":"route","mode":"cercanias","route":"C-2","name":"Cercanías C-2","destination":"SOTO DEL HENARES","direction":"2","color":"#048947","source_date":"2026-05-29","terminus":"GUADALAJARA","offset_index":-4}},{"type":"Feature","id":"cercanias-route-358","geometry":{"type":"LineString","coordinates":[[-3.47975,40.45458],[-3.47857,40.45482],[-3.47371,40.4559],[-3.4636,40.45807],[-3.45303,40.46032],[-3.45155,40.46067],[-3.44936,40.46126],[-3.44139,40.46394]]},"properties":{"kind":"route","mode":"cercanias","route":"C-7","name":"Cercanías C-7","destination":"SOTO DEL HENARES","direction":"2","color":"#DF0221","source_date":"2026-05-29","terminus":"ALCALÁ DE HENARES","offset_index":1}},{"type":"Feature","id":"cercanias-route-359","geometry":{"type":"LineString","coordinates":[[-3.39292,40.48037],[-3.39969,40.4781],[-3.40476,40.47643],[-3.40951,40.47483],[-3.41716,40.47231],[-3.42604,40.46933],[-3.44154,40.46418]]},"properties":{"kind":"route","mode":"cercanias","route":"C-8B","name":"Cercanías C-8B","destination":"SOTO DEL HENARES","direction":"1","color":"#048947","source_date":"2026-05-29","terminus":"CERCEDILLA","offset_index":-3}},{"type":"Feature","id":"cercanias-route-360","geometry":{"type":"LineString","coordinates":[[-3.47975,40.45458],[-3.47857,40.45482],[-3.47371,40.4559],[-3.4636,40.45807],[-3.45303,40.46032],[-3.45155,40.46067],[-3.44936,40.46126],[-3.44139,40.46394]]},"properties":{"kind":"route","mode":"cercanias","route":"C-8B","name":"Cercanías C-8B","destination":"SOTO DEL HENARES","direction":"2","color":"#048947","source_date":"2026-05-29","terminus":"GUADALAJARA","offset_index":3}},{"type":"Feature","id":"cercanias-route-361","geometry":{"type":"LineString","coordinates":[[-3.39292,40.48037],[-3.39969,40.4781],[-3.40476,40.47643],[-3.40951,40.47483],[-3.41716,40.47231],[-3.42604,40.46933],[-3.44153,40.46418]]},"properties":{"kind":"route","mode":"cercanias","route":"C-7","name":"Cercanías C-7","destination":"SOTO DEL HENARES","direction":"1","color":"#DF0221","source_date":"2026-05-29","terminus":"PRÍNCIPE PÍO","offset_index":-1}},{"type":"Feature","id":"cercanias-route-362","geometry":{"type":"LineString","coordinates":[[-3.39292,40.48037],[-3.39969,40.4781],[-3.40476,40.47643],[-3.40951,40.47483],[-3.41716,40.47231],[-3.42604,40.46933],[-3.44154,40.46418]]},"properties":{"kind":"route","mode":"cercanias","route":"C-8A","name":"Cercanías C-8A","destination":"SOTO DEL HENARES","direction":"1","color":"#048947","source_date":"2026-05-29","terminus":"SANTA MARÍA DE LA ALAMEDA","offset_index":-2}},{"type":"Feature","id":"cercanias-route-363","geometry":{"type":"LineString","coordinates":[[-3.47975,40.45458],[-3.47857,40.45482],[-3.47371,40.4559],[-3.4636,40.45807],[-3.45303,40.46032],[-3.45155,40.46067],[-3.44936,40.46126],[-3.44139,40.46394]]},"properties":{"kind":"route","mode":"cercanias","route":"C-8A","name":"Cercanías C-8A","destination":"SOTO DEL HENARES","direction":"2","color":"#048947","source_date":"2026-05-29","terminus":"GUADALAJARA","offset_index":2}},{"type":"Feature","id":"cercanias-route-364","geometry":{"type":"LineString","coordinates":[[-3.89691,40.55223],[-3.89997,40.55825],[-3.90044,40.55908],[-3.90089,40.55971],[-3.90125,40.56009],[-3.90152,40.56032],[-3.90192,40.56062],[-3.90229,40.56085],[-3.90291,40.56118],[-3.90336,40.56136],[-3.90441,40.56168],[-3.90548,40.56188],[-3.90602,40.56192],[-3.90662,40.56192],[-3.90746,40.56184],[-3.90857,40.56165],[-3.91233,40.56095],[-3.91284,40.5609],[-3.91396,40.5609],[-3.91438,40.56094],[-3.91479,40.56098],[-3.91569,40.56117],[-3.92018,40.5624],[-3.92191,40.56292],[-3.92272,40.56324],[-3.92361,40.56374],[-3.92405,40.56406],[-3.92618,40.56592],[-3.92698,40.56647],[-3.92797,40.56698],[-3.92861,40.56721],[-3.9293,40.56739],[-3.93039,40.56758],[-3.93111,40.56766],[-3.93589,40.568],[-3.94137,40.56835],[-3.94302,40.56847],[-3.94532,40.56876],[-3.94625,40.56895],[-3.94751,40.56927],[-3.9485,40.56959],[-3.95002,40.57018],[-3.95123,40.57073],[-3.95179,40.57104],[-3.95249,40.57144],[-3.95352,40.5721],[-3.95621,40.57411]]},"properties":{"kind":"route","mode":"cercanias","route":"C-8B","name":"Cercanías C-8B","destination":"TORRELODONES","direction":"1","color":"#048947","source_date":"2026-05-29","terminus":"CERCEDILLA","offset_index":-3}},{"type":"Feature","id":"cercanias-route-365","geometry":{"type":"LineString","coordinates":[[-3.98182,40.60018],[-3.98149,40.60003],[-3.98097,40.59985],[-3.97868,40.5992],[-3.97731,40.59877],[-3.97693,40.59862],[-3.97636,40.59832],[-3.97564,40.59786],[-3.97507,40.59731],[-3.97465,40.59675],[-3.97427,40.59612],[-3.97414,40.59583],[-3.97336,40.59341],[-3.97311,40.59283],[-3.973,40.59263],[-3.97286,40.59241],[-3.97271,40.59224],[-3.97193,40.59142],[-3.97095,40.59075],[-3.9697,40.59012],[-3.96604,40.58841],[-3.96457,40.58766],[-3.96399,40.5872],[-3.96362,40.58687],[-3.96318,40.58631],[-3.96287,40.58584],[-3.96264,40.58542],[-3.96251,40.58504],[-3.96241,40.58427],[-3.96227,40.58246],[-3.96223,40.58171],[-3.96196,40.58036],[-3.96156,40.57926],[-3.96121,40.57858],[-3.96094,40.57815],[-3.96047,40.57751],[-3.95962,40.57662],[-3.95917,40.57621],[-3.95862,40.57577],[-3.95627,40.57406]]},"properties":{"kind":"route","mode":"cercanias","route":"C-8B","name":"Cercanías C-8B","destination":"TORRELODONES","direction":"2","color":"#048947","source_date":"2026-05-29","terminus":"GUADALAJARA","offset_index":3}},{"type":"Feature","id":"cercanias-route-366","geometry":{"type":"LineString","coordinates":[[-3.89691,40.55223],[-3.89997,40.55825],[-3.90044,40.55908],[-3.90089,40.55971],[-3.90125,40.56009],[-3.90152,40.56032],[-3.90192,40.56062],[-3.90229,40.56085],[-3.90291,40.56118],[-3.90336,40.56136],[-3.90441,40.56168],[-3.90548,40.56188],[-3.90602,40.56192],[-3.90662,40.56192],[-3.90746,40.56184],[-3.90857,40.56165],[-3.91233,40.56095],[-3.91284,40.5609],[-3.91396,40.5609],[-3.91438,40.56094],[-3.91479,40.56098],[-3.91569,40.56117],[-3.92018,40.5624],[-3.92191,40.56292],[-3.92272,40.56324],[-3.92361,40.56374],[-3.92405,40.56406],[-3.92618,40.56592],[-3.92698,40.56647],[-3.92797,40.56698],[-3.92861,40.56721],[-3.9293,40.56739],[-3.93039,40.56758],[-3.93111,40.56766],[-3.93589,40.568],[-3.94137,40.56835],[-3.94302,40.56847],[-3.94532,40.56876],[-3.94625,40.56895],[-3.94751,40.56927],[-3.9485,40.56959],[-3.95002,40.57018],[-3.95123,40.57073],[-3.95179,40.57104],[-3.95249,40.57144],[-3.95352,40.5721],[-3.95621,40.57411]]},"properties":{"kind":"route","mode":"cercanias","route":"C-8A","name":"Cercanías C-8A","destination":"TORRELODONES","direction":"1","color":"#048947","source_date":"2026-05-29","terminus":"SANTA MARÍA DE LA ALAMEDA","offset_index":-2}},{"type":"Feature","id":"cercanias-route-367","geometry":{"type":"LineString","coordinates":[[-3.98182,40.60018],[-3.98149,40.60003],[-3.98097,40.59985],[-3.97868,40.5992],[-3.97731,40.59877],[-3.97693,40.59862],[-3.97636,40.59832],[-3.97564,40.59786],[-3.97507,40.59731],[-3.97465,40.59675],[-3.97427,40.59612],[-3.97414,40.59583],[-3.97336,40.59341],[-3.97311,40.59283],[-3.973,40.59263],[-3.97286,40.59241],[-3.97271,40.59224],[-3.97193,40.59142],[-3.97095,40.59075],[-3.9697,40.59012],[-3.96604,40.58841],[-3.96457,40.58766],[-3.96399,40.5872],[-3.96362,40.58687],[-3.96318,40.58631],[-3.96287,40.58584],[-3.96264,40.58542],[-3.96251,40.58504],[-3.96241,40.58427],[-3.96227,40.58246],[-3.96223,40.58171],[-3.96196,40.58036],[-3.96156,40.57926],[-3.96121,40.57858],[-3.96094,40.57815],[-3.96047,40.57751],[-3.95962,40.57662],[-3.95917,40.57621],[-3.95862,40.57577],[-3.95627,40.57406]]},"properties":{"kind":"route","mode":"cercanias","route":"C-8A","name":"Cercanías C-8A","destination":"TORRELODONES","direction":"2","color":"#048947","source_date":"2026-05-29","terminus":"GUADALAJARA","offset_index":2}},{"type":"Feature","id":"cercanias-route-368","geometry":{"type":"LineString","coordinates":[[-3.98182,40.60018],[-3.98149,40.60003],[-3.98097,40.59985],[-3.97868,40.5992],[-3.97731,40.59877],[-3.97693,40.59862],[-3.97636,40.59832],[-3.97564,40.59786],[-3.97507,40.59731],[-3.97465,40.59675],[-3.97427,40.59612],[-3.97414,40.59583],[-3.97336,40.59341],[-3.97311,40.59283],[-3.973,40.59263],[-3.97286,40.59241],[-3.97271,40.59224],[-3.97193,40.59142],[-3.97095,40.59075],[-3.9697,40.59012],[-3.96604,40.58841],[-3.96457,40.58766],[-3.96399,40.5872],[-3.96362,40.58687],[-3.96318,40.58631],[-3.96287,40.58584],[-3.96264,40.58542],[-3.96251,40.58504],[-3.96241,40.58427],[-3.96227,40.58246],[-3.96223,40.58171],[-3.96196,40.58036],[-3.96156,40.57926],[-3.96121,40.57858],[-3.96094,40.57815],[-3.96047,40.57751],[-3.95962,40.57662],[-3.95917,40.57621],[-3.95862,40.57577],[-3.95627,40.57406]]},"properties":{"kind":"route","mode":"cercanias","route":"C-10","name":"Cercanías C-10","destination":"TORRELODONES","direction":"1","color":"#90B70E","source_date":"2026-05-29","terminus":"MADRID CHAMARTÍN-CLARA CAMPOAMOR","offset_index":5}},{"type":"Feature","id":"cercanias-route-369","geometry":{"type":"LineString","coordinates":[[-3.89691,40.55223],[-3.89997,40.55825],[-3.90044,40.55908],[-3.90089,40.55971],[-3.90125,40.56009],[-3.90152,40.56032],[-3.90192,40.56062],[-3.90229,40.56085],[-3.90291,40.56118],[-3.90336,40.56136],[-3.90441,40.56168],[-3.90548,40.56188],[-3.90602,40.56192],[-3.90662,40.56192],[-3.90746,40.56184],[-3.90857,40.56165],[-3.91233,40.56095],[-3.91284,40.5609],[-3.91396,40.5609],[-3.91438,40.56094],[-3.91479,40.56098],[-3.91569,40.56117],[-3.92018,40.5624],[-3.92191,40.56292],[-3.92272,40.56324],[-3.92361,40.56374],[-3.92405,40.56406],[-3.92618,40.56592],[-3.92698,40.56647],[-3.92797,40.56698],[-3.92861,40.56721],[-3.9293,40.56739],[-3.93039,40.56758],[-3.93111,40.56766],[-3.93589,40.568],[-3.94137,40.56835],[-3.94302,40.56847],[-3.94532,40.56876],[-3.94625,40.56895],[-3.94751,40.56927],[-3.9485,40.56959],[-3.95002,40.57018],[-3.95123,40.57073],[-3.95179,40.57104],[-3.95249,40.57144],[-3.95352,40.5721],[-3.95621,40.57411]]},"properties":{"kind":"route","mode":"cercanias","route":"C-10","name":"Cercanías C-10","destination":"TORRELODONES","direction":"2","color":"#90B70E","source_date":"2026-05-29","terminus":"VILLALBA DE GUADARRAMA","offset_index":-5}},{"type":"Feature","id":"cercanias-route-370","geometry":{"type":"LineString","coordinates":[[-3.60992,40.15908],[-3.61122,40.16246],[-3.61148,40.16299],[-3.61188,40.16365],[-3.61234,40.16428],[-3.61275,40.16477],[-3.61538,40.16731],[-3.6161,40.16796],[-3.61743,40.16902],[-3.61824,40.16953],[-3.6193,40.17016],[-3.62045,40.17072],[-3.62114,40.17103],[-3.6222,40.17158],[-3.62779,40.17507],[-3.62822,40.17531],[-3.6291,40.17568],[-3.63085,40.17636],[-3.63153,40.17672],[-3.63253,40.17732],[-3.63334,40.178],[-3.63401,40.17868],[-3.63422,40.17896],[-3.63548,40.18094],[-3.63567,40.1812],[-3.63592,40.18149],[-3.63643,40.182],[-3.63721,40.18264],[-3.63789,40.18308],[-3.63847,40.18341],[-3.63946,40.18388],[-3.64039,40.1842],[-3.64137,40.18448],[-3.64226,40.18461],[-3.64308,40.1847],[-3.64598,40.18478],[-3.64768,40.185],[-3.64838,40.18516],[-3.64925,40.18543],[-3.65014,40.18576],[-3.65265,40.18681],[-3.65467,40.18763],[-3.6559,40.18818],[-3.65663,40.18857],[-3.6602,40.1909],[-3.66111,40.19162],[-3.66243,40.1929],[-3.6627,40.19324],[-3.66344,40.19425],[-3.66469,40.19609]]},"properties":{"kind":"route","mode":"cercanias","route":"C-3","name":"Cercanías C-3","destination":"VALDEMORO","direction":"1","color":"#A02E86","source_date":"2026-05-29","terminus":"MADRID CHAMARTÍN-CLARA CAMPOAMOR","offset_index":3}},{"type":"Feature","id":"cercanias-route-371","geometry":{"type":"LineString","coordinates":[[-3.70385,40.2428],[-3.70381,40.24042],[-3.70366,40.23925],[-3.70324,40.23801],[-3.70295,40.23747],[-3.70255,40.23691],[-3.70197,40.23622],[-3.70145,40.23567],[-3.69466,40.22934],[-3.69234,40.22723],[-3.69186,40.22675],[-3.69109,40.2259],[-3.69072,40.22546],[-3.68998,40.22438],[-3.68971,40.22375],[-3.68955,40.22324],[-3.68917,40.2219],[-3.68896,40.22135],[-3.68872,40.22082],[-3.68824,40.22011],[-3.68756,40.21932],[-3.68705,40.21883],[-3.68613,40.21814],[-3.68562,40.21783],[-3.68412,40.21708],[-3.68368,40.21683],[-3.68334,40.21663],[-3.68275,40.21621],[-3.68246,40.21598],[-3.68206,40.21562],[-3.68146,40.21498],[-3.68035,40.21359],[-3.6796,40.21284],[-3.67919,40.21247],[-3.67835,40.21183],[-3.67765,40.21139],[-3.67636,40.21063],[-3.67551,40.21008],[-3.67476,40.20956],[-3.67405,40.20899],[-3.67323,40.20824],[-3.67255,40.20746],[-3.67234,40.20718],[-3.66906,40.20242],[-3.66597,40.19783],[-3.66494,40.19641],[-3.66474,40.19607]]},"properties":{"kind":"route","mode":"cercanias","route":"C-3","name":"Cercanías C-3","destination":"VALDEMORO","direction":"2","color":"#A02E86","source_date":"2026-05-29","terminus":"ARANJUEZ","offset_index":-3}},{"type":"Feature","id":"cercanias-route-372","geometry":{"type":"LineString","coordinates":[[-4.13216,40.58522],[-4.13238,40.58427],[-4.1326,40.58359],[-4.13295,40.583],[-4.13314,40.58273],[-4.13334,40.58251],[-4.13397,40.58199],[-4.13448,40.58169],[-4.13682,40.58042],[-4.13751,40.57996],[-4.13806,40.57957],[-4.13832,40.57933],[-4.13863,40.57901],[-4.13923,40.57833],[-4.13969,40.57763],[-4.13981,40.57738],[-4.13995,40.57709],[-4.14018,40.57645],[-4.14111,40.57324],[-4.14169,40.57104],[-4.1419,40.57033],[-4.14199,40.56983],[-4.142,40.56866],[-4.14196,40.56838],[-4.14187,40.56792],[-4.14175,40.5675],[-4.14138,40.56659],[-4.14096,40.56587],[-4.14078,40.56562],[-4.14005,40.5648],[-4.1387,40.56344],[-4.13808,40.56266],[-4.13768,40.56193],[-4.13756,40.56159],[-4.13736,40.5607],[-4.13735,40.56043],[-4.13744,40.55938],[-4.13767,40.55867],[-4.13782,40.55833],[-4.13801,40.55798],[-4.13842,40.5574],[-4.13868,40.5571],[-4.14184,40.55412],[-4.14249,40.55334],[-4.14294,40.55257],[-4.14312,40.55214],[-4.14425,40.54875],[-4.14443,40.5481],[-4.14488,40.5467],[-4.14522,40.54577],[-4.14577,40.54472],[-4.14663,40.54357],[-4.14722,40.54294],[-4.14776,40.54247],[-4.14832,40.54202],[-4.14904,40.54156],[-4.1495,40.54129],[-4.15004,40.54101],[-4.15092,40.54064],[-4.15206,40.54022],[-4.15311,40.53992],[-4.15816,40.53859]]},"properties":{"kind":"route","mode":"cercanias","route":"C-8A","name":"Cercanías C-8A","destination":"ZARZALEJO","direction":"1","color":"#048947","source_date":"2026-05-29","terminus":"SANTA MARÍA DE LA ALAMEDA","offset_index":-2}},{"type":"Feature","id":"cercanias-route-373","geometry":{"type":"LineString","coordinates":[[-4.24664,40.52075],[-4.24605,40.52029],[-4.24547,40.51989],[-4.24483,40.51962],[-4.24419,40.51938],[-4.24348,40.51921],[-4.24275,40.51911],[-4.24204,40.51911],[-4.2414,40.51916],[-4.24083,40.51926],[-4.24021,40.51945],[-4.23974,40.51964],[-4.23872,40.52011],[-4.23604,40.5215],[-4.23443,40.5223],[-4.23395,40.5225],[-4.23323,40.52275],[-4.22989,40.52363],[-4.22898,40.52399],[-4.22765,40.52463],[-4.22573,40.52562],[-4.22526,40.52581],[-4.22433,40.52609],[-4.22209,40.52669],[-4.22166,40.52684],[-4.2208,40.52727],[-4.21932,40.52824],[-4.2184,40.52879],[-4.21591,40.53041],[-4.21493,40.53097],[-4.21445,40.53119],[-4.21395,40.53136],[-4.21319,40.53155],[-4.21277,40.53161],[-4.21171,40.53166],[-4.21112,40.53164],[-4.20857,40.53124],[-4.20786,40.53116],[-4.20725,40.53111],[-4.20667,40.53111],[-4.20605,40.53113],[-4.20483,40.53132],[-4.20435,40.53142],[-4.20393,40.53156],[-4.20319,40.53186],[-4.2027,40.53208],[-4.19892,40.53395],[-4.19854,40.53418],[-4.19794,40.53458],[-4.19484,40.53703],[-4.19384,40.53763],[-4.19299,40.53807],[-4.19236,40.53836],[-4.19104,40.53886],[-4.19026,40.53907],[-4.18841,40.53945],[-4.17826,40.54054],[-4.17727,40.5406],[-4.17661,40.54061],[-4.17607,40.54058],[-4.1755,40.54051],[-4.17436,40.54028],[-4.17347,40.54002],[-4.17308,40.53987],[-4.17124,40.53895],[-4.16987,40.53819],[-4.16882,40.53771],[-4.16755,40.53736],[-4.16686,40.53724],[-4.16593,40.53714],[-4.16508,40.5371],[-4.16409,40.53712],[-4.16385,40.53718],[-4.1633,40.53727],[-4.16062,40.5379],[-4.15814,40.53856]]},"properties":{"kind":"route","mode":"cercanias","route":"C-8A","name":"Cercanías C-8A","destination":"ZARZALEJO","direction":"2","color":"#048947","source_date":"2026-05-29","terminus":"GUADALAJARA","offset_index":2}},{"type":"Feature","id":"cercanias-route-374","geometry":{"type":"LineString","coordinates":[[-3.71411,40.55829],[-3.71585,40.56377],[-3.71598,40.56434],[-3.71601,40.56471],[-3.716,40.56523],[-3.71587,40.5658],[-3.71571,40.56633],[-3.71545,40.56692],[-3.71477,40.56792],[-3.71242,40.57109],[-3.71195,40.5718],[-3.71156,40.57256],[-3.71128,40.5733],[-3.71105,40.57427],[-3.7103,40.5779],[-3.71015,40.57884],[-3.71014,40.57953],[-3.71025,40.58071],[-3.71132,40.59008],[-3.71133,40.59066],[-3.7115,40.59189],[-3.71175,40.59277],[-3.71191,40.59326],[-3.71265,40.59437],[-3.71439,40.59663],[-3.71572,40.59841]]},"properties":{"kind":"route","mode":"cercanias","route":"C-4B","name":"Cercanías C-4B","destination":"TRES CANTOS","direction":"1","color":"#0058A0","source_date":"2026-05-29","terminus":"COLMENAR VIEJO","offset_index":1}},{"type":"Feature","id":"cercanias-route-375","geometry":{"type":"LineString","coordinates":[[-3.77601,40.64495],[-3.77241,40.64488],[-3.77092,40.64482],[-3.76977,40.64484],[-3.76922,40.64489],[-3.76875,40.64497],[-3.7683,40.64506],[-3.76751,40.6453],[-3.76649,40.64573],[-3.76052,40.64926],[-3.7557,40.65208],[-3.75518,40.65236],[-3.75395,40.65284],[-3.75333,40.653],[-3.75248,40.65315],[-3.7519,40.6532],[-3.75098,40.65318],[-3.74988,40.65306],[-3.74909,40.6529],[-3.74834,40.65266],[-3.7476,40.65233],[-3.74331,40.65],[-3.74251,40.64964],[-3.73945,40.64844],[-3.73882,40.64823],[-3.73812,40.64805],[-3.73713,40.64789],[-3.73658,40.64786],[-3.73564,40.64789],[-3.73093,40.64859],[-3.73017,40.64864],[-3.72936,40.64863],[-3.72862,40.64856],[-3.72799,40.64843],[-3.72747,40.6483],[-3.72702,40.64816],[-3.72615,40.64781],[-3.72575,40.64759],[-3.72509,40.64716],[-3.72477,40.64691],[-3.72439,40.64656],[-3.72379,40.64587],[-3.72347,40.64535],[-3.72324,40.64486],[-3.72309,40.64441],[-3.72297,40.64382],[-3.72294,40.64338],[-3.72294,40.64305],[-3.72302,40.64252],[-3.72313,40.64202],[-3.72334,40.64151],[-3.72357,40.64107],[-3.72395,40.64054],[-3.72451,40.63994],[-3.72517,40.63939],[-3.7272,40.63796],[-3.72791,40.63733],[-3.7282,40.63698],[-3.72853,40.63654],[-3.72873,40.63616],[-3.72894,40.63565],[-3.72908,40.63511],[-3.72915,40.63463],[-3.72917,40.63331],[-3.72956,40.62129],[-3.72955,40.62059],[-3.7295,40.62024],[-3.72937,40.61975],[-3.7292,40.61931],[-3.72889,40.61871],[-3.72844,40.61811],[-3.72799,40.61764],[-3.72723,40.61696],[-3.72267,40.61307],[-3.72183,40.61233],[-3.72142,40.61189],[-3.72094,40.61122],[-3.72072,40.61077],[-3.72058,40.61042],[-3.72048,40.61008],[-3.72031,40.60911],[-3.72009,40.60748],[-3.71963,40.60467],[-3.71946,40.60399],[-3.71922,40.60331],[-3.71892,40.60267],[-3.7183,40.6016],[-3.71682,40.59969],[-3.71577,40.59838]]},"properties":{"kind":"route","mode":"cercanias","route":"C-4B","name":"Cercanías C-4B","destination":"TRES CANTOS","direction":"2","color":"#0058A0","source_date":"2026-05-29","terminus":"PARLA","offset_index":-1}},{"type":"Feature","id":"cercanias-route-376","geometry":{"type":"LineString","coordinates":[[-4.00465,40.7843],[-4.00424,40.7845],[-4.00381,40.78475],[-4.00357,40.78501],[-4.00355,40.78514],[-4.00359,40.78586],[-4.00327,40.78855],[-4.00295,40.79101],[-4.00278,40.79123],[-4.00246,40.7914],[-4.00004,40.79196],[-3.99971,40.79209],[-3.99949,40.79227],[-3.99934,40.79248],[-3.99921,40.7934],[-3.99912,40.79363],[-3.999,40.79377],[-3.99591,40.796],[-3.9956,40.79619],[-3.99545,40.79626],[-3.99515,40.79633],[-3.99476,40.79634],[-3.99444,40.79623],[-3.99071,40.79382],[-3.99039,40.79371],[-3.98983,40.79372],[-3.98956,40.79379],[-3.98931,40.79394],[-3.98916,40.7941],[-3.98907,40.79426],[-3.98903,40.79437],[-3.98899,40.79577],[-3.9889,40.79611],[-3.98881,40.79623],[-3.98861,40.79636],[-3.98831,40.79647],[-3.987,40.79665],[-3.98687,40.79671],[-3.98677,40.7968],[-3.98661,40.79698],[-3.98656,40.79707],[-3.98652,40.7973],[-3.98656,40.7975],[-3.98675,40.79782],[-3.98701,40.79811],[-3.98706,40.79821],[-3.9871,40.79846],[-3.98708,40.79866],[-3.98701,40.79881],[-3.98646,40.79953],[-3.98634,40.79974],[-3.98632,40.79984],[-3.9863,40.80008],[-3.98632,40.80023],[-3.98656,40.80109],[-3.98657,40.8012],[-3.9865,40.80145],[-3.98643,40.80157],[-3.98625,40.80171],[-3.98605,40.80181],[-3.98481,40.80215],[-3.98442,40.80229],[-3.98383,40.8027],[-3.98345,40.80304],[-3.98266,40.80368],[-3.98221,40.80388],[-3.98163,40.80409],[-3.98129,40.80429],[-3.98108,40.80454],[-3.98101,40.80469],[-3.98095,40.80494],[-3.98095,40.80574],[-3.98092,40.80592],[-3.98073,40.80633],[-3.9807,40.80646],[-3.9807,40.80662],[-3.98074,40.80679],[-3.98082,40.80695],[-3.98108,40.80722],[-3.98155,40.80759],[-3.98165,40.80773],[-3.98179,40.80803],[-3.98235,40.80957],[-3.9824,40.80995],[-3.98238,40.8101],[-3.98232,40.81032],[-3.98224,40.81047],[-3.98202,40.81068],[-3.98146,40.81096],[-3.98049,40.81131],[-3.97857,40.81154],[-3.97825,40.8116],[-3.97811,40.81169],[-3.97788,40.8119],[-3.9778,40.81206],[-3.97768,40.81331],[-3.97748,40.81364],[-3.9773,40.81381],[-3.97597,40.81477],[-3.97581,40.81488],[-3.97554,40.81498],[-3.97522,40.81499],[-3.9749,40.81494],[-3.9746,40.81476],[-3.97394,40.81404],[-3.97365,40.81387],[-3.97331,40.81377],[-3.97261,40.8137],[-3.97206,40.8137],[-3.97116,40.81381],[-3.97086,40.81388],[-3.97057,40.81399],[-3.97021,40.81428],[-3.96972,40.81477],[-3.96907,40.81532],[-3.96832,40.81592],[-3.96818,40.81609],[-3.96811,40.81621],[-3.96809,40.81658],[-3.96816,40.81683],[-3.96849,40.81775],[-3.96849,40.81802],[-3.96847,40.81813],[-3.96839,40.81827],[-3.96828,40.81838],[-3.96756,40.819],[-3.96731,40.81927],[-3.96683,40.82048],[-3.96677,40.8206],[-3.96641,40.82097],[-3.9646,40.82233]]},"properties":{"kind":"route","mode":"cercanias","route":"C-9","name":"Cercanías C-9","destination":"COTOS","direction":"1","color":"#F95900","source_date":"2026-05-29","terminus":"COTOS","offset_index":4}},{"type":"Feature","id":"cercanias-station-1","geometry":{"type":"Point","coordinates":[-3.69872,40.33191]},"properties":{"kind":"station","mode":"cercanias","id":"70","name":"SAN CRISTÓBAL INDUSTRIAL","routes":"C-3","route_keys":"|C-3|","accessible":"","source_date":"2026-05-29"}},{"type":"Feature","id":"cercanias-station-2","geometry":{"type":"Point","coordinates":[-3.68385,40.34236]},"properties":{"kind":"station","mode":"cercanias","id":"69","name":"SAN CRISTÓBAL DE LOS ANGELES","routes":"C-3","route_keys":"|C-3|","accessible":"Step-free access","source_date":"2026-05-29"}},{"type":"Feature","id":"cercanias-station-3","geometry":{"type":"Point","coordinates":[-3.65434,40.54745]},"properties":{"kind":"station","mode":"cercanias","id":"85","name":"VALDELASFUENTES","routes":"C-4","route_keys":"|C-4|","accessible":"Step-free access","source_date":"2026-05-29"}},{"type":"Feature","id":"cercanias-station-4","geometry":{"type":"Point","coordinates":[-3.68334,40.55406]},"properties":{"kind":"station","mode":"cercanias","id":"84","name":"UNIVERSIDAD P. COMILLAS","routes":"C-4","route_keys":"|C-4|","accessible":"Step-free access","source_date":"2026-05-29"}},{"type":"Feature","id":"cercanias-station-5","geometry":{"type":"Point","coordinates":[-3.70034,40.54378]},"properties":{"kind":"station","mode":"cercanias","id":"15","name":"CANTOBLANCO UNIVERSIDAD","routes":"C-4","route_keys":"|C-4|","accessible":"Step-free access","source_date":"2026-05-29"}},{"type":"Feature","id":"cercanias-station-6","geometry":{"type":"Point","coordinates":[-3.68234,40.50156]},"properties":{"kind":"station","mode":"cercanias","id":"31","name":"FUENCARRAL","routes":"C-4","route_keys":"|C-4|","accessible":"Step-free access","source_date":"2026-05-29"}},{"type":"Feature","id":"cercanias-station-7","geometry":{"type":"Point","coordinates":[-3.7483,40.34085]},"properties":{"kind":"station","mode":"cercanias","id":"95","name":"ZARZAQUEMADA","routes":"C-5","route_keys":"|C-5|","accessible":"","source_date":"2026-05-29"}},{"type":"Feature","id":"cercanias-station-8","geometry":{"type":"Point","coordinates":[-3.69086,40.42341]},"properties":{"kind":"station","mode":"cercanias","id":"65","name":"RECOLETOS","routes":"C-10, C-2, C-7, C-8A, C-8B","route_keys":"|C-10|C-2|C-7|C-8A|C-8B|","accessible":"","source_date":"2026-05-29"}},{"type":"Feature","id":"cercanias-station-9","geometry":{"type":"Point","coordinates":[-3.69861,40.37896]},"properties":{"kind":"station","mode":"cercanias","id":"26","name":"DOCE DE OCTUBRE","routes":"C-5","route_keys":"|C-5|","accessible":"","source_date":"2026-05-29"}},{"type":"Feature","id":"cercanias-station-10","geometry":{"type":"Point","coordinates":[-3.95654,40.57451]},"properties":{"kind":"station","mode":"cercanias","id":"82","name":"TORRELODONES","routes":"C-10, C-8A, C-8B","route_keys":"|C-10|C-8A|C-8B|","accessible":"","source_date":"2026-05-29"}},{"type":"Feature","id":"cercanias-station-11","geometry":{"type":"Point","coordinates":[-3.33541,40.50534]},"properties":{"kind":"station","mode":"cercanias","id":"3","name":"ALCALÁ DE HENARES UNIVERSIDAD","routes":"C-2, C-8A, C-8B","route_keys":"|C-2|C-8A|C-8B|","accessible":"","source_date":"2026-05-29"}},{"type":"Feature","id":"cercanias-station-12","geometry":{"type":"Point","coordinates":[-4.00473,40.78441]},"properties":{"kind":"station","mode":"cercanias","id":"63","name":"PUERTO NAVACERRADA","routes":"C-9","route_keys":"|C-9|","accessible":"","source_date":"2026-05-29"}},{"type":"Feature","id":"cercanias-station-13","geometry":{"type":"Point","coordinates":[-3.26546,40.56103]},"properties":{"kind":"station","mode":"cercanias","id":"12","name":"AZUQUECA","routes":"C-2, C-8A, C-8B","route_keys":"|C-2|C-8A|C-8B|","accessible":"","source_date":"2026-05-29"}},{"type":"Feature","id":"cercanias-station-14","geometry":{"type":"Point","coordinates":[-3.29866,40.53462]},"properties":{"kind":"station","mode":"cercanias","id":"45","name":"MECO","routes":"C-2, C-8A, C-8B","route_keys":"|C-2|C-8A|C-8B|","accessible":"","source_date":"2026-05-29"}},{"type":"Feature","id":"cercanias-station-15","geometry":{"type":"Point","coordinates":[-3.84534,40.47428]},"properties":{"kind":"station","mode":"cercanias","id":"42","name":"MAJADAHONDA","routes":"C-10, C-7","route_keys":"|C-10|C-7|","accessible":"","source_date":"2026-05-29"}},{"type":"Feature","id":"cercanias-station-16","geometry":{"type":"Point","coordinates":[-3.80774,40.46537]},"properties":{"kind":"station","mode":"cercanias","id":"13","name":"BARRIAL-C.COM.POZUELO, EL","routes":"C-10, C-7","route_keys":"|C-10|C-7|","accessible":"","source_date":"2026-05-29"}},{"type":"Feature","id":"cercanias-station-17","geometry":{"type":"Point","coordinates":[-3.89683,40.55252]},"properties":{"kind":"station","mode":"cercanias","id":"44","name":"MATAS, LAS","routes":"C-10, C-8A, C-8B","route_keys":"|C-10|C-8A|C-8B|","accessible":"","source_date":"2026-05-29"}},{"type":"Feature","id":"cercanias-station-18","geometry":{"type":"Point","coordinates":[-3.88216,40.5223]},"properties":{"kind":"station","mode":"cercanias","id":"55","name":"PINAR DE LAS ROZAS","routes":"C-10, C-8A, C-8B","route_keys":"|C-10|C-8A|C-8B|","accessible":"","source_date":"2026-05-29"}},{"type":"Feature","id":"cercanias-station-19","geometry":{"type":"Point","coordinates":[-3.86812,40.49423]},"properties":{"kind":"station","mode":"cercanias","id":"68","name":"ROZAS, LAS","routes":"C-10, C-7","route_keys":"|C-10|C-7|","accessible":"","source_date":"2026-05-29"}},{"type":"Feature","id":"cercanias-station-20","geometry":{"type":"Point","coordinates":[-3.39317,40.48043]},"properties":{"kind":"station","mode":"cercanias","id":"106","name":"GARENA, LA","routes":"C-2, C-7, C-8A, C-8B","route_keys":"|C-2|C-7|C-8A|C-8B|","accessible":"","source_date":"2026-05-29"}},{"type":"Feature","id":"cercanias-station-21","geometry":{"type":"Point","coordinates":[-3.53385,40.44266]},"properties":{"kind":"station","mode":"cercanias","id":"71","name":"SAN FERNANDO","routes":"C-2, C-7, C-8A, C-8B","route_keys":"|C-2|C-7|C-8A|C-8B|","accessible":"","source_date":"2026-05-29"}},{"type":"Feature","id":"cercanias-station-22","geometry":{"type":"Point","coordinates":[-3.81588,40.35653]},"properties":{"kind":"station","mode":"cercanias","id":"72","name":"SAN JOSÉ DE VALDERAS","routes":"C-5","route_keys":"|C-5|","accessible":"","source_date":"2026-05-29"}},{"type":"Feature","id":"cercanias-station-23","geometry":{"type":"Point","coordinates":[-3.70516,40.35028]},"properties":{"kind":"station","mode":"cercanias","id":"62","name":"PUENTE ALCOCER","routes":"C-5","route_keys":"|C-5|","accessible":"","source_date":"2026-05-29"}},{"type":"Feature","id":"cercanias-station-24","geometry":{"type":"Point","coordinates":[-3.65623,40.3759]},"properties":{"kind":"station","mode":"cercanias","id":"59","name":"POZO, EL","routes":"C-2, C-7, C-8A, C-8B","route_keys":"|C-2|C-7|C-8A|C-8B|","accessible":"","source_date":"2026-05-29"}},{"type":"Feature","id":"cercanias-station-25","geometry":{"type":"Point","coordinates":[-3.62455,40.38221]},"properties":{"kind":"station","mode":"cercanias","id":"87","name":"VALLECAS","routes":"C-2, C-7, C-8A, C-8B","route_keys":"|C-2|C-7|C-8A|C-8B|","accessible":"","source_date":"2026-05-29"}},{"type":"Feature","id":"cercanias-station-26","geometry":{"type":"Point","coordinates":[-3.69234,40.44662]},"properties":{"kind":"station","mode":"cercanias","id":"51","name":"NUEVOS MINISTERIOS","routes":"C-10, C-2, C-3, C-4, C-7, C-8A, C-8B","route_keys":"|C-10|C-2|C-3|C-4|C-7|C-8A|C-8B|","accessible":"Step-free access","source_date":"2026-05-29"}},{"type":"Feature","id":"cercanias-station-27","geometry":{"type":"Point","coordinates":[-3.71193,40.34123]},"properties":{"kind":"station","mode":"cercanias","id":"92","name":"VILLAVERDE ALTO","routes":"C-4, C-5","route_keys":"|C-4|C-5|","accessible":"Step-free access","source_date":"2026-05-29"}},{"type":"Feature","id":"cercanias-station-28","geometry":{"type":"Point","coordinates":[-3.6893,40.40659]},"properties":{"kind":"station","mode":"cercanias","id":"11","name":"MADRID ATOCHA CERCANÍAS","routes":"C-10, C-2, C-3, C-4, C-5, C-7, C-8A, C-8B","route_keys":"|C-10|C-2|C-3|C-4|C-5|C-7|C-8A|C-8B|","accessible":"Step-free access","source_date":"2026-05-29"}},{"type":"Feature","id":"cercanias-station-31","geometry":{"type":"Point","coordinates":[-4.0659,40.73757]},"properties":{"kind":"station","mode":"cercanias","id":"16","name":"CERCEDILLA","routes":"C-8B, C-9","route_keys":"|C-8B|C-9|","accessible":"","source_date":"2026-05-29"}},{"type":"Feature","id":"cercanias-station-32","geometry":{"type":"Point","coordinates":[-3.70442,40.36691]},"properties":{"kind":"station","mode":"cercanias","id":"52","name":"ORCASITAS","routes":"C-5","route_keys":"|C-5|","accessible":"","source_date":"2026-05-29"}},{"type":"Feature","id":"cercanias-station-33","geometry":{"type":"Point","coordinates":[-3.82847,40.25565]},"properties":{"kind":"station","mode":"cercanias","id":"104","name":"HUMANES","routes":"C-5","route_keys":"|C-5|","accessible":"","source_date":"2026-05-29"}},{"type":"Feature","id":"cercanias-station-35","geometry":{"type":"Point","coordinates":[-3.79248,40.29672]},"properties":{"kind":"station","mode":"cercanias","id":"77","name":"SERNA, LA","routes":"C-5","route_keys":"|C-5|","accessible":"","source_date":"2026-05-29"}},{"type":"Feature","id":"cercanias-station-36","geometry":{"type":"Point","coordinates":[-3.73734,40.28824]},"properties":{"kind":"station","mode":"cercanias","id":"36","name":"GETAFE SECTOR 3","routes":"C-4","route_keys":"|C-4|","accessible":"Step-free access","source_date":"2026-05-29"}},{"type":"Feature","id":"cercanias-station-37","geometry":{"type":"Point","coordinates":[-3.72737,40.32304]},"properties":{"kind":"station","mode":"cercanias","id":"43","name":"MARGARITAS-UNIVERSIDAD, LAS","routes":"C-4","route_keys":"|C-4|","accessible":"Step-free access","source_date":"2026-05-29"}},{"type":"Feature","id":"cercanias-station-38","geometry":{"type":"Point","coordinates":[-3.68398,40.35264]},"properties":{"kind":"station","mode":"cercanias","id":"93","name":"VILLAVERDE BAJO","routes":"C-3, C-4","route_keys":"|C-3|C-4|","accessible":"Step-free access","source_date":"2026-05-29"}},{"type":"Feature","id":"cercanias-station-39","geometry":{"type":"Point","coordinates":[-4.0081,40.62637]},"properties":{"kind":"station","mode":"cercanias","id":"91","name":"VILLALBA DE GUADARRAMA","routes":"C-10, C-8A, C-8B","route_keys":"|C-10|C-8A|C-8B|","accessible":"","source_date":"2026-05-29"}},{"type":"Feature","id":"cercanias-station-42","geometry":{"type":"Point","coordinates":[-3.96452,40.82226]},"properties":{"kind":"station","mode":"cercanias","id":"23","name":"COTOS","routes":"C-9","route_keys":"|C-9|","accessible":"","source_date":"2026-05-29"}},{"type":"Feature","id":"cercanias-station-46","geometry":{"type":"Point","coordinates":[-3.59333,40.49177]},"properties":{"kind":"station","mode":"cercanias","id":"142","name":"AEROPUERTO T4","routes":"C-1","route_keys":"|C-1|","accessible":"","source_date":"2026-05-29"}},{"type":"Feature","id":"cercanias-station-50","geometry":{"type":"Point","coordinates":[-3.80012,40.44727]},"properties":{"kind":"station","mode":"cercanias","id":"60","name":"POZUELO","routes":"C-10, C-7","route_keys":"|C-10|C-7|","accessible":"","source_date":"2026-05-29"}},{"type":"Feature","id":"cercanias-station-51","geometry":{"type":"Point","coordinates":[-3.18239,40.64408]},"properties":{"kind":"station","mode":"cercanias","id":"38","name":"GUADALAJARA","routes":"C-2, C-8A, C-8B","route_keys":"|C-2|C-8A|C-8B|","accessible":"","source_date":"2026-05-29"}},{"type":"Feature","id":"cercanias-station-52","geometry":{"type":"Point","coordinates":[-3.77573,40.64497]},"properties":{"kind":"station","mode":"cercanias","id":"21","name":"COLMENAR VIEJO","routes":"C-4","route_keys":"|C-4|","accessible":"Step-free access","source_date":"2026-05-29"}},{"type":"Feature","id":"cercanias-station-53","geometry":{"type":"Point","coordinates":[-3.71564,40.59844]},"properties":{"kind":"station","mode":"cercanias","id":"83","name":"TRES CANTOS","routes":"C-4","route_keys":"|C-4|","accessible":"","source_date":"2026-05-29"}},{"type":"Feature","id":"cercanias-station-54","geometry":{"type":"Point","coordinates":[-3.71407,40.55857]},"properties":{"kind":"station","mode":"cercanias","id":"37","name":"GOLOSO, EL","routes":"C-4","route_keys":"|C-4|","accessible":"","source_date":"2026-05-29"}},{"type":"Feature","id":"cercanias-station-55","geometry":{"type":"Point","coordinates":[-3.69473,40.48824]},"properties":{"kind":"station","mode":"cercanias","id":"64","name":"RAMÓN Y CAJAL","routes":"C-7, C-8A, C-8B","route_keys":"|C-7|C-8A|C-8B|","accessible":"","source_date":"2026-05-29"}},{"type":"Feature","id":"cercanias-station-56","geometry":{"type":"Point","coordinates":[-4.26933,40.56892]},"properties":{"kind":"station","mode":"cercanias","id":"76","name":"SANTA MARÍA DE LA ALAMEDA","routes":"C-8A","route_keys":"|C-8A|","accessible":"Step-free access","source_date":"2026-05-29"}},{"type":"Feature","id":"cercanias-station-57","geometry":{"type":"Point","coordinates":[-4.24671,40.52078]},"properties":{"kind":"station","mode":"cercanias","id":"67","name":"ROBLEDO DE CHAVELA","routes":"C-8A","route_keys":"|C-8A|","accessible":"Step-free access","source_date":"2026-05-29"}},{"type":"Feature","id":"cercanias-station-58","geometry":{"type":"Point","coordinates":[-4.04606,40.60941]},"properties":{"kind":"station","mode":"cercanias","id":"96","name":"ZORRERAS, LAS","routes":"C-8A","route_keys":"|C-8A|","accessible":"","source_date":"2026-05-29"}},{"type":"Feature","id":"cercanias-station-59","geometry":{"type":"Point","coordinates":[-4.03111,40.61787]},"properties":{"kind":"station","mode":"cercanias","id":"74","name":"SAN YAGO","routes":"C-8A","route_keys":"|C-8A|","accessible":"","source_date":"2026-05-29"}},{"type":"Feature","id":"cercanias-station-60","geometry":{"type":"Point","coordinates":[-3.668,40.38167]},"properties":{"kind":"station","mode":"cercanias","id":"10","name":"ASAMBLEA DE MADRID-ENTREVÍAS","routes":"C-2, C-7, C-8A, C-8B","route_keys":"|C-2|C-7|C-8A|C-8B|","accessible":"","source_date":"2026-05-29"}},{"type":"Feature","id":"cercanias-station-61","geometry":{"type":"Point","coordinates":[-3.60906,40.38699]},"properties":{"kind":"station","mode":"cercanias","id":"75","name":"SANTA EUGENIA","routes":"C-2, C-7, C-8A, C-8B","route_keys":"|C-2|C-7|C-8A|C-8B|","accessible":"","source_date":"2026-05-29"}},{"type":"Feature","id":"cercanias-station-62","geometry":{"type":"Point","coordinates":[-3.36634,40.48903]},"properties":{"kind":"station","mode":"cercanias","id":"2","name":"ALCALÁ DE HENARES","routes":"C-2, C-7, C-8A, C-8B","route_keys":"|C-2|C-7|C-8A|C-8B|","accessible":"","source_date":"2026-05-29"}},{"type":"Feature","id":"cercanias-station-63","geometry":{"type":"Point","coordinates":[-3.47982,40.4546]},"properties":{"kind":"station","mode":"cercanias","id":"81","name":"TORREJÓN DE ARDOZ","routes":"C-2, C-7, C-8A, C-8B","route_keys":"|C-2|C-7|C-8A|C-8B|","accessible":"","source_date":"2026-05-29"}},{"type":"Feature","id":"cercanias-station-64","geometry":{"type":"Point","coordinates":[-3.76074,40.38563]},"properties":{"kind":"station","mode":"cercanias","id":"7","name":"ALUCHE","routes":"C-5","route_keys":"|C-5|","accessible":"","source_date":"2026-05-29"}},{"type":"Feature","id":"cercanias-station-65","geometry":{"type":"Point","coordinates":[-3.70262,40.40513]},"properties":{"kind":"station","mode":"cercanias","id":"28","name":"EMBAJADORES","routes":"C-5","route_keys":"|C-5|","accessible":"","source_date":"2026-05-29"}},{"type":"Feature","id":"cercanias-station-66","geometry":{"type":"Point","coordinates":[-3.76936,40.24077]},"properties":{"kind":"station","mode":"cercanias","id":"53","name":"PARLA","routes":"C-4","route_keys":"|C-4|","accessible":"Step-free access","source_date":"2026-05-29"}},{"type":"Feature","id":"cercanias-station-67","geometry":{"type":"Point","coordinates":[-3.72026,40.42107]},"properties":{"kind":"station","mode":"cercanias","id":"61","name":"PRÍNCIPE PÍO","routes":"C-10, C-7","route_keys":"|C-10|C-7|","accessible":"","source_date":"2026-05-29"}},{"type":"Feature","id":"cercanias-station-68","geometry":{"type":"Point","coordinates":[-3.67808,40.39538]},"properties":{"kind":"station","mode":"cercanias","id":"46","name":"MÉNDEZ ÁLVARO","routes":"C-10, C-5","route_keys":"|C-10|C-5|","accessible":"","source_date":"2026-05-29"}},{"type":"Feature","id":"cercanias-station-69","geometry":{"type":"Point","coordinates":[-3.66282,40.48475]},"properties":{"kind":"station","mode":"cercanias","id":"133","name":"FUENTE DE LA MORA","routes":"C-1","route_keys":"|C-1|","accessible":"Step-free access","source_date":"2026-05-29"}},{"type":"Feature","id":"cercanias-station-71","geometry":{"type":"Point","coordinates":[-3.84242,40.34189]},"properties":{"kind":"station","mode":"cercanias","id":"66","name":"RETAMAS, LAS","routes":"C-5","route_keys":"|C-5|","accessible":"","source_date":"2026-05-29"}},{"type":"Feature","id":"cercanias-station-72","geometry":{"type":"Point","coordinates":[-4.15817,40.53872]},"properties":{"kind":"station","mode":"cercanias","id":"94","name":"ZARZALEJO","routes":"C-8A","route_keys":"|C-8A|","accessible":"Step-free access","source_date":"2026-05-29"}},{"type":"Feature","id":"cercanias-station-73","geometry":{"type":"Point","coordinates":[-4.03587,40.69276]},"properties":{"kind":"station","mode":"cercanias","id":"20","name":"COLLADO MEDIANO","routes":"C-8B","route_keys":"|C-8B|","accessible":"","source_date":"2026-05-29"}},{"type":"Feature","id":"cercanias-station-74","geometry":{"type":"Point","coordinates":[-4.06681,40.70734]},"properties":{"kind":"station","mode":"cercanias","id":"47","name":"MOLINOS, LOS","routes":"C-8B","route_keys":"|C-8B|","accessible":"","source_date":"2026-05-29"}},{"type":"Feature","id":"cercanias-station-75","geometry":{"type":"Point","coordinates":[-4.03506,40.65816]},"properties":{"kind":"station","mode":"cercanias","id":"6","name":"ALPEDRETE","routes":"C-8B","route_keys":"|C-8B|","accessible":"","source_date":"2026-05-29"}},{"type":"Feature","id":"cercanias-station-76","geometry":{"type":"Point","coordinates":[-4.02189,40.63858]},"properties":{"kind":"station","mode":"cercanias","id":"50","name":"NEGRALES, LOS","routes":"C-8B","route_keys":"|C-8B|","accessible":"","source_date":"2026-05-29"}},{"type":"Feature","id":"cercanias-station-77","geometry":{"type":"Point","coordinates":[-3.98185,40.60011]},"properties":{"kind":"station","mode":"cercanias","id":"33","name":"GALAPAGAR-LA NAVATA","routes":"C-10, C-8A, C-8B","route_keys":"|C-10|C-8A|C-8B|","accessible":"","source_date":"2026-05-29"}},{"type":"Feature","id":"cercanias-station-79","geometry":{"type":"Point","coordinates":[-3.76856,40.38365]},"properties":{"kind":"station","mode":"cercanias","id":"30","name":"MAESTRA JUSTA FREIRE-POLIDEPORTIVO ALUCHE","routes":"C-5","route_keys":"|C-5|","accessible":"","source_date":"2026-05-29"}},{"type":"Feature","id":"cercanias-station-80","geometry":{"type":"Point","coordinates":[-4.13233,40.58527]},"properties":{"kind":"station","mode":"cercanias","id":"29","name":"ESCORIAL, EL","routes":"C-8A","route_keys":"|C-8A|","accessible":"","source_date":"2026-05-29"}},{"type":"Feature","id":"cercanias-station-81","geometry":{"type":"Point","coordinates":[-3.78334,40.3125]},"properties":{"kind":"station","mode":"cercanias","id":"105","name":"PARQUE POLVORANCA","routes":"C-5","route_keys":"|C-5|","accessible":"","source_date":"2026-05-29"}},{"type":"Feature","id":"cercanias-station-82","geometry":{"type":"Point","coordinates":[-3.88234,40.33089]},"properties":{"kind":"station","mode":"cercanias","id":"49","name":"MÓSTOLES EL SOTO","routes":"C-5","route_keys":"|C-5|","accessible":"","source_date":"2026-05-29"}},{"type":"Feature","id":"cercanias-station-83","geometry":{"type":"Point","coordinates":[-3.70309,40.41685]},"properties":{"kind":"station","mode":"cercanias","id":"122","name":"SOL","routes":"C-3, C-4","route_keys":"|C-3|C-4|","accessible":"Step-free access","source_date":"2026-05-29"}},{"type":"Feature","id":"cercanias-station-84","geometry":{"type":"Point","coordinates":[-3.70984,40.31847]},"properties":{"kind":"station","mode":"cercanias","id":"103","name":"CASAR, EL","routes":"C-3","route_keys":"|C-3|","accessible":"Step-free access","source_date":"2026-05-29"}},{"type":"Feature","id":"cercanias-station-85","geometry":{"type":"Point","coordinates":[-3.73394,40.3101]},"properties":{"kind":"station","mode":"cercanias","id":"34","name":"GETAFE CENTRO","routes":"C-4","route_keys":"|C-4|","accessible":"Step-free access","source_date":"2026-05-29"}},{"type":"Feature","id":"cercanias-station-87","geometry":{"type":"Point","coordinates":[-3.68247,40.4721]},"properties":{"kind":"station","mode":"cercanias","id":"18","name":"MADRID CHAMARTÍN-CLARA CAMPOAMOR","routes":"C-1, C-10, C-2, C-3, C-4, C-7, C-8A, C-8B","route_keys":"|C-1|C-10|C-2|C-3|C-4|C-7|C-8A|C-8B|","accessible":"Step-free access","source_date":"2026-05-29"}},{"type":"Feature","id":"cercanias-station-88","geometry":{"type":"Point","coordinates":[-3.59593,40.40132]},"properties":{"kind":"station","mode":"cercanias","id":"90","name":"VICÁLVARO","routes":"C-2, C-7, C-8A, C-8B","route_keys":"|C-2|C-7|C-8A|C-8B|","accessible":"","source_date":"2026-05-29"}},{"type":"Feature","id":"cercanias-station-90","geometry":{"type":"Point","coordinates":[-3.79143,40.37771]},"properties":{"kind":"station","mode":"cercanias","id":"24","name":"CUATRO VIENTOS","routes":"C-5","route_keys":"|C-5|","accessible":"","source_date":"2026-05-29"}},{"type":"Feature","id":"cercanias-station-91","geometry":{"type":"Point","coordinates":[-3.69277,40.40037]},"properties":{"kind":"station","mode":"cercanias","id":"25","name":"DELICIAS","routes":"C-10","route_keys":"|C-10|","accessible":"","source_date":"2026-05-29"}},{"type":"Feature","id":"cercanias-station-92","geometry":{"type":"Point","coordinates":[-3.71134,40.4026]},"properties":{"kind":"station","mode":"cercanias","id":"57","name":"PIRÁMIDES","routes":"C-10","route_keys":"|C-10|","accessible":"","source_date":"2026-05-29"}},{"type":"Feature","id":"cercanias-station-93","geometry":{"type":"Point","coordinates":[-3.61831,40.03483]},"properties":{"kind":"station","mode":"cercanias","id":"8","name":"ARANJUEZ","routes":"C-3","route_keys":"|C-3|","accessible":"","source_date":"2026-05-29"}},{"type":"Feature","id":"cercanias-station-94","geometry":{"type":"Point","coordinates":[-3.61003,40.15906]},"properties":{"kind":"station","mode":"cercanias","id":"19","name":"CIEMPOZUELOS","routes":"C-3","route_keys":"|C-3|","accessible":"","source_date":"2026-05-29"}},{"type":"Feature","id":"cercanias-station-95","geometry":{"type":"Point","coordinates":[-3.66482,40.19604]},"properties":{"kind":"station","mode":"cercanias","id":"86","name":"VALDEMORO","routes":"C-3","route_keys":"|C-3|","accessible":"Step-free access","source_date":"2026-05-29"}},{"type":"Feature","id":"cercanias-station-96","geometry":{"type":"Point","coordinates":[-3.70374,40.24279]},"properties":{"kind":"station","mode":"cercanias","id":"56","name":"PINTO","routes":"C-3","route_keys":"|C-3|","accessible":"","source_date":"2026-05-29"}},{"type":"Feature","id":"cercanias-station-97","geometry":{"type":"Point","coordinates":[-3.70769,40.30548]},"properties":{"kind":"station","mode":"cercanias","id":"35","name":"GETAFE INDUSTRIAL","routes":"C-3","route_keys":"|C-3|","accessible":"","source_date":"2026-05-29"}},{"type":"Feature","id":"cercanias-station-98","geometry":{"type":"Point","coordinates":[-3.74422,40.39918]},"properties":{"kind":"station","mode":"cercanias","id":"40","name":"LAGUNA","routes":"C-5","route_keys":"|C-5|","accessible":"","source_date":"2026-05-29"}},{"type":"Feature","id":"cercanias-station-99","geometry":{"type":"Point","coordinates":[-3.72584,40.4951]},"properties":{"kind":"station","mode":"cercanias","id":"58","name":"PITIS","routes":"C-7, C-8A, C-8B","route_keys":"|C-7|C-8A|C-8B|","accessible":"","source_date":"2026-05-29"}},{"type":"Feature","id":"cercanias-station-100","geometry":{"type":"Point","coordinates":[-3.56114,40.42374]},"properties":{"kind":"station","mode":"cercanias","id":"22","name":"COSLADA","routes":"C-2, C-7, C-8A, C-8B","route_keys":"|C-2|C-7|C-8A|C-8B|","accessible":"","source_date":"2026-05-29"}},{"type":"Feature","id":"cercanias-station-101","geometry":{"type":"Point","coordinates":[-3.77148,40.32899]},"properties":{"kind":"station","mode":"cercanias","id":"41","name":"LEGANES","routes":"C-5","route_keys":"|C-5|","accessible":"","source_date":"2026-05-29"}},{"type":"Feature","id":"cercanias-station-102","geometry":{"type":"Point","coordinates":[-3.83173,40.35008]},"properties":{"kind":"station","mode":"cercanias","id":"5","name":"ALCORCÓN","routes":"C-5","route_keys":"|C-5|","accessible":"","source_date":"2026-05-29"}},{"type":"Feature","id":"cercanias-station-103","geometry":{"type":"Point","coordinates":[-3.86349,40.3285]},"properties":{"kind":"station","mode":"cercanias","id":"48","name":"MÓSTOLES","routes":"C-5","route_keys":"|C-5|","accessible":"","source_date":"2026-05-29"}},{"type":"Feature","id":"cercanias-station-104","geometry":{"type":"Point","coordinates":[-3.78027,40.38119]},"properties":{"kind":"station","mode":"cercanias","id":"1","name":"ÁGUILAS, LAS","routes":"C-5","route_keys":"|C-5|","accessible":"","source_date":"2026-05-29"}},{"type":"Feature","id":"cercanias-station-105","geometry":{"type":"Point","coordinates":[-3.63519,40.54657]},"properties":{"kind":"station","mode":"cercanias","id":"4","name":"ALCOBENDAS-S.S. DE LOS REYES","routes":"C-4","route_keys":"|C-4|","accessible":"Step-free access","source_date":"2026-05-29"}},{"type":"Feature","id":"cercanias-station-106","geometry":{"type":"Point","coordinates":[-3.79885,40.28268]},"properties":{"kind":"station","mode":"cercanias","id":"32","name":"FUENLABRADA","routes":"C-5","route_keys":"|C-5|","accessible":"","source_date":"2026-05-29"}},{"type":"Feature","id":"cercanias-station-107","geometry":{"type":"Point","coordinates":[-3.78586,40.44833]},"properties":{"kind":"station","mode":"cercanias","id":"9","name":"ARAVACA","routes":"C-10, C-7","route_keys":"|C-10|C-7|","accessible":"","source_date":"2026-05-29"}},{"type":"Feature","id":"cercanias-station-109","geometry":{"type":"Point","coordinates":[-3.44134,40.46353]},"properties":{"kind":"station","mode":"cercanias","id":"143","name":"SOTO DEL HENARES","routes":"C-2, C-7, C-8A, C-8B","route_keys":"|C-2|C-7|C-8A|C-8B|","accessible":"Step-free access","source_date":"2026-05-29"}},{"type":"Feature","id":"cercanias-station-110","geometry":{"type":"Point","coordinates":[-3.61642,40.4823]},"properties":{"kind":"station","mode":"cercanias","id":"144","name":"VALDEBEBAS","routes":"C-1","route_keys":"|C-1|","accessible":"Step-free access","source_date":"2026-05-29"}},{"type":"Feature","id":"cercanias-station-111","geometry":{"type":"Point","coordinates":[-3.70918,40.49971]},"properties":{"kind":"station","mode":"cercanias","id":"145","name":"MIRASIERRA-PACO DE LUCÍA","routes":"C-7, C-8A, C-8B","route_keys":"|C-7|C-8A|C-8B|","accessible":"Step-free access","source_date":"2026-05-29"}}]}