{"type":"FeatureCollection","features":[{"type":"Feature","id":"metro-route-1","geometry":{"type":"LineString","coordinates":[[-3.63573,40.5318],[-3.63648,40.53147],[-3.63998,40.53034],[-3.64585,40.52916],[-3.65008,40.52813],[-3.65327,40.52811],[-3.6559,40.52835],[-3.65659,40.52845],[-3.65703,40.52843],[-3.65788,40.52818],[-3.65843,40.52793],[-3.65885,40.52757]]},"properties":{"kind":"route","mode":"metro","route":"10B","name":"Metro 10B","destination":"LA GRANJA","direction":"1","color":"#004287","source_date":"2026-05-29","terminus":"TRES OLIVOS","offset_index":0}},{"type":"Feature","id":"metro-route-2","geometry":{"type":"LineString","coordinates":[[-3.66231,40.51541],[-3.66129,40.517],[-3.66094,40.51768],[-3.66099,40.51841],[-3.66157,40.51948],[-3.66235,40.52049],[-3.66269,40.52138],[-3.66272,40.52243],[-3.66249,40.52307],[-3.65891,40.5276]]},"properties":{"kind":"route","mode":"metro","route":"10B","name":"Metro 10B","destination":"LA GRANJA","direction":"2","color":"#004287","source_date":"2026-05-29","terminus":"HOSPITAL INFANTA SOFIA","offset_index":0}},{"type":"Feature","id":"metro-route-3","geometry":{"type":"LineString","coordinates":[[-3.63796,40.54103],[-3.63607,40.5394],[-3.63412,40.53749],[-3.63314,40.53619],[-3.63227,40.53496],[-3.63223,40.5341],[-3.63326,40.53356],[-3.6343,40.53307],[-3.63523,40.53248],[-3.63573,40.5318]]},"properties":{"kind":"route","mode":"metro","route":"10B","name":"Metro 10B","destination":"LA MORALEJA","direction":"1","color":"#004287","source_date":"2026-05-29","terminus":"TRES OLIVOS","offset_index":0}},{"type":"Feature","id":"metro-route-4","geometry":{"type":"LineString","coordinates":[[-3.65891,40.5276],[-3.65848,40.52795],[-3.65791,40.52821],[-3.65708,40.52847],[-3.65661,40.52849],[-3.65592,40.52839],[-3.65353,40.52826],[-3.65011,40.52825],[-3.64595,40.52925],[-3.64017,40.53039],[-3.63648,40.53148],[-3.63579,40.53182]]},"properties":{"kind":"route","mode":"metro","route":"10B","name":"Metro 10B","destination":"LA MORALEJA","direction":"2","color":"#004287","source_date":"2026-05-29","terminus":"HOSPITAL INFANTA SOFIA","offset_index":0}},{"type":"Feature","id":"metro-route-5","geometry":{"type":"LineString","coordinates":[[-3.64715,40.55023],[-3.6474,40.55002],[-3.64858,40.54914],[-3.64874,40.54855],[-3.64864,40.54763],[-3.64749,40.54644],[-3.64267,40.54407],[-3.63894,40.54188],[-3.63796,40.54103]]},"properties":{"kind":"route","mode":"metro","route":"10B","name":"Metro 10B","destination":"MARQUES DE LA VALDAVIA","direction":"1","color":"#004287","source_date":"2026-05-29","terminus":"TRES OLIVOS","offset_index":0}},{"type":"Feature","id":"metro-route-6","geometry":{"type":"LineString","coordinates":[[-3.63579,40.53182],[-3.63527,40.53248],[-3.63428,40.53312],[-3.6323,40.53412],[-3.63233,40.53495],[-3.6342,40.5375],[-3.63628,40.53951],[-3.63804,40.54098]]},"properties":{"kind":"route","mode":"metro","route":"10B","name":"Metro 10B","destination":"MARQUES DE LA VALDAVIA","direction":"2","color":"#004287","source_date":"2026-05-29","terminus":"HOSPITAL INFANTA SOFIA","offset_index":0}},{"type":"Feature","id":"metro-route-7","geometry":{"type":"LineString","coordinates":[[-3.63558,40.55447],[-3.63874,40.55408],[-3.63994,40.55373],[-3.64555,40.55137],[-3.64715,40.55023]]},"properties":{"kind":"route","mode":"metro","route":"10B","name":"Metro 10B","destination":"MANUEL DE FALLA","direction":"1","color":"#004287","source_date":"2026-05-29","terminus":"TRES OLIVOS","offset_index":0}},{"type":"Feature","id":"metro-route-8","geometry":{"type":"LineString","coordinates":[[-3.63804,40.54098],[-3.63898,40.54184],[-3.64262,40.54396],[-3.64749,40.54637],[-3.6487,40.54757],[-3.64883,40.54853],[-3.64872,40.54912],[-3.64718,40.55024]]},"properties":{"kind":"route","mode":"metro","route":"10B","name":"Metro 10B","destination":"MANUEL DE FALLA","direction":"2","color":"#004287","source_date":"2026-05-29","terminus":"HOSPITAL INFANTA SOFIA","offset_index":0}},{"type":"Feature","id":"metro-route-9","geometry":{"type":"LineString","coordinates":[[-3.79301,40.37707],[-3.79446,40.37614],[-3.79484,40.37583],[-3.79513,40.37555],[-3.79642,40.37389],[-3.79677,40.37333],[-3.79707,40.37268],[-3.79726,40.37211],[-3.79838,40.36786],[-3.7998,40.36237],[-3.80114,40.35703],[-3.80132,40.35649],[-3.80158,40.3559],[-3.80204,40.35512],[-3.80228,40.35481],[-3.80265,40.35437],[-3.80676,40.35031]]},"properties":{"kind":"route","mode":"metro","route":"10A","name":"Metro 10A","destination":"JOAQUIN VILUMBRALES","direction":"1","color":"#004287","source_date":"2026-05-29","terminus":"PUERTA DEL SUR","offset_index":0}},{"type":"Feature","id":"metro-route-10","geometry":{"type":"LineString","coordinates":[[-3.81209,40.34523],[-3.81114,40.34634],[-3.80913,40.34815],[-3.80824,40.34916],[-3.80697,40.35041]]},"properties":{"kind":"route","mode":"metro","route":"10A","name":"Metro 10A","destination":"JOAQUIN VILUMBRALES","direction":"2","color":"#004287","source_date":"2026-05-29","terminus":"TRES OLIVOS","offset_index":0}},{"type":"Feature","id":"metro-route-11","geometry":{"type":"LineString","coordinates":[[-3.80676,40.35031],[-3.80761,40.34948],[-3.80828,40.34892],[-3.80891,40.34827],[-3.81096,40.34644],[-3.81124,40.34614],[-3.81204,40.34521]]},"properties":{"kind":"route","mode":"metro","route":"10A","name":"Metro 10A","destination":"PUERTA DEL SUR","direction":"1","color":"#004287","source_date":"2026-05-29","terminus":"PUERTA DEL SUR","offset_index":0}},{"type":"Feature","id":"metro-route-12","geometry":{"type":"LineString","coordinates":[[-3.77679,40.33671],[-3.78231,40.34099],[-3.78281,40.3413],[-3.78328,40.34153],[-3.78377,40.34172],[-3.78429,40.34187],[-3.78491,40.34199],[-3.78546,40.34204],[-3.78605,40.34206],[-3.78669,40.34201],[-3.78744,40.34189],[-3.79449,40.34036],[-3.79509,40.34028],[-3.79577,40.34024],[-3.7965,40.34024],[-3.79714,40.3403],[-3.79782,40.34041],[-3.79843,40.34055],[-3.79903,40.34074],[-3.80046,40.34125],[-3.80109,40.34145],[-3.80705,40.34303],[-3.80797,40.3433],[-3.80871,40.34356],[-3.80934,40.34384],[-3.81202,40.34517]]},"properties":{"kind":"route","mode":"metro","route":"12-1","name":"Metro 12-1","destination":"PUERTA DEL SUR","direction":"1","color":"#9C9100","source_date":"2026-05-29","terminus":"PUERTA DEL SUR","offset_index":0}},{"type":"Feature","id":"metro-route-13","geometry":{"type":"LineString","coordinates":[[-3.82028,40.34926],[-3.81901,40.3485],[-3.81774,40.3476],[-3.81702,40.34719],[-3.8162,40.34685],[-3.81343,40.3459],[-3.81291,40.34567],[-3.81199,40.34521]]},"properties":{"kind":"route","mode":"metro","route":"12-2","name":"Metro 12-2","destination":"PUERTA DEL SUR","direction":"1","color":"#9C9100","source_date":"2026-05-29","terminus":"PUERTA DEL SUR","offset_index":0}},{"type":"Feature","id":"metro-route-14","geometry":{"type":"LineString","coordinates":[[-3.81202,40.34517],[-3.81294,40.34563],[-3.81346,40.34586],[-3.81628,40.34683],[-3.81711,40.34718],[-3.81776,40.34755],[-3.81905,40.34847],[-3.82031,40.34922]]},"properties":{"kind":"route","mode":"metro","route":"12-1","name":"Metro 12-1","destination":"PARQUE LISBOA","direction":"1","color":"#9C9100","source_date":"2026-05-29","terminus":"PUERTA DEL SUR","offset_index":0}},{"type":"Feature","id":"metro-route-15","geometry":{"type":"LineString","coordinates":[[-3.83256,40.34936],[-3.82976,40.35154],[-3.82914,40.35196],[-3.82866,40.35219],[-3.82822,40.35233],[-3.82772,40.35243],[-3.82712,40.35247],[-3.82661,40.35244],[-3.82614,40.35237],[-3.8257,40.35224],[-3.82524,40.35206],[-3.8232,40.35098],[-3.82028,40.34926]]},"properties":{"kind":"route","mode":"metro","route":"12-2","name":"Metro 12-2","destination":"PARQUE LISBOA","direction":"1","color":"#9C9100","source_date":"2026-05-29","terminus":"PUERTA DEL SUR","offset_index":0}},{"type":"Feature","id":"metro-route-16","geometry":{"type":"LineString","coordinates":[[-3.82031,40.34922],[-3.82326,40.35096],[-3.82524,40.352],[-3.82564,40.35217],[-3.82612,40.35232],[-3.82661,40.3524],[-3.82704,40.35243],[-3.82763,40.3524],[-3.82808,40.35232],[-3.82863,40.35215],[-3.8291,40.35193],[-3.82962,40.35158],[-3.83252,40.34933]]},"properties":{"kind":"route","mode":"metro","route":"12-1","name":"Metro 12-1","destination":"ALCORCON CENTRAL","direction":"1","color":"#9C9100","source_date":"2026-05-29","terminus":"PUERTA DEL SUR","offset_index":0}},{"type":"Feature","id":"metro-route-17","geometry":{"type":"LineString","coordinates":[[-3.84831,40.34604],[-3.84766,40.3462],[-3.84719,40.34627],[-3.84668,40.3463],[-3.84616,40.34627],[-3.84574,40.3462],[-3.84528,40.34608],[-3.84368,40.34542],[-3.84333,40.3453],[-3.84288,40.3452],[-3.8412,40.34499],[-3.84013,40.34488],[-3.83945,40.34488],[-3.83887,40.34497],[-3.83847,40.34508],[-3.83809,40.34522],[-3.83777,40.34538],[-3.83744,40.34558],[-3.83256,40.34936]]},"properties":{"kind":"route","mode":"metro","route":"12-2","name":"Metro 12-2","destination":"ALCORCON CENTRAL","direction":"1","color":"#9C9100","source_date":"2026-05-29","terminus":"PUERTA DEL SUR","offset_index":0}},{"type":"Feature","id":"metro-route-18","geometry":{"type":"LineString","coordinates":[[-3.87224,40.33555],[-3.87235,40.3379],[-3.87231,40.33832],[-3.87219,40.33873],[-3.87208,40.33898],[-3.87194,40.33922],[-3.87174,40.33947],[-3.87152,40.33971],[-3.87129,40.33991],[-3.871,40.34011],[-3.8704,40.34043],[-3.86979,40.34067],[-3.86911,40.34088],[-3.86849,40.34102],[-3.86786,40.34113],[-3.86731,40.3412],[-3.86667,40.34123],[-3.86491,40.34121],[-3.86432,40.34124],[-3.86085,40.34173],[-3.85986,40.34192],[-3.85928,40.3421],[-3.85868,40.34236],[-3.85557,40.34405],[-3.85479,40.3444],[-3.85399,40.34464],[-3.84831,40.34604]]},"properties":{"kind":"route","mode":"metro","route":"12-2","name":"Metro 12-2","destination":"PARQUE OESTE","direction":"1","color":"#9C9100","source_date":"2026-05-29","terminus":"PUERTA DEL SUR","offset_index":0}},{"type":"Feature","id":"metro-route-19","geometry":{"type":"LineString","coordinates":[[-3.83252,40.34933],[-3.83735,40.34558],[-3.83768,40.34537],[-3.83808,40.34517],[-3.83843,40.34504],[-3.83888,40.34492],[-3.83953,40.34483],[-3.84018,40.34484],[-3.8423,40.34508],[-3.84293,40.34517],[-3.84335,40.34526],[-3.84371,40.34537],[-3.84492,40.34589],[-3.84536,40.34605],[-3.84576,40.34616],[-3.84621,40.34623],[-3.84676,40.34625],[-3.84723,40.34622],[-3.84768,40.34614],[-3.84829,40.346]]},"properties":{"kind":"route","mode":"metro","route":"12-1","name":"Metro 12-1","destination":"PARQUE OESTE","direction":"1","color":"#9C9100","source_date":"2026-05-29","terminus":"PUERTA DEL SUR","offset_index":0}},{"type":"Feature","id":"metro-route-20","geometry":{"type":"LineString","coordinates":[[-3.47741,40.31903],[-3.47553,40.31889],[-3.47481,40.31887],[-3.47397,40.31893],[-3.47313,40.31909],[-3.4725,40.31927],[-3.47189,40.31952],[-3.46924,40.3209],[-3.46834,40.32131],[-3.46777,40.32151],[-3.46721,40.32167],[-3.46663,40.3218],[-3.46603,40.32189],[-3.46534,40.32196],[-3.46468,40.32197],[-3.464,40.32194],[-3.46328,40.32185],[-3.46258,40.32172],[-3.46192,40.32154],[-3.46131,40.32132],[-3.46068,40.32105],[-3.46004,40.3207],[-3.45945,40.32031],[-3.45894,40.31988],[-3.45848,40.31942],[-3.45807,40.31894],[-3.45443,40.31428],[-3.45365,40.31332],[-3.45295,40.31252],[-3.44887,40.30803],[-3.44847,40.30745],[-3.44821,40.30688],[-3.44811,40.30652],[-3.44788,40.3055],[-3.44773,40.30504],[-3.4476,40.30446]]},"properties":{"kind":"route","mode":"metro","route":"9B","name":"Metro 9B","destination":"ARGANDA DEL REY","direction":"1","color":"#7B1265","source_date":"2026-05-29","terminus":"ARGANDA DEL REY","offset_index":0}},{"type":"Feature","id":"metro-route-21","geometry":{"type":"LineString","coordinates":[[-3.52057,40.32837],[-3.51994,40.32729],[-3.51958,40.32673],[-3.51914,40.32613],[-3.51863,40.32552],[-3.51813,40.325],[-3.51766,40.32455],[-3.51564,40.32283],[-3.51509,40.32246],[-3.5145,40.32216],[-3.51395,40.32194],[-3.51203,40.32124],[-3.51165,40.32107],[-3.51117,40.32081],[-3.51064,40.32045],[-3.51022,40.32009],[-3.50854,40.31827],[-3.50818,40.31794],[-3.50782,40.31765],[-3.50726,40.31729],[-3.50666,40.317],[-3.50602,40.31676],[-3.50532,40.31657],[-3.50442,40.3164],[-3.49818,40.31535],[-3.49768,40.3153],[-3.49712,40.31527],[-3.4966,40.31527],[-3.49607,40.3153],[-3.49548,40.31537],[-3.49487,40.31549],[-3.49431,40.31564],[-3.49378,40.31582],[-3.49296,40.31618],[-3.4898,40.31776],[-3.48897,40.31806],[-3.48814,40.31828],[-3.4875,40.31838],[-3.48678,40.31847],[-3.4803,40.31914],[-3.47926,40.31915],[-3.47741,40.31903]]},"properties":{"kind":"route","mode":"metro","route":"9B","name":"Metro 9B","destination":"LA POVEDA","direction":"1","color":"#7B1265","source_date":"2026-05-29","terminus":"ARGANDA DEL REY","offset_index":0}},{"type":"Feature","id":"metro-route-22","geometry":{"type":"LineString","coordinates":[[-3.44776,40.30445],[-3.44788,40.30502],[-3.44795,40.30556],[-3.44824,40.30676],[-3.44847,40.30733],[-3.44863,40.30759],[-3.44887,40.30794],[-3.4493,40.30845],[-3.45284,40.31232],[-3.4537,40.31329],[-3.45446,40.31423],[-3.45802,40.31878],[-3.45853,40.3194],[-3.45903,40.31989],[-3.45953,40.3203],[-3.46014,40.3207],[-3.46073,40.32102],[-3.46133,40.32128],[-3.46199,40.32151],[-3.46267,40.32169],[-3.46329,40.32181],[-3.46392,40.32188],[-3.46468,40.32192],[-3.46528,40.32191],[-3.466,40.32185],[-3.46663,40.32175],[-3.46716,40.32164],[-3.46776,40.32147],[-3.46826,40.32129],[-3.46914,40.32089],[-3.47185,40.31948],[-3.47246,40.31923],[-3.4731,40.31904],[-3.47394,40.31889],[-3.47483,40.31883],[-3.47546,40.31884],[-3.47742,40.31898]]},"properties":{"kind":"route","mode":"metro","route":"9B","name":"Metro 9B","destination":"LA POVEDA","direction":"2","color":"#7B1265","source_date":"2026-05-29","terminus":"PUERTA DE ARGANDA","offset_index":0}},{"type":"Feature","id":"metro-route-23","geometry":{"type":"LineString","coordinates":[[-3.56169,40.4237],[-3.56239,40.42294],[-3.56295,40.42246],[-3.56377,40.42213],[-3.56486,40.42202],[-3.56634,40.42215],[-3.56755,40.4223],[-3.56885,40.42261]]},"properties":{"kind":"route","mode":"metro","route":"7B","name":"Metro 7B","destination":"BARRIO DEL PUERTO","direction":"1","color":"#F55C24","source_date":"2026-05-29","terminus":"ESTADIO METROPOLITANO","offset_index":0}},{"type":"Feature","id":"metro-route-24","geometry":{"type":"LineString","coordinates":[[-3.60007,40.43317],[-3.59905,40.43239],[-3.59538,40.42942],[-3.57075,40.42317],[-3.56883,40.42264]]},"properties":{"kind":"route","mode":"metro","route":"7B","name":"Metro 7B","destination":"BARRIO DEL PUERTO","direction":"2","color":"#F55C24","source_date":"2026-05-29","terminus":"HOSPITAL DEL HENARES","offset_index":0}},{"type":"Feature","id":"metro-route-25","geometry":{"type":"LineString","coordinates":[[-3.54862,40.42542],[-3.54969,40.42573],[-3.55203,40.42633],[-3.55351,40.42664],[-3.5555,40.42698],[-3.55648,40.42712],[-3.55731,40.42721],[-3.55813,40.42726],[-3.5585,40.4272],[-3.55878,40.42703],[-3.55932,40.42625],[-3.55983,40.42565],[-3.56169,40.4237]]},"properties":{"kind":"route","mode":"metro","route":"7B","name":"Metro 7B","destination":"COSLADA CENTRAL","direction":"1","color":"#F55C24","source_date":"2026-05-29","terminus":"ESTADIO METROPOLITANO","offset_index":0}},{"type":"Feature","id":"metro-route-26","geometry":{"type":"LineString","coordinates":[[-3.56883,40.42264],[-3.56754,40.42234],[-3.56633,40.42219],[-3.56487,40.42207],[-3.56379,40.42218],[-3.56297,40.4225],[-3.56245,40.42294],[-3.56172,40.42371]]},"properties":{"kind":"route","mode":"metro","route":"7B","name":"Metro 7B","destination":"COSLADA CENTRAL","direction":"2","color":"#F55C24","source_date":"2026-05-29","terminus":"HOSPITAL DEL HENARES","offset_index":0}},{"type":"Feature","id":"metro-route-27","geometry":{"type":"LineString","coordinates":[[-3.53573,40.42458],[-3.5364,40.42456],[-3.54057,40.42437],[-3.54468,40.42455],[-3.54649,40.42477],[-3.54862,40.42542]]},"properties":{"kind":"route","mode":"metro","route":"7B","name":"Metro 7B","destination":"LA RAMBLA","direction":"1","color":"#F55C24","source_date":"2026-05-29","terminus":"ESTADIO METROPOLITANO","offset_index":0}},{"type":"Feature","id":"metro-route-28","geometry":{"type":"LineString","coordinates":[[-3.56172,40.42371],[-3.55988,40.42568],[-3.55937,40.42627],[-3.55882,40.42706],[-3.55853,40.42724],[-3.55813,40.4273],[-3.5573,40.42725],[-3.55647,40.42716],[-3.55548,40.42702],[-3.55349,40.42668],[-3.55202,40.42638],[-3.54967,40.42577],[-3.5486,40.42545]]},"properties":{"kind":"route","mode":"metro","route":"7B","name":"Metro 7B","destination":"LA RAMBLA","direction":"2","color":"#F55C24","source_date":"2026-05-29","terminus":"HOSPITAL DEL HENARES","offset_index":0}},{"type":"Feature","id":"metro-route-29","geometry":{"type":"LineString","coordinates":[[-3.52778,40.41739],[-3.52918,40.41706],[-3.53048,40.41682],[-3.5312,40.41677],[-3.53213,40.41686],[-3.53285,40.41702],[-3.53373,40.41734],[-3.53541,40.4181]]},"properties":{"kind":"route","mode":"metro","route":"7B","name":"Metro 7B","destination":"HOSPITAL DEL HENARES","direction":"2","color":"#F55C24","source_date":"2026-05-29","terminus":"HOSPITAL DEL HENARES","offset_index":0}},{"type":"Feature","id":"metro-route-30","geometry":{"type":"LineString","coordinates":[[-3.86355,40.309],[-3.86173,40.30881],[-3.86103,40.30867],[-3.86038,40.3085],[-3.85968,40.30825],[-3.85905,40.30796],[-3.85846,40.30763],[-3.85789,40.30723],[-3.85737,40.3068],[-3.85681,40.30622],[-3.85175,40.29995],[-3.85117,40.29928],[-3.85064,40.29877],[-3.85009,40.29836],[-3.84944,40.29794],[-3.8488,40.29762],[-3.84801,40.29729],[-3.84715,40.29703],[-3.84621,40.29684],[-3.84541,40.29675],[-3.84422,40.29671],[-3.83675,40.29676]]},"properties":{"kind":"route","mode":"metro","route":"12-1","name":"Metro 12-1","destination":"LORANCA","direction":"1","color":"#9C9100","source_date":"2026-05-29","terminus":"PUERTA DEL SUR","offset_index":0}},{"type":"Feature","id":"metro-route-31","geometry":{"type":"LineString","coordinates":[[-3.81584,40.28584],[-3.81756,40.28592],[-3.81828,40.28601],[-3.81865,40.2861],[-3.81904,40.28624],[-3.81944,40.28643],[-3.81978,40.28664],[-3.82016,40.28695],[-3.8205,40.28734],[-3.82072,40.28769],[-3.82122,40.2887],[-3.82146,40.28912],[-3.82174,40.28952],[-3.82211,40.28992],[-3.82276,40.29048],[-3.8255,40.29258],[-3.82609,40.293],[-3.8266,40.29329],[-3.82703,40.2935],[-3.82757,40.2937],[-3.82949,40.29423],[-3.82992,40.29437],[-3.83038,40.29456],[-3.83078,40.29475],[-3.83123,40.295],[-3.83301,40.29612],[-3.83344,40.29634],[-3.83382,40.29649],[-3.83426,40.29661],[-3.83475,40.29669],[-3.83539,40.29672],[-3.83675,40.29672]]},"properties":{"kind":"route","mode":"metro","route":"12-2","name":"Metro 12-2","destination":"LORANCA","direction":"1","color":"#9C9100","source_date":"2026-05-29","terminus":"PUERTA DEL SUR","offset_index":0}},{"type":"Feature","id":"metro-route-32","geometry":{"type":"LineString","coordinates":[[-3.83675,40.29676],[-3.83556,40.29677],[-3.83483,40.29674],[-3.83429,40.29666],[-3.83376,40.29652],[-3.83349,40.29641],[-3.83309,40.29622],[-3.83111,40.29499],[-3.83033,40.29459],[-3.82948,40.29428],[-3.82749,40.29372],[-3.82695,40.29351],[-3.82651,40.2933],[-3.826,40.293],[-3.82546,40.29261],[-3.82275,40.29054],[-3.82206,40.28995],[-3.82169,40.28954],[-3.82141,40.28914],[-3.82115,40.28869],[-3.82072,40.28781],[-3.82048,40.2874],[-3.82016,40.28702],[-3.81976,40.28668],[-3.81946,40.2865],[-3.81907,40.2863],[-3.81865,40.28615],[-3.81824,40.28605],[-3.81749,40.28596],[-3.81583,40.28588]]},"properties":{"kind":"route","mode":"metro","route":"12-1","name":"Metro 12-1","destination":"HOSPITAL DE FUENLABRADA","direction":"1","color":"#9C9100","source_date":"2026-05-29","terminus":"PUERTA DEL SUR","offset_index":0}},{"type":"Feature","id":"metro-route-33","geometry":{"type":"LineString","coordinates":[[-3.80742,40.2852],[-3.81002,40.28532],[-3.81279,40.2857],[-3.81584,40.28584]]},"properties":{"kind":"route","mode":"metro","route":"12-2","name":"Metro 12-2","destination":"HOSPITAL DE FUENLABRADA","direction":"1","color":"#9C9100","source_date":"2026-05-29","terminus":"PUERTA DEL SUR","offset_index":0}},{"type":"Feature","id":"metro-route-34","geometry":{"type":"LineString","coordinates":[[-3.81583,40.28588],[-3.81287,40.28575],[-3.81236,40.2857],[-3.81004,40.28537],[-3.80741,40.28525]]},"properties":{"kind":"route","mode":"metro","route":"12-1","name":"Metro 12-1","destination":"PARQUE EUROPA","direction":"1","color":"#9C9100","source_date":"2026-05-29","terminus":"PUERTA DEL SUR","offset_index":0}},{"type":"Feature","id":"metro-route-35","geometry":{"type":"LineString","coordinates":[[-3.79828,40.28228],[-3.80013,40.2828],[-3.80052,40.28294],[-3.80089,40.2831],[-3.80143,40.28343],[-3.8024,40.28426],[-3.80268,40.28446],[-3.80312,40.28471],[-3.80358,40.28489],[-3.8041,40.28502],[-3.80464,40.28509],[-3.80742,40.2852]]},"properties":{"kind":"route","mode":"metro","route":"12-2","name":"Metro 12-2","destination":"PARQUE EUROPA","direction":"1","color":"#9C9100","source_date":"2026-05-29","terminus":"PUERTA DEL SUR","offset_index":0}},{"type":"Feature","id":"metro-route-36","geometry":{"type":"LineString","coordinates":[[-3.80741,40.28525],[-3.8046,40.28513],[-3.80413,40.28507],[-3.80359,40.28494],[-3.80309,40.28475],[-3.80261,40.28448],[-3.80224,40.2842],[-3.80145,40.28351],[-3.80117,40.28331],[-3.80083,40.28312],[-3.80015,40.28286],[-3.79825,40.28232]]},"properties":{"kind":"route","mode":"metro","route":"12-1","name":"Metro 12-1","destination":"FUENLABRADA CENTRAL","direction":"1","color":"#9C9100","source_date":"2026-05-29","terminus":"PUERTA DEL SUR","offset_index":0}},{"type":"Feature","id":"metro-route-37","geometry":{"type":"LineString","coordinates":[[-3.7861,40.28689],[-3.78793,40.28645],[-3.78857,40.28627],[-3.78928,40.28598],[-3.78999,40.28556],[-3.79052,40.28514],[-3.791,40.28464],[-3.79136,40.28413],[-3.79193,40.28314],[-3.79229,40.28269],[-3.79256,40.28244],[-3.79285,40.28223],[-3.79323,40.28202],[-3.79357,40.28187],[-3.79405,40.28172],[-3.79459,40.28162],[-3.79506,40.28159],[-3.79562,40.28161],[-3.79633,40.28174],[-3.79828,40.28228]]},"properties":{"kind":"route","mode":"metro","route":"12-2","name":"Metro 12-2","destination":"FUENLABRADA CENTRAL","direction":"1","color":"#9C9100","source_date":"2026-05-29","terminus":"PUERTA DEL SUR","offset_index":0}},{"type":"Feature","id":"metro-route-38","geometry":{"type":"LineString","coordinates":[[-3.79825,40.28232],[-3.79632,40.28178],[-3.79591,40.2817],[-3.79553,40.28165],[-3.79506,40.28163],[-3.79451,40.28168],[-3.79407,40.28176],[-3.79359,40.28191],[-3.79319,40.28209],[-3.79289,40.28227],[-3.79258,40.28249],[-3.79231,40.28274],[-3.79196,40.28319],[-3.79138,40.2842],[-3.79107,40.28464],[-3.7906,40.28515],[-3.79003,40.2856],[-3.78935,40.286],[-3.78863,40.28629],[-3.78803,40.28647],[-3.78612,40.28694]]},"properties":{"kind":"route","mode":"metro","route":"12-1","name":"Metro 12-1","destination":"PARQUE DE LOS ESTADOS","direction":"1","color":"#9C9100","source_date":"2026-05-29","terminus":"PUERTA DEL SUR","offset_index":0}},{"type":"Feature","id":"metro-route-39","geometry":{"type":"LineString","coordinates":[[-3.7556,40.28889],[-3.75891,40.28807],[-3.75968,40.2879],[-3.76061,40.2878],[-3.76109,40.28779],[-3.7616,40.28781],[-3.76236,40.28791],[-3.76318,40.28811],[-3.76748,40.28965],[-3.76824,40.28988],[-3.76881,40.29],[-3.76939,40.29008],[-3.77003,40.29012],[-3.77063,40.2901],[-3.77143,40.29002],[-3.77918,40.28901],[-3.78044,40.28881],[-3.78113,40.28864],[-3.7818,40.28842],[-3.78434,40.28735],[-3.78486,40.28719],[-3.7861,40.28689]]},"properties":{"kind":"route","mode":"metro","route":"12-2","name":"Metro 12-2","destination":"PARQUE DE LOS ESTADOS","direction":"1","color":"#9C9100","source_date":"2026-05-29","terminus":"PUERTA DEL SUR","offset_index":0}},{"type":"Feature","id":"metro-route-40","geometry":{"type":"LineString","coordinates":[[-3.78612,40.28694],[-3.78484,40.28725],[-3.78437,40.28739],[-3.78182,40.28846],[-3.78111,40.28869],[-3.78045,40.28885],[-3.77915,40.28906],[-3.77152,40.29005],[-3.77063,40.29014],[-3.77003,40.29016],[-3.76939,40.29013],[-3.76879,40.29005],[-3.76826,40.28993],[-3.76754,40.28971],[-3.7632,40.28817],[-3.76247,40.28798],[-3.7616,40.28786],[-3.76066,40.28784],[-3.76019,40.28788],[-3.75969,40.28795],[-3.75891,40.28811],[-3.75562,40.28893]]},"properties":{"kind":"route","mode":"metro","route":"12-1","name":"Metro 12-1","destination":"ARROYO CULEBRO","direction":"1","color":"#9C9100","source_date":"2026-05-29","terminus":"PUERTA DEL SUR","offset_index":0}},{"type":"Feature","id":"metro-route-41","geometry":{"type":"LineString","coordinates":[[-3.74619,40.29266],[-3.74713,40.29152],[-3.74774,40.29093],[-3.74836,40.29047],[-3.74878,40.29024],[-3.74918,40.29006],[-3.74977,40.28985],[-3.75043,40.28969],[-3.75102,40.28961],[-3.75251,40.28951],[-3.75327,40.28942],[-3.75397,40.28929],[-3.7556,40.28889]]},"properties":{"kind":"route","mode":"metro","route":"12-2","name":"Metro 12-2","destination":"ARROYO CULEBRO","direction":"1","color":"#9C9100","source_date":"2026-05-29","terminus":"PUERTA DEL SUR","offset_index":0}},{"type":"Feature","id":"metro-route-42","geometry":{"type":"LineString","coordinates":[[-3.75562,40.28893],[-3.75401,40.28932],[-3.75326,40.28946],[-3.75249,40.28955],[-3.75109,40.28965],[-3.75046,40.28973],[-3.74989,40.28986],[-3.74927,40.29007],[-3.74886,40.29025],[-3.7485,40.29045],[-3.74811,40.2907],[-3.74778,40.29096],[-3.74718,40.29155],[-3.74624,40.29268]]},"properties":{"kind":"route","mode":"metro","route":"12-1","name":"Metro 12-1","destination":"CONSERVATORIO","direction":"1","color":"#9C9100","source_date":"2026-05-29","terminus":"PUERTA DEL SUR","offset_index":0}},{"type":"Feature","id":"metro-route-43","geometry":{"type":"LineString","coordinates":[[-3.73701,40.30014],[-3.73713,40.29925],[-3.73729,40.29877],[-3.73745,40.29846],[-3.73761,40.29823],[-3.73783,40.29799],[-3.73805,40.29779],[-3.73854,40.29746],[-3.73886,40.29729],[-3.73916,40.29717],[-3.73977,40.297],[-3.74111,40.29677],[-3.74171,40.29662],[-3.7424,40.29636],[-3.7431,40.29599],[-3.74363,40.29562],[-3.74411,40.29516],[-3.74619,40.29266]]},"properties":{"kind":"route","mode":"metro","route":"12-2","name":"Metro 12-2","destination":"CONSERVATORIO","direction":"1","color":"#9C9100","source_date":"2026-05-29","terminus":"PUERTA DEL SUR","offset_index":0}},{"type":"Feature","id":"metro-route-44","geometry":{"type":"LineString","coordinates":[[-3.74624,40.29268],[-3.74416,40.29518],[-3.74372,40.29561],[-3.74319,40.296],[-3.74252,40.29636],[-3.74175,40.29665],[-3.74118,40.2968],[-3.73979,40.29705],[-3.73919,40.29721],[-3.73857,40.29749],[-3.7381,40.29782],[-3.73783,40.29807],[-3.73764,40.29828],[-3.73747,40.29854],[-3.73734,40.29878],[-3.73718,40.29929],[-3.73707,40.30014]]},"properties":{"kind":"route","mode":"metro","route":"12-1","name":"Metro 12-1","destination":"ALONSO DE MENDOZA","direction":"1","color":"#9C9100","source_date":"2026-05-29","terminus":"PUERTA DEL SUR","offset_index":0}},{"type":"Feature","id":"metro-route-45","geometry":{"type":"LineString","coordinates":[[-3.73494,40.3099],[-3.73575,40.30987],[-3.73633,40.30978],[-3.73692,40.3096],[-3.73743,40.30936],[-3.73793,40.30901],[-3.73831,40.30862],[-3.73859,40.30819],[-3.7387,40.30791],[-3.73877,40.30765],[-3.73882,40.30733],[-3.73882,40.30707],[-3.73878,40.30681],[-3.73872,40.30656],[-3.73852,40.30613],[-3.7379,40.30512],[-3.7376,40.30447],[-3.73741,40.3039],[-3.73695,40.302],[-3.73689,40.30164],[-3.73688,40.30137],[-3.73701,40.30014]]},"properties":{"kind":"route","mode":"metro","route":"12-2","name":"Metro 12-2","destination":"ALONSO DE MENDOZA","direction":"1","color":"#9C9100","source_date":"2026-05-29","terminus":"PUERTA DEL SUR","offset_index":0}},{"type":"Feature","id":"metro-route-46","geometry":{"type":"LineString","coordinates":[[-3.73707,40.30014],[-3.73694,40.30139],[-3.73697,40.30178],[-3.73706,40.30223],[-3.73748,40.30392],[-3.73769,40.30455],[-3.73802,40.30523],[-3.73861,40.30617],[-3.73877,40.30654],[-3.73885,40.30687],[-3.73888,40.30713],[-3.73887,40.3074],[-3.73882,40.30769],[-3.73866,40.30817],[-3.73838,40.30862],[-3.73797,40.30904],[-3.7375,40.30938],[-3.73695,40.30964],[-3.73635,40.30982],[-3.73576,40.30992],[-3.73494,40.30995]]},"properties":{"kind":"route","mode":"metro","route":"12-1","name":"Metro 12-1","destination":"GETAFE CENTRAL","direction":"1","color":"#9C9100","source_date":"2026-05-29","terminus":"PUERTA DEL SUR","offset_index":0}},{"type":"Feature","id":"metro-route-47","geometry":{"type":"LineString","coordinates":[[-3.72169,40.31255],[-3.72396,40.31019],[-3.7244,40.30979],[-3.72485,40.30948],[-3.72528,40.30926],[-3.72586,40.30904],[-3.72635,40.30892],[-3.72683,40.30885],[-3.72737,40.30882],[-3.72784,40.30884],[-3.72831,40.3089],[-3.72897,40.30905],[-3.73144,40.30974],[-3.73222,40.30989],[-3.73303,40.30993],[-3.73494,40.3099]]},"properties":{"kind":"route","mode":"metro","route":"12-2","name":"Metro 12-2","destination":"GETAFE CENTRAL","direction":"1","color":"#9C9100","source_date":"2026-05-29","terminus":"PUERTA DEL SUR","offset_index":0}},{"type":"Feature","id":"metro-route-48","geometry":{"type":"LineString","coordinates":[[-3.71039,40.31887],[-3.70986,40.31772],[-3.70974,40.31737],[-3.70965,40.31691],[-3.70968,40.31645],[-3.70982,40.31597],[-3.70996,40.31569],[-3.71012,40.31546],[-3.71033,40.31521],[-3.71052,40.31503],[-3.71077,40.31484],[-3.71106,40.31465],[-3.71154,40.31443],[-3.7121,40.31426],[-3.71273,40.31416],[-3.71334,40.31415],[-3.71381,40.31419],[-3.71434,40.31431],[-3.71474,40.31445],[-3.7159,40.3149],[-3.71654,40.31508],[-3.71695,40.31514],[-3.71737,40.31516],[-3.71784,40.31514],[-3.71826,40.31508],[-3.71862,40.31499],[-3.71908,40.31483],[-3.71948,40.31463],[-3.71983,40.3144],[-3.72033,40.31396],[-3.72169,40.31255]]},"properties":{"kind":"route","mode":"metro","route":"12-2","name":"Metro 12-2","destination":"JUAN DE LA CIERVA","direction":"1","color":"#9C9100","source_date":"2026-05-29","terminus":"PUERTA DEL SUR","offset_index":0}},{"type":"Feature","id":"metro-route-49","geometry":{"type":"LineString","coordinates":[[-3.73494,40.30995],[-3.73294,40.30997],[-3.73222,40.30993],[-3.73142,40.30978],[-3.72895,40.30909],[-3.72821,40.30893],[-3.72775,40.30888],[-3.72733,40.30886],[-3.72688,40.30889],[-3.72636,40.30896],[-3.72584,40.30909],[-3.72538,40.30926],[-3.72495,40.30948],[-3.72447,40.30979],[-3.724,40.31022],[-3.72173,40.31258]]},"properties":{"kind":"route","mode":"metro","route":"12-1","name":"Metro 12-1","destination":"JUAN DE LA CIERVA","direction":"1","color":"#9C9100","source_date":"2026-05-29","terminus":"PUERTA DEL SUR","offset_index":0}},{"type":"Feature","id":"metro-route-50","geometry":{"type":"LineString","coordinates":[[-3.71736,40.32375],[-3.71211,40.32085],[-3.71158,40.32052],[-3.71123,40.32023],[-3.71089,40.31985],[-3.71069,40.31952],[-3.71039,40.31887]]},"properties":{"kind":"route","mode":"metro","route":"12-2","name":"Metro 12-2","destination":"EL CASAR","direction":"1","color":"#9C9100","source_date":"2026-05-29","terminus":"PUERTA DEL SUR","offset_index":0}},{"type":"Feature","id":"metro-route-51","geometry":{"type":"LineString","coordinates":[[-3.72173,40.31258],[-3.72038,40.31399],[-3.71987,40.31444],[-3.71948,40.31469],[-3.71908,40.31488],[-3.71864,40.31503],[-3.71823,40.31513],[-3.7178,40.31519],[-3.71733,40.31521],[-3.7169,40.31518],[-3.71652,40.31512],[-3.71587,40.31495],[-3.7144,40.31438],[-3.71392,40.31426],[-3.71342,40.3142],[-3.71278,40.3142],[-3.7122,40.31428],[-3.71164,40.31444],[-3.7111,40.31469],[-3.7106,40.31504],[-3.71038,40.31524],[-3.71017,40.31548],[-3.71002,40.31571],[-3.70989,40.31595],[-3.7098,40.3162],[-3.70973,40.31649],[-3.70971,40.31691],[-3.7098,40.31739],[-3.70997,40.31783],[-3.71044,40.31886]]},"properties":{"kind":"route","mode":"metro","route":"12-1","name":"Metro 12-1","destination":"EL CASAR","direction":"1","color":"#9C9100","source_date":"2026-05-29","terminus":"PUERTA DEL SUR","offset_index":0}},{"type":"Feature","id":"metro-route-52","geometry":{"type":"LineString","coordinates":[[-3.72945,40.32892],[-3.72881,40.32824],[-3.7285,40.32797],[-3.72809,40.32769],[-3.72765,40.32748],[-3.72629,40.32699],[-3.72558,40.32676],[-3.7208,40.32547],[-3.7201,40.32525],[-3.71972,40.3251],[-3.71933,40.3249],[-3.71736,40.32375]]},"properties":{"kind":"route","mode":"metro","route":"12-2","name":"Metro 12-2","destination":"LOS ESPARTALES","direction":"1","color":"#9C9100","source_date":"2026-05-29","terminus":"PUERTA DEL SUR","offset_index":0}},{"type":"Feature","id":"metro-route-53","geometry":{"type":"LineString","coordinates":[[-3.71044,40.31886],[-3.71074,40.31951],[-3.71096,40.31986],[-3.71125,40.32018],[-3.71165,40.32051],[-3.71215,40.32082],[-3.7174,40.32371]]},"properties":{"kind":"route","mode":"metro","route":"12-1","name":"Metro 12-1","destination":"LOS ESPARTALES","direction":"1","color":"#9C9100","source_date":"2026-05-29","terminus":"PUERTA DEL SUR","offset_index":0}},{"type":"Feature","id":"metro-route-54","geometry":{"type":"LineString","coordinates":[[-3.74134,40.33632],[-3.73868,40.33694],[-3.73804,40.33703],[-3.7374,40.33706],[-3.73667,40.33701],[-3.73621,40.33693],[-3.73584,40.33684],[-3.73514,40.33659],[-3.7345,40.33625],[-3.73409,40.33596],[-3.7337,40.33561],[-3.7334,40.33525],[-3.73315,40.33486],[-3.733,40.33456],[-3.73287,40.33417],[-3.73265,40.33311],[-3.73254,40.33271],[-3.73238,40.3323],[-3.73215,40.33192],[-3.73168,40.33133],[-3.72945,40.32892]]},"properties":{"kind":"route","mode":"metro","route":"12-2","name":"Metro 12-2","destination":"EL BERCIAL","direction":"1","color":"#9C9100","source_date":"2026-05-29","terminus":"PUERTA DEL SUR","offset_index":0}},{"type":"Feature","id":"metro-route-55","geometry":{"type":"LineString","coordinates":[[-3.7174,40.32371],[-3.71936,40.32486],[-3.71975,40.32506],[-3.72013,40.32521],[-3.72082,40.32543],[-3.7256,40.32672],[-3.72768,40.32744],[-3.72816,40.32767],[-3.72855,40.32793],[-3.72885,40.32821],[-3.7295,40.3289]]},"properties":{"kind":"route","mode":"metro","route":"12-1","name":"Metro 12-1","destination":"EL BERCIAL","direction":"1","color":"#9C9100","source_date":"2026-05-29","terminus":"PUERTA DEL SUR","offset_index":0}},{"type":"Feature","id":"metro-route-56","geometry":{"type":"LineString","coordinates":[[-3.71208,40.34095],[-3.71432,40.34002],[-3.71507,40.33969],[-3.71581,40.3393],[-3.71629,40.33895],[-3.71666,40.33851],[-3.71715,40.33784],[-3.71749,40.33744],[-3.71773,40.33708],[-3.71804,40.33637],[-3.71825,40.33579],[-3.71837,40.33538],[-3.71847,40.33453],[-3.71838,40.33371],[-3.71834,40.33355],[-3.7174,40.33202],[-3.71657,40.33113],[-3.71469,40.32936],[-3.71435,40.32906],[-3.71391,40.32851],[-3.71298,40.32769],[-3.71195,40.32657],[-3.7113,40.32619],[-3.71068,40.32547],[-3.70945,40.32366],[-3.7093,40.32295],[-3.70919,40.3227],[-3.70912,40.32224],[-3.70915,40.32094],[-3.70939,40.31855]]},"properties":{"kind":"route","mode":"metro","route":"3","name":"Metro 3","destination":"EL CASAR","direction":"2","color":"#FFBC00","source_date":"2026-05-29","terminus":"EL CASAR","offset_index":0}},{"type":"Feature","id":"metro-route-57","geometry":{"type":"LineString","coordinates":[[-3.75351,40.33471],[-3.75077,40.33466],[-3.75004,40.33469],[-3.74928,40.33477],[-3.74455,40.33557],[-3.74134,40.33632]]},"properties":{"kind":"route","mode":"metro","route":"12-2","name":"Metro 12-2","destination":"EL CARRASCAL","direction":"1","color":"#9C9100","source_date":"2026-05-29","terminus":"PUERTA DEL SUR","offset_index":0}},{"type":"Feature","id":"metro-route-58","geometry":{"type":"LineString","coordinates":[[-3.7295,40.3289],[-3.73175,40.33134],[-3.73218,40.33187],[-3.73241,40.33224],[-3.73259,40.33266],[-3.73269,40.33302],[-3.73293,40.33418],[-3.73306,40.33456],[-3.73319,40.33483],[-3.73344,40.33521],[-3.73373,40.33557],[-3.73412,40.33592],[-3.73452,40.33621],[-3.73511,40.33652],[-3.7358,40.33678],[-3.73616,40.33687],[-3.73662,40.33695],[-3.73734,40.33701],[-3.73797,40.33699],[-3.73864,40.3369],[-3.74132,40.33628]]},"properties":{"kind":"route","mode":"metro","route":"12-1","name":"Metro 12-1","destination":"EL CARRASCAL","direction":"1","color":"#9C9100","source_date":"2026-05-29","terminus":"PUERTA DEL SUR","offset_index":0}},{"type":"Feature","id":"metro-route-59","geometry":{"type":"LineString","coordinates":[[-3.74132,40.33628],[-3.74458,40.33552],[-3.74935,40.33471],[-3.75008,40.33464],[-3.75076,40.33461],[-3.75351,40.33466]]},"properties":{"kind":"route","mode":"metro","route":"12-1","name":"Metro 12-1","destination":"JULIAN BESTEIRO","direction":"1","color":"#9C9100","source_date":"2026-05-29","terminus":"PUERTA DEL SUR","offset_index":0}},{"type":"Feature","id":"metro-route-60","geometry":{"type":"LineString","coordinates":[[-3.76026,40.32597],[-3.75935,40.32692],[-3.75903,40.3273],[-3.75888,40.32753],[-3.7587,40.32787],[-3.75852,40.3284],[-3.75845,40.32893],[-3.75848,40.32944],[-3.75855,40.32983],[-3.75898,40.33161],[-3.75905,40.33218],[-3.75902,40.33254],[-3.75894,40.33284],[-3.75879,40.33318],[-3.7586,40.33347],[-3.75825,40.33385],[-3.75778,40.33419],[-3.75727,40.33444],[-3.75672,40.33462],[-3.75621,40.33471],[-3.7557,40.33474],[-3.75351,40.33471]]},"properties":{"kind":"route","mode":"metro","route":"12-2","name":"Metro 12-2","destination":"JULIAN BESTEIRO","direction":"1","color":"#9C9100","source_date":"2026-05-29","terminus":"PUERTA DEL SUR","offset_index":0}},{"type":"Feature","id":"metro-route-61","geometry":{"type":"LineString","coordinates":[[-3.75351,40.33466],[-3.75565,40.3347],[-3.75612,40.33467],[-3.75666,40.33459],[-3.75725,40.3344],[-3.75774,40.33416],[-3.75815,40.33387],[-3.75853,40.33348],[-3.7587,40.33322],[-3.75886,40.33289],[-3.75895,40.33257],[-3.75899,40.33218],[-3.75892,40.33162],[-3.75849,40.32984],[-3.75842,40.32944],[-3.75839,40.32895],[-3.75846,40.32843],[-3.75855,40.3281],[-3.75865,40.32785],[-3.75881,40.32755],[-3.75898,40.32728],[-3.7593,40.32689],[-3.76021,40.32594]]},"properties":{"kind":"route","mode":"metro","route":"12-1","name":"Metro 12-1","destination":"CASA DEL RELOJ","direction":"1","color":"#9C9100","source_date":"2026-05-29","terminus":"PUERTA DEL SUR","offset_index":0}},{"type":"Feature","id":"metro-route-62","geometry":{"type":"LineString","coordinates":[[-3.76781,40.32179],[-3.76631,40.3218],[-3.76559,40.32186],[-3.76514,40.32195],[-3.76478,40.32205],[-3.76443,40.32218],[-3.764,40.32238],[-3.76351,40.3227],[-3.76309,40.32306],[-3.76026,40.32597]]},"properties":{"kind":"route","mode":"metro","route":"12-2","name":"Metro 12-2","destination":"CASA DEL RELOJ","direction":"1","color":"#9C9100","source_date":"2026-05-29","terminus":"PUERTA DEL SUR","offset_index":0}},{"type":"Feature","id":"metro-route-63","geometry":{"type":"LineString","coordinates":[[-3.76021,40.32594],[-3.76304,40.32303],[-3.76347,40.32266],[-3.76393,40.32237],[-3.76429,40.32219],[-3.76468,40.32204],[-3.76512,40.32191],[-3.76549,40.32183],[-3.7663,40.32176],[-3.76781,40.32175]]},"properties":{"kind":"route","mode":"metro","route":"12-1","name":"Metro 12-1","destination":"HOSPITAL SEVERO OCHOA","direction":"1","color":"#9C9100","source_date":"2026-05-29","terminus":"PUERTA DEL SUR","offset_index":0}},{"type":"Feature","id":"metro-route-64","geometry":{"type":"LineString","coordinates":[[-3.77236,40.32809],[-3.77318,40.32701],[-3.77348,40.32658],[-3.77372,40.32613],[-3.77387,40.32565],[-3.77391,40.32539],[-3.77392,40.32507],[-3.77391,40.32481],[-3.77385,40.32452],[-3.77367,40.32399],[-3.77336,40.32349],[-3.77316,40.32324],[-3.7729,40.32298],[-3.77239,40.32259],[-3.77181,40.32227],[-3.77116,40.32203],[-3.77059,40.32189],[-3.77,40.32182],[-3.76941,40.3218],[-3.76781,40.32179]]},"properties":{"kind":"route","mode":"metro","route":"12-2","name":"Metro 12-2","destination":"HOSPITAL SEVERO OCHOA","direction":"1","color":"#9C9100","source_date":"2026-05-29","terminus":"PUERTA DEL SUR","offset_index":0}},{"type":"Feature","id":"metro-route-65","geometry":{"type":"LineString","coordinates":[[-3.76781,40.32175],[-3.76996,40.32177],[-3.77056,40.32184],[-3.77122,40.322],[-3.77187,40.32225],[-3.7725,40.3226],[-3.773,40.323],[-3.77323,40.32324],[-3.77344,40.32349],[-3.77372,40.32397],[-3.77385,40.32429],[-3.77392,40.32454],[-3.77396,40.32481],[-3.77398,40.3251],[-3.77397,40.3254],[-3.77392,40.32569],[-3.77377,40.32614],[-3.77353,40.3266],[-3.77323,40.32703],[-3.77241,40.32811]]},"properties":{"kind":"route","mode":"metro","route":"12-1","name":"Metro 12-1","destination":"LEGANES CENTRAL","direction":"1","color":"#9C9100","source_date":"2026-05-29","terminus":"PUERTA DEL SUR","offset_index":0}},{"type":"Feature","id":"metro-route-66","geometry":{"type":"LineString","coordinates":[[-3.77674,40.33673],[-3.7753,40.33559],[-3.7719,40.33261],[-3.77141,40.33211],[-3.77111,40.33167],[-3.77095,40.33126],[-3.77089,40.33087],[-3.77091,40.33044],[-3.771,40.33008],[-3.77111,40.32983],[-3.7713,40.3295],[-3.77236,40.32809]]},"properties":{"kind":"route","mode":"metro","route":"12-2","name":"Metro 12-2","destination":"LEGANES CENTRAL","direction":"1","color":"#9C9100","source_date":"2026-05-29","terminus":"PUERTA DEL SUR","offset_index":0}},{"type":"Feature","id":"metro-route-67","geometry":{"type":"LineString","coordinates":[[-3.77241,40.32811],[-3.77139,40.32946],[-3.77118,40.32982],[-3.77106,40.33009],[-3.77096,40.33048],[-3.77095,40.3309],[-3.77102,40.33128],[-3.77117,40.33166],[-3.77146,40.33209],[-3.77186,40.33251],[-3.77534,40.33556],[-3.77679,40.33671]]},"properties":{"kind":"route","mode":"metro","route":"12-1","name":"Metro 12-1","destination":"SAN NICASIO","direction":"1","color":"#9C9100","source_date":"2026-05-29","terminus":"PUERTA DEL SUR","offset_index":0}},{"type":"Feature","id":"metro-route-68","geometry":{"type":"LineString","coordinates":[[-3.81199,40.34521],[-3.80931,40.34388],[-3.80868,40.3436],[-3.80795,40.34334],[-3.80703,40.34307],[-3.80111,40.3415],[-3.80044,40.34129],[-3.79904,40.34079],[-3.79841,40.34059],[-3.79776,40.34044],[-3.79713,40.34034],[-3.7965,40.34029],[-3.79586,40.34028],[-3.79522,40.34031],[-3.79455,40.3404],[-3.79368,40.34057],[-3.78745,40.34193],[-3.78674,40.34205],[-3.78614,40.3421],[-3.78558,40.3421],[-3.78494,40.34204],[-3.78435,40.34193],[-3.78375,40.34176],[-3.78325,40.34157],[-3.78278,40.34134],[-3.78231,40.34105],[-3.78174,40.34063],[-3.77674,40.33673]]},"properties":{"kind":"route","mode":"metro","route":"12-2","name":"Metro 12-2","destination":"SAN NICASIO","direction":"1","color":"#9C9100","source_date":"2026-05-29","terminus":"PUERTA DEL SUR","offset_index":0}},{"type":"Feature","id":"metro-route-69","geometry":{"type":"LineString","coordinates":[[-3.75671,40.36449],[-3.75744,40.36371],[-3.75777,40.36319],[-3.75816,40.36236],[-3.75876,40.35983],[-3.75938,40.35879],[-3.76052,40.35786],[-3.76193,40.35717],[-3.76429,40.35658],[-3.76721,40.3564],[-3.77051,40.35645],[-3.77333,40.35659],[-3.7748,40.35684],[-3.77581,40.35703],[-3.77697,40.35746],[-3.77779,40.35792]]},"properties":{"kind":"route","mode":"metro","route":"11","name":"Metro 11","destination":"LA FORTUNA","direction":"1","color":"#009B3A","source_date":"2026-05-29","terminus":"LA FORTUNA","offset_index":0}},{"type":"Feature","id":"metro-route-70","geometry":{"type":"LineString","coordinates":[[-3.62137,40.3794],[-3.62509,40.38269]]},"properties":{"kind":"route","mode":"metro","route":"1","name":"Metro 1","destination":"SIERRA DE GUADALUPE","direction":"2","color":"#009DE3","source_date":"2026-05-29","terminus":"PINAR DE CHAMARTIN","offset_index":0}},{"type":"Feature","id":"metro-route-71","geometry":{"type":"LineString","coordinates":[[-3.63882,40.38709],[-3.63769,40.38655],[-3.63663,40.38608],[-3.6347,40.38539],[-3.63414,40.38525],[-3.63367,40.38519],[-3.63318,40.38518],[-3.62903,40.38529],[-3.62845,40.38524],[-3.62799,40.38513],[-3.62747,40.38492],[-3.62717,40.38476],[-3.62692,40.38457],[-3.62652,40.3842],[-3.62505,40.3827]]},"properties":{"kind":"route","mode":"metro","route":"1","name":"Metro 1","destination":"SIERRA DE GUADALUPE","direction":"1","color":"#009DE3","source_date":"2026-05-29","terminus":"VALDECARROS","offset_index":0}},{"type":"Feature","id":"metro-route-72","geometry":{"type":"LineString","coordinates":[[-3.61895,40.37239],[-3.62137,40.3794]]},"properties":{"kind":"route","mode":"metro","route":"1","name":"Metro 1","destination":"VILLA DE VALLECAS","direction":"2","color":"#009DE3","source_date":"2026-05-29","terminus":"PINAR DE CHAMARTIN","offset_index":0}},{"type":"Feature","id":"metro-route-73","geometry":{"type":"LineString","coordinates":[[-3.62505,40.3827],[-3.62133,40.37941]]},"properties":{"kind":"route","mode":"metro","route":"1","name":"Metro 1","destination":"VILLA DE VALLECAS","direction":"1","color":"#009DE3","source_date":"2026-05-29","terminus":"VALDECARROS","offset_index":0}},{"type":"Feature","id":"metro-route-74","geometry":{"type":"LineString","coordinates":[[-3.70492,40.43868],[-3.71074,40.4389],[-3.71376,40.43904]]},"properties":{"kind":"route","mode":"metro","route":"7A","name":"Metro 7A","destination":"ISLAS FILIPINAS","direction":"1","color":"#F55C24","source_date":"2026-05-29","terminus":"PITIS","offset_index":0}},{"type":"Feature","id":"metro-route-75","geometry":{"type":"LineString","coordinates":[[-3.71343,40.4467],[-3.71377,40.44592],[-3.71394,40.44559],[-3.7142,40.44524],[-3.71449,40.44496],[-3.7149,40.44467],[-3.71538,40.44443],[-3.71589,40.44426],[-3.71752,40.44383],[-3.71793,40.44366],[-3.71831,40.44345],[-3.71856,40.44327],[-3.71878,40.44308],[-3.71897,40.44286],[-3.71913,40.44263],[-3.71928,40.44236],[-3.71936,40.44215],[-3.71944,40.4417],[-3.71943,40.44134],[-3.71937,40.44105],[-3.71928,40.4408],[-3.71908,40.44044],[-3.71884,40.44014],[-3.71857,40.43989],[-3.71826,40.43967],[-3.71788,40.43946],[-3.7173,40.43926],[-3.71697,40.43918],[-3.7166,40.43913],[-3.71619,40.43911],[-3.71496,40.43913],[-3.71375,40.43909]]},"properties":{"kind":"route","mode":"metro","route":"7A","name":"Metro 7A","destination":"ISLAS FILIPINAS","direction":"2","color":"#F55C24","source_date":"2026-05-29","terminus":"ESTADIO METROPOLITANO","offset_index":0}},{"type":"Feature","id":"metro-route-76","geometry":{"type":"LineString","coordinates":[[-3.71376,40.43904],[-3.71494,40.43909],[-3.71619,40.43907],[-3.71663,40.43909],[-3.71726,40.4392],[-3.71788,40.43941],[-3.71824,40.4396],[-3.71857,40.43982],[-3.71885,40.44007],[-3.71909,40.44035],[-3.71924,40.44058],[-3.7194,40.44093],[-3.71947,40.44122],[-3.71951,40.44158],[-3.71945,40.44204],[-3.71933,40.44239],[-3.71908,40.44281],[-3.7187,40.44322],[-3.71826,40.44354],[-3.71776,40.44379],[-3.71724,40.44396],[-3.71559,40.4444],[-3.71518,40.44457],[-3.71481,40.44478],[-3.71454,40.44499],[-3.71435,40.44516],[-3.71403,40.44555],[-3.71382,40.44594],[-3.71349,40.44671]]},"properties":{"kind":"route","mode":"metro","route":"7A","name":"Metro 7A","destination":"GUZMAN EL BUENO","direction":"1","color":"#F55C24","source_date":"2026-05-29","terminus":"PITIS","offset_index":0}},{"type":"Feature","id":"metro-route-77","geometry":{"type":"LineString","coordinates":[[-3.71225,40.45638],[-3.71307,40.45519],[-3.71328,40.45484],[-3.71348,40.45438],[-3.71357,40.45396],[-3.71357,40.45357],[-3.71348,40.45316],[-3.71256,40.45056],[-3.71245,40.45015],[-3.7124,40.44975],[-3.71243,40.44929],[-3.71254,40.44886],[-3.71343,40.4467]]},"properties":{"kind":"route","mode":"metro","route":"7A","name":"Metro 7A","destination":"GUZMAN EL BUENO","direction":"2","color":"#F55C24","source_date":"2026-05-29","terminus":"ESTADIO METROPOLITANO","offset_index":0}},{"type":"Feature","id":"metro-route-78","geometry":{"type":"LineString","coordinates":[[-3.71349,40.44671],[-3.71261,40.44882],[-3.71249,40.44928],[-3.71246,40.44977],[-3.7125,40.45012],[-3.71262,40.45055],[-3.71355,40.45316],[-3.71363,40.45365],[-3.71362,40.45405],[-3.71351,40.45447],[-3.71333,40.45487],[-3.71311,40.45523],[-3.7123,40.4564]]},"properties":{"kind":"route","mode":"metro","route":"7A","name":"Metro 7A","destination":"FRANCOS RODRIGUEZ","direction":"1","color":"#F55C24","source_date":"2026-05-29","terminus":"PITIS","offset_index":0}},{"type":"Feature","id":"metro-route-79","geometry":{"type":"LineString","coordinates":[[-3.71588,40.46481],[-3.71366,40.46441],[-3.71317,40.46428],[-3.71271,40.4641],[-3.71218,40.4638],[-3.71182,40.46352],[-3.71145,40.46312],[-3.71129,40.46289],[-3.71116,40.46264],[-3.71107,40.46239],[-3.711,40.46213],[-3.71096,40.4616],[-3.71112,40.45897],[-3.71118,40.4584],[-3.71129,40.45798],[-3.71146,40.45757],[-3.71164,40.45727],[-3.71225,40.45638]]},"properties":{"kind":"route","mode":"metro","route":"7A","name":"Metro 7A","destination":"FRANCOS RODRIGUEZ","direction":"2","color":"#F55C24","source_date":"2026-05-29","terminus":"ESTADIO METROPOLITANO","offset_index":0}},{"type":"Feature","id":"metro-route-80","geometry":{"type":"LineString","coordinates":[[-3.71589,40.46476],[-3.71755,40.46507],[-3.71797,40.46521],[-3.71836,40.46539],[-3.71879,40.46568],[-3.71912,40.466],[-3.71937,40.46637],[-3.71953,40.46678],[-3.71959,40.46721],[-3.71957,40.46756],[-3.71935,40.46859],[-3.71926,40.46884],[-3.71914,40.4691],[-3.7189,40.46945],[-3.71859,40.46974],[-3.71837,40.46991],[-3.71744,40.47049]]},"properties":{"kind":"route","mode":"metro","route":"7A","name":"Metro 7A","destination":"ANTONIO MACHADO","direction":"1","color":"#F55C24","source_date":"2026-05-29","terminus":"PITIS","offset_index":0}},{"type":"Feature","id":"metro-route-81","geometry":{"type":"LineString","coordinates":[[-3.71583,40.47566],[-3.71514,40.47337],[-3.7151,40.47295],[-3.71512,40.47271],[-3.71519,40.47244],[-3.71529,40.47219],[-3.71543,40.47193],[-3.71561,40.47171],[-3.71583,40.47149],[-3.71619,40.47121],[-3.71741,40.47046]]},"properties":{"kind":"route","mode":"metro","route":"7A","name":"Metro 7A","destination":"ANTONIO MACHADO","direction":"2","color":"#F55C24","source_date":"2026-05-29","terminus":"ESTADIO METROPOLITANO","offset_index":0}},{"type":"Feature","id":"metro-route-82","geometry":{"type":"LineString","coordinates":[[-3.71744,40.47049],[-3.71626,40.47123],[-3.71587,40.47152],[-3.71567,40.47172],[-3.71549,40.47195],[-3.71535,40.47219],[-3.71525,40.47245],[-3.71519,40.47266],[-3.71516,40.47291],[-3.71521,40.47338],[-3.71535,40.47391],[-3.71588,40.47565]]},"properties":{"kind":"route","mode":"metro","route":"7A","name":"Metro 7A","destination":"PEÑAGRANDE","direction":"1","color":"#F55C24","source_date":"2026-05-29","terminus":"PITIS","offset_index":0}},{"type":"Feature","id":"metro-route-83","geometry":{"type":"LineString","coordinates":[[-3.71841,40.48016],[-3.7169,40.47822],[-3.71652,40.47767],[-3.71628,40.47714],[-3.71583,40.47566]]},"properties":{"kind":"route","mode":"metro","route":"7A","name":"Metro 7A","destination":"PEÑAGRANDE","direction":"2","color":"#F55C24","source_date":"2026-05-29","terminus":"ESTADIO METROPOLITANO","offset_index":0}},{"type":"Feature","id":"metro-route-84","geometry":{"type":"LineString","coordinates":[[-3.71846,40.48014],[-3.71906,40.4809],[-3.71951,40.48136],[-3.72003,40.4817],[-3.72127,40.48235],[-3.72161,40.48259],[-3.72184,40.4828],[-3.72204,40.48305],[-3.72226,40.4834],[-3.72307,40.48496]]},"properties":{"kind":"route","mode":"metro","route":"7A","name":"Metro 7A","destination":"LACOMA","direction":"1","color":"#F55C24","source_date":"2026-05-29","terminus":"PITIS","offset_index":0}},{"type":"Feature","id":"metro-route-85","geometry":{"type":"LineString","coordinates":[[-3.72601,40.4909],[-3.72476,40.48837],[-3.72301,40.48498]]},"properties":{"kind":"route","mode":"metro","route":"7A","name":"Metro 7A","destination":"LACOMA","direction":"2","color":"#F55C24","source_date":"2026-05-29","terminus":"ESTADIO METROPOLITANO","offset_index":0}},{"type":"Feature","id":"metro-route-86","geometry":{"type":"LineString","coordinates":[[-3.72307,40.48496],[-3.72484,40.48841],[-3.72606,40.49089]]},"properties":{"kind":"route","mode":"metro","route":"7A","name":"Metro 7A","destination":"ARROYOFRESNO","direction":"1","color":"#F55C24","source_date":"2026-05-29","terminus":"PITIS","offset_index":0}},{"type":"Feature","id":"metro-route-87","geometry":{"type":"LineString","coordinates":[[-3.72509,40.49551],[-3.72614,40.49443],[-3.72641,40.49412],[-3.72664,40.49375],[-3.72679,40.49332],[-3.72682,40.49307],[-3.72681,40.49281],[-3.72671,40.49237],[-3.72657,40.49203],[-3.72601,40.4909]]},"properties":{"kind":"route","mode":"metro","route":"7A","name":"Metro 7A","destination":"ARROYOFRESNO","direction":"2","color":"#F55C24","source_date":"2026-05-29","terminus":"ESTADIO METROPOLITANO","offset_index":0}},{"type":"Feature","id":"metro-route-88","geometry":{"type":"LineString","coordinates":[[-3.72606,40.49089],[-3.72663,40.49204],[-3.72678,40.4924],[-3.72687,40.4928],[-3.72688,40.493],[-3.72686,40.49328],[-3.72673,40.49369],[-3.72661,40.49393],[-3.72647,40.49414],[-3.72622,40.49443],[-3.72513,40.49554]]},"properties":{"kind":"route","mode":"metro","route":"7A","name":"Metro 7A","destination":"PITIS","direction":"1","color":"#F55C24","source_date":"2026-05-29","terminus":"PITIS","offset_index":0}},{"type":"Feature","id":"metro-route-89","geometry":{"type":"LineString","coordinates":[[-3.61305,40.37007],[-3.61372,40.37026],[-3.61496,40.37036],[-3.61652,40.37057],[-3.61768,40.37102],[-3.61844,40.37158],[-3.61895,40.37239]]},"properties":{"kind":"route","mode":"metro","route":"1","name":"Metro 1","destination":"CONGOSTO","direction":"2","color":"#009DE3","source_date":"2026-05-29","terminus":"PINAR DE CHAMARTIN","offset_index":0}},{"type":"Feature","id":"metro-route-90","geometry":{"type":"LineString","coordinates":[[-3.62133,40.37941],[-3.61892,40.3724]]},"properties":{"kind":"route","mode":"metro","route":"1","name":"Metro 1","destination":"CONGOSTO","direction":"1","color":"#009DE3","source_date":"2026-05-29","terminus":"VALDECARROS","offset_index":0}},{"type":"Feature","id":"metro-route-91","geometry":{"type":"LineString","coordinates":[[-3.59415,40.45352],[-3.59477,40.45322],[-3.59516,40.45311],[-3.59637,40.45291],[-3.59756,40.4528],[-3.59873,40.45274],[-3.60234,40.45265],[-3.6029,40.45255],[-3.6033,40.45238],[-3.6048,40.45141],[-3.60597,40.45072],[-3.60685,40.45017],[-3.60894,40.44879]]},"properties":{"kind":"route","mode":"metro","route":"5","name":"Metro 5","destination":"CANILLEJAS","direction":"1","color":"#8FD400","source_date":"2026-05-29","terminus":"CASA DE CAMPO","offset_index":0}},{"type":"Feature","id":"metro-route-92","geometry":{"type":"LineString","coordinates":[[-3.61801,40.44333],[-3.61714,40.44357],[-3.61681,40.44371],[-3.61658,40.44384],[-3.61507,40.44481],[-3.61254,40.44649],[-3.60898,40.44882]]},"properties":{"kind":"route","mode":"metro","route":"5","name":"Metro 5","destination":"CANILLEJAS","direction":"2","color":"#8FD400","source_date":"2026-05-29","terminus":"ALAMEDA DE OSUNA","offset_index":0}},{"type":"Feature","id":"metro-route-93","geometry":{"type":"LineString","coordinates":[[-3.60894,40.44879],[-3.61255,40.44643],[-3.61506,40.44476],[-3.61655,40.44381],[-3.61684,40.44365],[-3.61707,40.44355],[-3.61799,40.4433]]},"properties":{"kind":"route","mode":"metro","route":"5","name":"Metro 5","destination":"TORRE ARIAS","direction":"1","color":"#8FD400","source_date":"2026-05-29","terminus":"CASA DE CAMPO","offset_index":0}},{"type":"Feature","id":"metro-route-94","geometry":{"type":"LineString","coordinates":[[-3.62671,40.44095],[-3.61801,40.44333]]},"properties":{"kind":"route","mode":"metro","route":"5","name":"Metro 5","destination":"TORRE ARIAS","direction":"2","color":"#8FD400","source_date":"2026-05-29","terminus":"ALAMEDA DE OSUNA","offset_index":0}},{"type":"Feature","id":"metro-route-95","geometry":{"type":"LineString","coordinates":[[-3.61799,40.4433],[-3.6267,40.44091]]},"properties":{"kind":"route","mode":"metro","route":"5","name":"Metro 5","destination":"SUANZES","direction":"1","color":"#8FD400","source_date":"2026-05-29","terminus":"CASA DE CAMPO","offset_index":0}},{"type":"Feature","id":"metro-route-96","geometry":{"type":"LineString","coordinates":[[-3.63719,40.4381],[-3.62671,40.44095]]},"properties":{"kind":"route","mode":"metro","route":"5","name":"Metro 5","destination":"SUANZES","direction":"2","color":"#8FD400","source_date":"2026-05-29","terminus":"ALAMEDA DE OSUNA","offset_index":0}},{"type":"Feature","id":"metro-route-97","geometry":{"type":"LineString","coordinates":[[-3.6267,40.44091],[-3.63717,40.43806]]},"properties":{"kind":"route","mode":"metro","route":"5","name":"Metro 5","destination":"CIUDAD LINEAL","direction":"1","color":"#8FD400","source_date":"2026-05-29","terminus":"CASA DE CAMPO","offset_index":0}},{"type":"Feature","id":"metro-route-98","geometry":{"type":"LineString","coordinates":[[-3.64272,40.43572],[-3.63869,40.43767],[-3.63826,40.43781],[-3.63719,40.4381]]},"properties":{"kind":"route","mode":"metro","route":"5","name":"Metro 5","destination":"CIUDAD LINEAL","direction":"2","color":"#8FD400","source_date":"2026-05-29","terminus":"ALAMEDA DE OSUNA","offset_index":0}},{"type":"Feature","id":"metro-route-99","geometry":{"type":"LineString","coordinates":[[-3.63717,40.43806],[-3.63824,40.43778],[-3.63866,40.43763],[-3.64269,40.43568]]},"properties":{"kind":"route","mode":"metro","route":"5","name":"Metro 5","destination":"PUEBLO NUEVO","direction":"1","color":"#8FD400","source_date":"2026-05-29","terminus":"CASA DE CAMPO","offset_index":0}},{"type":"Feature","id":"metro-route-100","geometry":{"type":"LineString","coordinates":[[-3.64802,40.43321],[-3.64696,40.43365],[-3.64272,40.43572]]},"properties":{"kind":"route","mode":"metro","route":"5","name":"Metro 5","destination":"PUEBLO NUEVO","direction":"2","color":"#8FD400","source_date":"2026-05-29","terminus":"ALAMEDA DE OSUNA","offset_index":0}},{"type":"Feature","id":"metro-route-101","geometry":{"type":"LineString","coordinates":[[-3.64269,40.43568],[-3.64689,40.43364],[-3.64741,40.4334],[-3.648,40.43317]]},"properties":{"kind":"route","mode":"metro","route":"5","name":"Metro 5","destination":"QUINTANA","direction":"1","color":"#8FD400","source_date":"2026-05-29","terminus":"CASA DE CAMPO","offset_index":0}},{"type":"Feature","id":"metro-route-102","geometry":{"type":"LineString","coordinates":[[-3.65627,40.43198],[-3.6489,40.433],[-3.64846,40.43309],[-3.64802,40.43321]]},"properties":{"kind":"route","mode":"metro","route":"5","name":"Metro 5","destination":"QUINTANA","direction":"2","color":"#8FD400","source_date":"2026-05-29","terminus":"ALAMEDA DE OSUNA","offset_index":0}},{"type":"Feature","id":"metro-route-103","geometry":{"type":"LineString","coordinates":[[-3.648,40.43317],[-3.64844,40.43305],[-3.64888,40.43296],[-3.65626,40.43194]]},"properties":{"kind":"route","mode":"metro","route":"5","name":"Metro 5","destination":"EL CARMEN","direction":"1","color":"#8FD400","source_date":"2026-05-29","terminus":"CASA DE CAMPO","offset_index":0}},{"type":"Feature","id":"metro-route-104","geometry":{"type":"LineString","coordinates":[[-3.6642,40.43168],[-3.66315,40.43126],[-3.66273,40.43117],[-3.66232,40.43115],[-3.65627,40.43198]]},"properties":{"kind":"route","mode":"metro","route":"5","name":"Metro 5","destination":"EL CARMEN","direction":"2","color":"#8FD400","source_date":"2026-05-29","terminus":"ALAMEDA DE OSUNA","offset_index":0}},{"type":"Feature","id":"metro-route-105","geometry":{"type":"LineString","coordinates":[[-3.65626,40.43194],[-3.66232,40.43111],[-3.66272,40.43113],[-3.66314,40.43121],[-3.66423,40.43165]]},"properties":{"kind":"route","mode":"metro","route":"5","name":"Metro 5","destination":"VENTAS","direction":"1","color":"#8FD400","source_date":"2026-05-29","terminus":"CASA DE CAMPO","offset_index":0}},{"type":"Feature","id":"metro-route-106","geometry":{"type":"LineString","coordinates":[[-3.67416,40.43239],[-3.67308,40.43234],[-3.67277,40.43231],[-3.67243,40.43222],[-3.67172,40.43195],[-3.6714,40.43189],[-3.6711,40.43187],[-3.66688,40.43234],[-3.66649,40.43236],[-3.66614,40.43235],[-3.66581,40.43231],[-3.66548,40.43222],[-3.6642,40.43168]]},"properties":{"kind":"route","mode":"metro","route":"5","name":"Metro 5","destination":"VENTAS","direction":"2","color":"#8FD400","source_date":"2026-05-29","terminus":"ALAMEDA DE OSUNA","offset_index":0}},{"type":"Feature","id":"metro-route-107","geometry":{"type":"LineString","coordinates":[[-3.67417,40.43235],[-3.68205,40.43274]]},"properties":{"kind":"route","mode":"metro","route":"5","name":"Metro 5","destination":"NUÑEZ DE BALBOA","direction":"1","color":"#8FD400","source_date":"2026-05-29","terminus":"CASA DE CAMPO","offset_index":0}},{"type":"Feature","id":"metro-route-108","geometry":{"type":"LineString","coordinates":[[-3.68991,40.43303],[-3.68826,40.43308],[-3.68204,40.43278]]},"properties":{"kind":"route","mode":"metro","route":"5","name":"Metro 5","destination":"NUÑEZ DE BALBOA","direction":"2","color":"#8FD400","source_date":"2026-05-29","terminus":"ALAMEDA DE OSUNA","offset_index":0}},{"type":"Feature","id":"metro-route-109","geometry":{"type":"LineString","coordinates":[[-3.68205,40.43274],[-3.68826,40.43304],[-3.6899,40.43299]]},"properties":{"kind":"route","mode":"metro","route":"5","name":"Metro 5","destination":"RUBEN DARIO","direction":"1","color":"#8FD400","source_date":"2026-05-29","terminus":"CASA DE CAMPO","offset_index":0}},{"type":"Feature","id":"metro-route-110","geometry":{"type":"LineString","coordinates":[[-3.69499,40.42839],[-3.69314,40.4301],[-3.69277,40.43049],[-3.69247,40.43093],[-3.6916,40.43243],[-3.69145,40.43261],[-3.69113,40.43283],[-3.69079,40.43295],[-3.69054,40.433],[-3.68991,40.43303]]},"properties":{"kind":"route","mode":"metro","route":"5","name":"Metro 5","destination":"RUBEN DARIO","direction":"2","color":"#8FD400","source_date":"2026-05-29","terminus":"ALAMEDA DE OSUNA","offset_index":0}},{"type":"Feature","id":"metro-route-111","geometry":{"type":"LineString","coordinates":[[-3.6899,40.43299],[-3.69055,40.43296],[-3.69084,40.4329],[-3.69115,40.43277],[-3.69141,40.43258],[-3.69159,40.43237],[-3.69243,40.43091],[-3.69271,40.43048],[-3.69308,40.43009],[-3.69492,40.42835]]},"properties":{"kind":"route","mode":"metro","route":"5","name":"Metro 5","destination":"ALONSO MARTINEZ","direction":"1","color":"#8FD400","source_date":"2026-05-29","terminus":"CASA DE CAMPO","offset_index":0}},{"type":"Feature","id":"metro-route-112","geometry":{"type":"LineString","coordinates":[[-3.69777,40.42249],[-3.69732,40.42336],[-3.69718,40.42371],[-3.6971,40.42397],[-3.69704,40.42433],[-3.69687,40.42594],[-3.69682,40.42618],[-3.69671,40.42649],[-3.69653,40.42682],[-3.69628,40.42713],[-3.69499,40.42839]]},"properties":{"kind":"route","mode":"metro","route":"5","name":"Metro 5","destination":"ALONSO MARTINEZ","direction":"2","color":"#8FD400","source_date":"2026-05-29","terminus":"ALAMEDA DE OSUNA","offset_index":0}},{"type":"Feature","id":"metro-route-113","geometry":{"type":"LineString","coordinates":[[-3.69492,40.42835],[-3.69623,40.42713],[-3.69648,40.4268],[-3.69665,40.42648],[-3.69675,40.42624],[-3.69682,40.42593],[-3.69699,40.42426],[-3.69704,40.42398],[-3.6972,40.4235],[-3.69768,40.42248]]},"properties":{"kind":"route","mode":"metro","route":"5","name":"Metro 5","destination":"CHUECA","direction":"1","color":"#8FD400","source_date":"2026-05-29","terminus":"CASA DE CAMPO","offset_index":0}},{"type":"Feature","id":"metro-route-114","geometry":{"type":"LineString","coordinates":[[-3.70157,40.42002],[-3.70082,40.42001],[-3.70041,40.42005],[-3.69994,40.42019],[-3.69954,40.42039],[-3.6992,40.42066],[-3.6983,40.42151],[-3.69807,40.42185],[-3.69777,40.42249]]},"properties":{"kind":"route","mode":"metro","route":"5","name":"Metro 5","destination":"CHUECA","direction":"2","color":"#8FD400","source_date":"2026-05-29","terminus":"ALAMEDA DE OSUNA","offset_index":0}},{"type":"Feature","id":"metro-route-115","geometry":{"type":"LineString","coordinates":[[-3.69768,40.42248],[-3.69806,40.42176],[-3.69826,40.42148],[-3.69914,40.42066],[-3.6995,40.42037],[-3.69992,40.42015],[-3.70038,40.42001],[-3.70077,40.41997],[-3.70157,40.41996]]},"properties":{"kind":"route","mode":"metro","route":"5","name":"Metro 5","destination":"GRAN VIA","direction":"1","color":"#8FD400","source_date":"2026-05-29","terminus":"CASA DE CAMPO","offset_index":0}},{"type":"Feature","id":"metro-route-116","geometry":{"type":"LineString","coordinates":[[-3.70558,40.42026],[-3.70482,40.42029],[-3.7026,40.42004],[-3.70157,40.42002]]},"properties":{"kind":"route","mode":"metro","route":"5","name":"Metro 5","destination":"GRAN VIA","direction":"2","color":"#8FD400","source_date":"2026-05-29","terminus":"ALAMEDA DE OSUNA","offset_index":0}},{"type":"Feature","id":"metro-route-117","geometry":{"type":"LineString","coordinates":[[-3.69485,40.40311],[-3.69411,40.40302],[-3.69377,40.40291],[-3.69362,40.40281],[-3.69347,40.40267],[-3.69338,40.40254],[-3.6933,40.40234],[-3.69329,40.40216],[-3.69335,40.40193],[-3.69374,40.40136],[-3.69389,40.401],[-3.69393,40.4008],[-3.69411,40.39913]]},"properties":{"kind":"route","mode":"metro","route":"3","name":"Metro 3","destination":"DELICIAS","direction":"2","color":"#FFBC00","source_date":"2026-05-29","terminus":"EL CASAR","offset_index":0}},{"type":"Feature","id":"metro-route-118","geometry":{"type":"LineString","coordinates":[[-3.69493,40.39252],[-3.69485,40.3933],[-3.6948,40.39436],[-3.69446,40.3973],[-3.69438,40.39796],[-3.69423,40.39857],[-3.69416,40.39914]]},"properties":{"kind":"route","mode":"metro","route":"3","name":"Metro 3","destination":"DELICIAS","direction":"1","color":"#FFBC00","source_date":"2026-05-29","terminus":"MONCLOA","offset_index":0}},{"type":"Feature","id":"metro-route-119","geometry":{"type":"LineString","coordinates":[[-3.70227,40.40505],[-3.70224,40.40469],[-3.70213,40.40439],[-3.70197,40.40413],[-3.70164,40.40371],[-3.70142,40.4035],[-3.70112,40.4033],[-3.7008,40.40314],[-3.70046,40.40303],[-3.69992,40.40294],[-3.69942,40.40295],[-3.69911,40.403],[-3.69798,40.40326],[-3.69754,40.40332],[-3.69715,40.40333],[-3.69666,40.40331],[-3.69485,40.40311]]},"properties":{"kind":"route","mode":"metro","route":"3","name":"Metro 3","destination":"PALOS DE LA FRONTERA","direction":"2","color":"#FFBC00","source_date":"2026-05-29","terminus":"EL CASAR","offset_index":0}},{"type":"Feature","id":"metro-route-120","geometry":{"type":"LineString","coordinates":[[-3.69416,40.39914],[-3.69395,40.40099],[-3.69381,40.40134],[-3.6934,40.40195],[-3.69334,40.40216],[-3.69335,40.40233],[-3.6934,40.40247],[-3.69351,40.40265],[-3.69366,40.40278],[-3.6938,40.40287],[-3.69415,40.40298],[-3.69486,40.40307]]},"properties":{"kind":"route","mode":"metro","route":"3","name":"Metro 3","destination":"PALOS DE LA FRONTERA","direction":"1","color":"#FFBC00","source_date":"2026-05-29","terminus":"MONCLOA","offset_index":0}},{"type":"Feature","id":"metro-route-121","geometry":{"type":"LineString","coordinates":[[-3.70116,40.40873],[-3.70079,40.40836],[-3.70063,40.40813],[-3.70057,40.40787],[-3.7006,40.40764],[-3.70065,40.40754],[-3.7008,40.40733],[-3.70203,40.40579],[-3.7022,40.40544],[-3.70227,40.40505]]},"properties":{"kind":"route","mode":"metro","route":"3","name":"Metro 3","destination":"EMBAJADORES","direction":"2","color":"#FFBC00","source_date":"2026-05-29","terminus":"EL CASAR","offset_index":0}},{"type":"Feature","id":"metro-route-122","geometry":{"type":"LineString","coordinates":[[-3.69486,40.40307],[-3.6965,40.40326],[-3.69712,40.40329],[-3.69748,40.40328],[-3.69801,40.40322],[-3.69908,40.40296],[-3.69943,40.40291],[-3.69994,40.4029],[-3.70051,40.403],[-3.70088,40.40313],[-3.70119,40.40329],[-3.70149,40.40351],[-3.70171,40.40373],[-3.70204,40.40413],[-3.7022,40.40441],[-3.7023,40.40475],[-3.70232,40.40506]]},"properties":{"kind":"route","mode":"metro","route":"3","name":"Metro 3","destination":"EMBAJADORES","direction":"1","color":"#FFBC00","source_date":"2026-05-29","terminus":"MONCLOA","offset_index":0}},{"type":"Feature","id":"metro-route-123","geometry":{"type":"LineString","coordinates":[[-3.70629,40.42047],[-3.70594,40.42004],[-3.70559,40.41945],[-3.70496,40.41858],[-3.70385,40.41687]]},"properties":{"kind":"route","mode":"metro","route":"3","name":"Metro 3","destination":"SOL","direction":"2","color":"#FFBC00","source_date":"2026-05-29","terminus":"EL CASAR","offset_index":0}},{"type":"Feature","id":"metro-route-124","geometry":{"type":"LineString","coordinates":[[-3.7012,40.40871],[-3.70176,40.40913],[-3.70199,40.40933],[-3.70222,40.40963],[-3.70237,40.40995],[-3.70245,40.41031],[-3.70352,40.4161],[-3.70364,40.41644],[-3.7039,40.41685]]},"properties":{"kind":"route","mode":"metro","route":"3","name":"Metro 3","destination":"SOL","direction":"1","color":"#FFBC00","source_date":"2026-05-29","terminus":"MONCLOA","offset_index":0}},{"type":"Feature","id":"metro-route-125","geometry":{"type":"LineString","coordinates":[[-3.71144,40.42368],[-3.71125,40.4235],[-3.71098,40.42332],[-3.70917,40.42242],[-3.70832,40.42193],[-3.70689,40.421],[-3.70659,40.42076],[-3.70629,40.42047]]},"properties":{"kind":"route","mode":"metro","route":"3","name":"Metro 3","destination":"CALLAO","direction":"2","color":"#FFBC00","source_date":"2026-05-29","terminus":"EL CASAR","offset_index":0}},{"type":"Feature","id":"metro-route-126","geometry":{"type":"LineString","coordinates":[[-3.7039,40.41685],[-3.70501,40.41856],[-3.70563,40.41942],[-3.70601,40.42005],[-3.70634,40.42046]]},"properties":{"kind":"route","mode":"metro","route":"3","name":"Metro 3","destination":"CALLAO","direction":"1","color":"#FFBC00","source_date":"2026-05-29","terminus":"MONCLOA","offset_index":0}},{"type":"Feature","id":"metro-route-127","geometry":{"type":"LineString","coordinates":[[-3.71655,40.43099],[-3.71589,40.43002],[-3.71433,40.42785],[-3.71395,40.42736]]},"properties":{"kind":"route","mode":"metro","route":"3","name":"Metro 3","destination":"VENTURA RODRIGUEZ","direction":"2","color":"#FFBC00","source_date":"2026-05-29","terminus":"EL CASAR","offset_index":0}},{"type":"Feature","id":"metro-route-128","geometry":{"type":"LineString","coordinates":[[-3.71149,40.42366],[-3.71168,40.42392],[-3.71199,40.42452],[-3.71224,40.42491],[-3.713,40.42591],[-3.714,40.42734]]},"properties":{"kind":"route","mode":"metro","route":"3","name":"Metro 3","destination":"VENTURA RODRIGUEZ","direction":"1","color":"#FFBC00","source_date":"2026-05-29","terminus":"MONCLOA","offset_index":0}},{"type":"Feature","id":"metro-route-129","geometry":{"type":"LineString","coordinates":[[-3.69411,40.39913],[-3.69417,40.39864],[-3.6943,40.39808],[-3.69436,40.39769],[-3.69475,40.39437],[-3.69479,40.39337],[-3.69488,40.39251]]},"properties":{"kind":"route","mode":"metro","route":"3","name":"Metro 3","destination":"LEGAZPI","direction":"2","color":"#FFBC00","source_date":"2026-05-29","terminus":"EL CASAR","offset_index":0}},{"type":"Feature","id":"metro-route-130","geometry":{"type":"LineString","coordinates":[[-3.69817,40.38434],[-3.69829,40.38463],[-3.69935,40.38775],[-3.69929,40.38806],[-3.69908,40.38839],[-3.69686,40.3899],[-3.6962,40.39043],[-3.69544,40.39111],[-3.69528,40.39128],[-3.69507,40.3916],[-3.69493,40.39252]]},"properties":{"kind":"route","mode":"metro","route":"3","name":"Metro 3","destination":"LEGAZPI","direction":"1","color":"#FFBC00","source_date":"2026-05-29","terminus":"MONCLOA","offset_index":0}},{"type":"Feature","id":"metro-route-131","geometry":{"type":"LineString","coordinates":[[-3.7166,40.43098],[-3.71742,40.43208],[-3.71754,40.43227],[-3.71778,40.43274],[-3.71805,40.43308],[-3.7183,40.43329],[-3.71855,40.43344],[-3.71883,40.43357],[-3.71935,40.43376],[-3.71957,40.43388],[-3.71972,40.434],[-3.71986,40.43417],[-3.71993,40.43436],[-3.71994,40.43453],[-3.71992,40.43469],[-3.71983,40.43487],[-3.7197,40.43503],[-3.71954,40.43515],[-3.7193,40.43528],[-3.71905,40.43538]]},"properties":{"kind":"route","mode":"metro","route":"3","name":"Metro 3","destination":"MONCLOA","direction":"1","color":"#FFBC00","source_date":"2026-05-29","terminus":"MONCLOA","offset_index":0}},{"type":"Feature","id":"metro-route-132","geometry":{"type":"LineString","coordinates":[[-3.70563,40.42963],[-3.70662,40.42961],[-3.70727,40.42965],[-3.70886,40.42981],[-3.70983,40.42993],[-3.71124,40.43003],[-3.71243,40.43015],[-3.71369,40.43036],[-3.71444,40.43043],[-3.71474,40.43042],[-3.71516,40.43046]]},"properties":{"kind":"route","mode":"metro","route":"4","name":"Metro 4","destination":"ARGÜELLES","direction":"2","color":"#BE5416","source_date":"2026-05-29","terminus":"ARGÜELLES","offset_index":0}},{"type":"Feature","id":"metro-route-133","geometry":{"type":"LineString","coordinates":[[-3.70563,40.42967],[-3.70505,40.4296],[-3.70397,40.42929],[-3.70257,40.42898],[-3.70224,40.42894],[-3.70158,40.42891],[-3.70118,40.42886]]},"properties":{"kind":"route","mode":"metro","route":"4","name":"Metro 4","destination":"BILBAO","direction":"1","color":"#BE5416","source_date":"2026-05-29","terminus":"PINAR DE CHAMARTIN","offset_index":0}},{"type":"Feature","id":"metro-route-134","geometry":{"type":"LineString","coordinates":[[-3.69615,40.42769],[-3.69712,40.42798],[-3.70119,40.42882]]},"properties":{"kind":"route","mode":"metro","route":"4","name":"Metro 4","destination":"BILBAO","direction":"2","color":"#BE5416","source_date":"2026-05-29","terminus":"ARGÜELLES","offset_index":0}},{"type":"Feature","id":"metro-route-135","geometry":{"type":"LineString","coordinates":[[-3.70118,40.42886],[-3.69711,40.42801],[-3.69613,40.42772]]},"properties":{"kind":"route","mode":"metro","route":"4","name":"Metro 4","destination":"ALONSO MARTINEZ","direction":"1","color":"#BE5416","source_date":"2026-05-29","terminus":"PINAR DE CHAMARTIN","offset_index":0}},{"type":"Feature","id":"metro-route-136","geometry":{"type":"LineString","coordinates":[[-3.69247,40.42594],[-3.69528,40.42737],[-3.69558,40.4275],[-3.69615,40.42769]]},"properties":{"kind":"route","mode":"metro","route":"4","name":"Metro 4","destination":"ALONSO MARTINEZ","direction":"2","color":"#BE5416","source_date":"2026-05-29","terminus":"ARGÜELLES","offset_index":0}},{"type":"Feature","id":"metro-route-137","geometry":{"type":"LineString","coordinates":[[-3.69244,40.42598],[-3.69164,40.4256],[-3.69138,40.42552],[-3.6911,40.42547],[-3.69051,40.42547],[-3.68956,40.42564],[-3.68903,40.42567],[-3.68852,40.42561],[-3.68763,40.42538],[-3.68683,40.42532]]},"properties":{"kind":"route","mode":"metro","route":"4","name":"Metro 4","destination":"SERRANO","direction":"1","color":"#BE5416","source_date":"2026-05-29","terminus":"PINAR DE CHAMARTIN","offset_index":0}},{"type":"Feature","id":"metro-route-138","geometry":{"type":"LineString","coordinates":[[-3.68257,40.42508],[-3.68395,40.4251],[-3.68683,40.42528]]},"properties":{"kind":"route","mode":"metro","route":"4","name":"Metro 4","destination":"SERRANO","direction":"2","color":"#BE5416","source_date":"2026-05-29","terminus":"ARGÜELLES","offset_index":0}},{"type":"Feature","id":"metro-route-139","geometry":{"type":"LineString","coordinates":[[-3.70374,40.41705],[-3.70457,40.41686],[-3.70481,40.41685],[-3.70516,40.4169],[-3.70592,40.41706],[-3.707,40.41732],[-3.70788,40.41759],[-3.70893,40.41785],[-3.70939,40.41804]]},"properties":{"kind":"route","mode":"metro","route":"2","name":"Metro 2","destination":"OPERA","direction":"1","color":"#F54029","source_date":"2026-05-29","terminus":"CUATRO CAMINOS","offset_index":0}},{"type":"Feature","id":"metro-route-140","geometry":{"type":"LineString","coordinates":[[-3.70804,40.42122],[-3.70841,40.42052],[-3.70864,40.42021],[-3.70894,40.41994],[-3.70947,40.41962],[-3.70972,40.41944],[-3.70989,40.41926],[-3.71,40.41906],[-3.71004,40.41888],[-3.71003,40.41877],[-3.70998,40.41861],[-3.70992,40.4185],[-3.70973,40.41831],[-3.70935,40.41807]]},"properties":{"kind":"route","mode":"metro","route":"2","name":"Metro 2","destination":"OPERA","direction":"2","color":"#F54029","source_date":"2026-05-29","terminus":"LAS ROSAS","offset_index":0}},{"type":"Feature","id":"metro-route-141","geometry":{"type":"LineString","coordinates":[[-3.64524,40.3899],[-3.64683,40.3906],[-3.64734,40.39077],[-3.64791,40.39091],[-3.6487,40.39103],[-3.65256,40.39137]]},"properties":{"kind":"route","mode":"metro","route":"1","name":"Metro 1","destination":"BUENOS AIRES","direction":"2","color":"#009DE3","source_date":"2026-05-29","terminus":"PINAR DE CHAMARTIN","offset_index":0}},{"type":"Feature","id":"metro-route-142","geometry":{"type":"LineString","coordinates":[[-3.65872,40.39281],[-3.65734,40.39209],[-3.65692,40.39192],[-3.65652,40.39181],[-3.65574,40.39169],[-3.65256,40.39141]]},"properties":{"kind":"route","mode":"metro","route":"1","name":"Metro 1","destination":"BUENOS AIRES","direction":"1","color":"#009DE3","source_date":"2026-05-29","terminus":"VALDECARROS","offset_index":0}},{"type":"Feature","id":"metro-route-143","geometry":{"type":"LineString","coordinates":[[-3.62509,40.38269],[-3.62666,40.38427],[-3.62696,40.38455],[-3.62721,40.38473],[-3.62749,40.38489],[-3.62801,40.3851],[-3.62846,40.3852],[-3.62904,40.38525],[-3.63318,40.38514],[-3.63368,40.38515],[-3.63416,40.38521],[-3.63472,40.38535],[-3.63646,40.38597],[-3.63888,40.38702]]},"properties":{"kind":"route","mode":"metro","route":"1","name":"Metro 1","destination":"MIGUEL HERNANDEZ","direction":"2","color":"#009DE3","source_date":"2026-05-29","terminus":"PINAR DE CHAMARTIN","offset_index":0}},{"type":"Feature","id":"metro-route-144","geometry":{"type":"LineString","coordinates":[[-3.64521,40.38993],[-3.64006,40.38762],[-3.63882,40.38709]]},"properties":{"kind":"route","mode":"metro","route":"1","name":"Metro 1","destination":"MIGUEL HERNANDEZ","direction":"1","color":"#009DE3","source_date":"2026-05-29","terminus":"VALDECARROS","offset_index":0}},{"type":"Feature","id":"metro-route-145","geometry":{"type":"LineString","coordinates":[[-3.70809,40.42124],[-3.70785,40.42173],[-3.70753,40.42308],[-3.70745,40.4238],[-3.70744,40.4248]]},"properties":{"kind":"route","mode":"metro","route":"2","name":"Metro 2","destination":"NOVICIADO","direction":"1","color":"#F54029","source_date":"2026-05-29","terminus":"CUATRO CAMINOS","offset_index":0}},{"type":"Feature","id":"metro-route-146","geometry":{"type":"LineString","coordinates":[[-3.70548,40.4302],[-3.7058,40.42934],[-3.70617,40.42781],[-3.70633,40.42733],[-3.7065,40.42697],[-3.7072,40.42582],[-3.7073,40.4256],[-3.7074,40.42517],[-3.70739,40.4248]]},"properties":{"kind":"route","mode":"metro","route":"2","name":"Metro 2","destination":"NOVICIADO","direction":"2","color":"#F54029","source_date":"2026-05-29","terminus":"LAS ROSAS","offset_index":0}},{"type":"Feature","id":"metro-route-147","geometry":{"type":"LineString","coordinates":[[-3.70744,40.4248],[-3.70744,40.42525],[-3.70735,40.42561],[-3.70725,40.42584],[-3.70659,40.42691],[-3.70639,40.42733],[-3.70622,40.42783],[-3.70586,40.42932],[-3.70571,40.42976],[-3.70553,40.43022]]},"properties":{"kind":"route","mode":"metro","route":"2","name":"Metro 2","destination":"SAN BERNARDO","direction":"1","color":"#F54029","source_date":"2026-05-29","terminus":"CUATRO CAMINOS","offset_index":0}},{"type":"Feature","id":"metro-route-148","geometry":{"type":"LineString","coordinates":[[-3.70457,40.43279],[-3.70489,40.43177],[-3.70548,40.4302]]},"properties":{"kind":"route","mode":"metro","route":"2","name":"Metro 2","destination":"SAN BERNARDO","direction":"2","color":"#F54029","source_date":"2026-05-29","terminus":"LAS ROSAS","offset_index":0}},{"type":"Feature","id":"metro-route-149","geometry":{"type":"LineString","coordinates":[[-3.70462,40.43279],[-3.70428,40.43384],[-3.70424,40.43411],[-3.70428,40.43494],[-3.70421,40.43771],[-3.7043,40.43849],[-3.7043,40.43912]]},"properties":{"kind":"route","mode":"metro","route":"2","name":"Metro 2","destination":"CANAL","direction":"1","color":"#F54029","source_date":"2026-05-29","terminus":"CUATRO CAMINOS","offset_index":0}},{"type":"Feature","id":"metro-route-150","geometry":{"type":"LineString","coordinates":[[-3.70398,40.44586],[-3.70409,40.44421],[-3.70424,40.43912]]},"properties":{"kind":"route","mode":"metro","route":"2","name":"Metro 2","destination":"CANAL","direction":"2","color":"#F54029","source_date":"2026-05-29","terminus":"LAS ROSAS","offset_index":0}},{"type":"Feature","id":"metro-route-151","geometry":{"type":"LineString","coordinates":[[-3.65012,40.4271],[-3.65105,40.42727],[-3.6537,40.42834],[-3.65588,40.42931],[-3.6573,40.42982],[-3.65893,40.43054],[-3.65975,40.43079],[-3.66069,40.43084],[-3.66259,40.43083],[-3.66388,40.43044]]},"properties":{"kind":"route","mode":"metro","route":"2","name":"Metro 2","destination":"VENTAS","direction":"1","color":"#F54029","source_date":"2026-05-29","terminus":"CUATRO CAMINOS","offset_index":0}},{"type":"Feature","id":"metro-route-152","geometry":{"type":"LineString","coordinates":[[-3.67012,40.4274],[-3.66792,40.42859],[-3.66495,40.43003],[-3.66391,40.43048]]},"properties":{"kind":"route","mode":"metro","route":"2","name":"Metro 2","destination":"VENTAS","direction":"2","color":"#F54029","source_date":"2026-05-29","terminus":"LAS ROSAS","offset_index":0}},{"type":"Feature","id":"metro-route-153","geometry":{"type":"LineString","coordinates":[[-3.66388,40.43044],[-3.66505,40.42994],[-3.66793,40.42854],[-3.67009,40.42737]]},"properties":{"kind":"route","mode":"metro","route":"2","name":"Metro 2","destination":"MANUEL BECERRA","direction":"1","color":"#F54029","source_date":"2026-05-29","terminus":"CUATRO CAMINOS","offset_index":0}},{"type":"Feature","id":"metro-route-154","geometry":{"type":"LineString","coordinates":[[-3.67644,40.42443],[-3.67357,40.42569],[-3.67132,40.42678],[-3.67012,40.4274]]},"properties":{"kind":"route","mode":"metro","route":"2","name":"Metro 2","destination":"MANUEL BECERRA","direction":"2","color":"#F54029","source_date":"2026-05-29","terminus":"LAS ROSAS","offset_index":0}},{"type":"Feature","id":"metro-route-155","geometry":{"type":"LineString","coordinates":[[-3.67642,40.42439],[-3.68057,40.42253]]},"properties":{"kind":"route","mode":"metro","route":"2","name":"Metro 2","destination":"PRINCIPE DE VERGARA","direction":"1","color":"#F54029","source_date":"2026-05-29","terminus":"CUATRO CAMINOS","offset_index":0}},{"type":"Feature","id":"metro-route-156","geometry":{"type":"LineString","coordinates":[[-3.68632,40.42046],[-3.68476,40.42078],[-3.68434,40.42089],[-3.68059,40.42256]]},"properties":{"kind":"route","mode":"metro","route":"2","name":"Metro 2","destination":"PRINCIPE DE VERGARA","direction":"2","color":"#F54029","source_date":"2026-05-29","terminus":"LAS ROSAS","offset_index":0}},{"type":"Feature","id":"metro-route-157","geometry":{"type":"LineString","coordinates":[[-3.68057,40.42253],[-3.68431,40.42086],[-3.68467,40.42075],[-3.6863,40.42042]]},"properties":{"kind":"route","mode":"metro","route":"2","name":"Metro 2","destination":"RETIRO","direction":"1","color":"#F54029","source_date":"2026-05-29","terminus":"CUATRO CAMINOS","offset_index":0}},{"type":"Feature","id":"metro-route-158","geometry":{"type":"LineString","coordinates":[[-3.69491,40.41908],[-3.69424,40.41922],[-3.69285,40.41956],[-3.69204,40.41963],[-3.68999,40.4199],[-3.6887,40.42001],[-3.68632,40.42046]]},"properties":{"kind":"route","mode":"metro","route":"2","name":"Metro 2","destination":"RETIRO","direction":"2","color":"#F54029","source_date":"2026-05-29","terminus":"LAS ROSAS","offset_index":0}},{"type":"Feature","id":"metro-route-159","geometry":{"type":"LineString","coordinates":[[-3.69991,40.41775],[-3.70154,40.41723],[-3.70207,40.41709],[-3.70247,40.41704],[-3.70324,40.41708],[-3.70374,40.41705]]},"properties":{"kind":"route","mode":"metro","route":"2","name":"Metro 2","destination":"SOL","direction":"1","color":"#F54029","source_date":"2026-05-29","terminus":"CUATRO CAMINOS","offset_index":0}},{"type":"Feature","id":"metro-route-160","geometry":{"type":"LineString","coordinates":[[-3.70935,40.41807],[-3.70891,40.41788],[-3.70788,40.41763],[-3.70699,40.41736],[-3.70585,40.41708],[-3.70519,40.41695],[-3.70483,40.4169],[-3.70459,40.4169],[-3.70376,40.41709]]},"properties":{"kind":"route","mode":"metro","route":"2","name":"Metro 2","destination":"SOL","direction":"2","color":"#F54029","source_date":"2026-05-29","terminus":"LAS ROSAS","offset_index":0}},{"type":"Feature","id":"metro-route-161","geometry":{"type":"LineString","coordinates":[[-3.70958,40.41782],[-3.71062,40.41789],[-3.71093,40.41795],[-3.71125,40.41805],[-3.71152,40.41817],[-3.71505,40.41998],[-3.71536,40.42011],[-3.71562,40.4202],[-3.71598,40.42026],[-3.71632,40.42029],[-3.71853,40.42023],[-3.71891,40.42024],[-3.71939,40.42033],[-3.72032,40.42063]]},"properties":{"kind":"route","mode":"metro","route":"R","name":"Metro R","destination":"PRINCIPE PIO","direction":"1","color":"#111111","source_date":"2026-05-29","terminus":"PRINCIPE PIO","offset_index":0}},{"type":"Feature","id":"metro-route-162","geometry":{"type":"LineString","coordinates":[[-3.68363,40.47384],[-3.68676,40.47429],[-3.68699,40.47425],[-3.68715,40.47412],[-3.68735,40.4739],[-3.68756,40.47339],[-3.6893,40.46689],[-3.68968,40.46648]]},"properties":{"kind":"route","mode":"metro","route":"1","name":"Metro 1","destination":"PLAZA DE CASTILLA","direction":"1","color":"#009DE3","source_date":"2026-05-29","terminus":"VALDECARROS","offset_index":0}},{"type":"Feature","id":"metro-route-163","geometry":{"type":"LineString","coordinates":[[-3.69499,40.46454],[-3.69361,40.46502],[-3.69314,40.46516],[-3.69253,40.46529],[-3.69134,40.46546],[-3.69095,40.46557],[-3.6906,40.46573],[-3.69031,40.46593],[-3.68972,40.4665]]},"properties":{"kind":"route","mode":"metro","route":"1","name":"Metro 1","destination":"PLAZA DE CASTILLA","direction":"2","color":"#009DE3","source_date":"2026-05-29","terminus":"PINAR DE CHAMARTIN","offset_index":0}},{"type":"Feature","id":"metro-route-164","geometry":{"type":"LineString","coordinates":[[-3.68968,40.46648],[-3.69008,40.46607],[-3.69035,40.46584],[-3.69065,40.46566],[-3.69093,40.46553],[-3.69144,40.4654],[-3.6925,40.46526],[-3.69314,40.46512],[-3.69359,40.46498],[-3.69497,40.4645]]},"properties":{"kind":"route","mode":"metro","route":"1","name":"Metro 1","destination":"VALDEACEDERAS","direction":"1","color":"#009DE3","source_date":"2026-05-29","terminus":"VALDECARROS","offset_index":0}},{"type":"Feature","id":"metro-route-165","geometry":{"type":"LineString","coordinates":[[-3.6986,40.46042],[-3.6984,40.46068],[-3.69821,40.461],[-3.69783,40.4618],[-3.69764,40.46211],[-3.69621,40.46385],[-3.69597,40.46407],[-3.69573,40.46423],[-3.69544,40.46437],[-3.69499,40.46454]]},"properties":{"kind":"route","mode":"metro","route":"1","name":"Metro 1","destination":"VALDEACEDERAS","direction":"2","color":"#009DE3","source_date":"2026-05-29","terminus":"PINAR DE CHAMARTIN","offset_index":0}},{"type":"Feature","id":"metro-route-166","geometry":{"type":"LineString","coordinates":[[-3.69855,40.46041],[-3.69931,40.45961],[-3.70094,40.45803],[-3.70127,40.45763],[-3.70184,40.45671],[-3.70203,40.45636],[-3.70256,40.45514],[-3.70274,40.4545]]},"properties":{"kind":"route","mode":"metro","route":"1","name":"Metro 1","destination":"ESTRECHO","direction":"1","color":"#009DE3","source_date":"2026-05-29","terminus":"VALDECARROS","offset_index":0}},{"type":"Feature","id":"metro-route-167","geometry":{"type":"LineString","coordinates":[[-3.70354,40.4497],[-3.70349,40.4501],[-3.70331,40.451],[-3.70294,40.45342],[-3.70279,40.4545]]},"properties":{"kind":"route","mode":"metro","route":"1","name":"Metro 1","destination":"ESTRECHO","direction":"2","color":"#009DE3","source_date":"2026-05-29","terminus":"PINAR DE CHAMARTIN","offset_index":0}},{"type":"Feature","id":"metro-route-168","geometry":{"type":"LineString","coordinates":[[-3.70349,40.44969],[-3.70355,40.44902],[-3.70361,40.44857],[-3.70367,40.44835],[-3.70394,40.44753],[-3.70398,40.44733],[-3.70398,40.44712],[-3.70396,40.44696],[-3.70392,40.44681],[-3.70336,40.44578]]},"properties":{"kind":"route","mode":"metro","route":"1","name":"Metro 1","destination":"CUATRO CAMINOS","direction":"1","color":"#009DE3","source_date":"2026-05-29","terminus":"VALDECARROS","offset_index":0}},{"type":"Feature","id":"metro-route-169","geometry":{"type":"LineString","coordinates":[[-3.70147,40.44143],[-3.70297,40.44489],[-3.7034,40.44576]]},"properties":{"kind":"route","mode":"metro","route":"1","name":"Metro 1","destination":"CUATRO CAMINOS","direction":"2","color":"#009DE3","source_date":"2026-05-29","terminus":"PINAR DE CHAMARTIN","offset_index":0}},{"type":"Feature","id":"metro-route-170","geometry":{"type":"LineString","coordinates":[[-3.70336,40.44578],[-3.70298,40.44504],[-3.70142,40.44143]]},"properties":{"kind":"route","mode":"metro","route":"1","name":"Metro 1","destination":"RIOS ROSAS","direction":"1","color":"#009DE3","source_date":"2026-05-29","terminus":"VALDECARROS","offset_index":0}},{"type":"Feature","id":"metro-route-171","geometry":{"type":"LineString","coordinates":[[-3.69873,40.43504],[-3.70147,40.44143]]},"properties":{"kind":"route","mode":"metro","route":"1","name":"Metro 1","destination":"RIOS ROSAS","direction":"2","color":"#009DE3","source_date":"2026-05-29","terminus":"PINAR DE CHAMARTIN","offset_index":0}},{"type":"Feature","id":"metro-route-172","geometry":{"type":"LineString","coordinates":[[-3.69868,40.43506],[-3.69777,40.43301],[-3.69775,40.43279],[-3.69782,40.43254],[-3.698,40.43226],[-3.69825,40.43201],[-3.70008,40.43042],[-3.70054,40.43006],[-3.70109,40.42968]]},"properties":{"kind":"route","mode":"metro","route":"1","name":"Metro 1","destination":"BILBAO","direction":"1","color":"#009DE3","source_date":"2026-05-29","terminus":"VALDECARROS","offset_index":0}},{"type":"Feature","id":"metro-route-173","geometry":{"type":"LineString","coordinates":[[-3.70117,40.42599],[-3.70214,40.4283],[-3.7022,40.42848],[-3.70222,40.4286],[-3.7022,40.42877],[-3.70216,40.42888],[-3.702,40.4291],[-3.70183,40.42924],[-3.70112,40.42971]]},"properties":{"kind":"route","mode":"metro","route":"1","name":"Metro 1","destination":"BILBAO","direction":"2","color":"#009DE3","source_date":"2026-05-29","terminus":"PINAR DE CHAMARTIN","offset_index":0}},{"type":"Feature","id":"metro-route-174","geometry":{"type":"LineString","coordinates":[[-3.70109,40.42968],[-3.70175,40.42924],[-3.70195,40.42908],[-3.70211,40.42886],[-3.70216,40.4286],[-3.70209,40.42831],[-3.70112,40.42599]]},"properties":{"kind":"route","mode":"metro","route":"1","name":"Metro 1","destination":"TRIBUNAL","direction":"1","color":"#009DE3","source_date":"2026-05-29","terminus":"VALDECARROS","offset_index":0}},{"type":"Feature","id":"metro-route-175","geometry":{"type":"LineString","coordinates":[[-3.70181,40.41974],[-3.70119,40.4213],[-3.70103,40.42178],[-3.70085,40.42245],[-3.70071,40.42333],[-3.70069,40.42418],[-3.70074,40.42475],[-3.70087,40.42525],[-3.70117,40.42599]]},"properties":{"kind":"route","mode":"metro","route":"1","name":"Metro 1","destination":"TRIBUNAL","direction":"2","color":"#009DE3","source_date":"2026-05-29","terminus":"PINAR DE CHAMARTIN","offset_index":0}},{"type":"Feature","id":"metro-route-176","geometry":{"type":"LineString","coordinates":[[-3.70112,40.42599],[-3.70082,40.42525],[-3.70069,40.42475],[-3.70065,40.42443],[-3.70064,40.42387],[-3.70067,40.42325],[-3.7008,40.42247],[-3.701,40.42172],[-3.70176,40.41972]]},"properties":{"kind":"route","mode":"metro","route":"1","name":"Metro 1","destination":"GRAN VIA","direction":"1","color":"#009DE3","source_date":"2026-05-29","terminus":"VALDECARROS","offset_index":0}},{"type":"Feature","id":"metro-route-177","geometry":{"type":"LineString","coordinates":[[-3.70322,40.41687],[-3.70311,40.41719],[-3.703,40.41743],[-3.70216,40.41891],[-3.70181,40.41974]]},"properties":{"kind":"route","mode":"metro","route":"1","name":"Metro 1","destination":"GRAN VIA","direction":"2","color":"#009DE3","source_date":"2026-05-29","terminus":"PINAR DE CHAMARTIN","offset_index":0}},{"type":"Feature","id":"metro-route-178","geometry":{"type":"LineString","coordinates":[[-3.70176,40.41972],[-3.70213,40.41885],[-3.70295,40.41741],[-3.70314,40.41694]]},"properties":{"kind":"route","mode":"metro","route":"1","name":"Metro 1","destination":"SOL","direction":"1","color":"#009DE3","source_date":"2026-05-29","terminus":"VALDECARROS","offset_index":0}},{"type":"Feature","id":"metro-route-179","geometry":{"type":"LineString","coordinates":[[-3.70406,40.41244],[-3.70471,40.41246],[-3.70491,40.41251],[-3.70511,40.4126],[-3.70528,40.41273],[-3.70543,40.41292],[-3.70548,40.41308],[-3.70549,40.41328],[-3.70539,40.41353],[-3.70521,40.41372],[-3.70494,40.41387],[-3.70437,40.41412],[-3.70407,40.41429],[-3.70377,40.41454],[-3.70352,40.41485],[-3.70339,40.4151],[-3.70331,40.41539],[-3.7033,40.41635],[-3.70322,40.41687]]},"properties":{"kind":"route","mode":"metro","route":"1","name":"Metro 1","destination":"SOL","direction":"2","color":"#009DE3","source_date":"2026-05-29","terminus":"PINAR DE CHAMARTIN","offset_index":0}},{"type":"Feature","id":"metro-route-180","geometry":{"type":"LineString","coordinates":[[-3.70314,40.41694],[-3.70324,40.41642],[-3.70325,40.41543],[-3.70333,40.41513],[-3.70346,40.41486],[-3.7037,40.41454],[-3.70404,40.41426],[-3.70433,40.4141],[-3.70492,40.41383],[-3.70518,40.41368],[-3.70534,40.41351],[-3.70543,40.41329],[-3.70543,40.41308],[-3.70536,40.41291],[-3.70525,40.41277],[-3.70506,40.41262],[-3.70489,40.41254],[-3.70473,40.41251],[-3.70407,40.41247]]},"properties":{"kind":"route","mode":"metro","route":"1","name":"Metro 1","destination":"TIRSO DE MOLINA","direction":"1","color":"#009DE3","source_date":"2026-05-29","terminus":"VALDECARROS","offset_index":0}},{"type":"Feature","id":"metro-route-181","geometry":{"type":"LineString","coordinates":[[-3.6983,40.41192],[-3.69888,40.41221],[-3.69903,40.41227],[-3.69928,40.41232],[-3.70024,40.41235],[-3.7016,40.41232],[-3.70286,40.41241],[-3.70406,40.41244]]},"properties":{"kind":"route","mode":"metro","route":"1","name":"Metro 1","destination":"TIRSO DE MOLINA","direction":"2","color":"#009DE3","source_date":"2026-05-29","terminus":"PINAR DE CHAMARTIN","offset_index":0}},{"type":"Feature","id":"metro-route-182","geometry":{"type":"LineString","coordinates":[[-3.70407,40.41247],[-3.70291,40.41245],[-3.70162,40.41236],[-3.70049,40.41238],[-3.69926,40.41235],[-3.69907,40.41233],[-3.69883,40.41224],[-3.69827,40.41195]]},"properties":{"kind":"route","mode":"metro","route":"1","name":"Metro 1","destination":"ANTON MARTIN","direction":"1","color":"#009DE3","source_date":"2026-05-29","terminus":"VALDECARROS","offset_index":0}},{"type":"Feature","id":"metro-route-183","geometry":{"type":"LineString","coordinates":[[-3.69147,40.40881],[-3.69197,40.40908],[-3.69258,40.40937],[-3.69422,40.41004],[-3.69697,40.41124],[-3.6983,40.41192]]},"properties":{"kind":"route","mode":"metro","route":"1","name":"Metro 1","destination":"ANTON MARTIN","direction":"2","color":"#009DE3","source_date":"2026-05-29","terminus":"PINAR DE CHAMARTIN","offset_index":0}},{"type":"Feature","id":"metro-route-184","geometry":{"type":"LineString","coordinates":[[-3.69827,40.41195],[-3.69693,40.41127],[-3.69421,40.41008],[-3.69254,40.4094],[-3.69202,40.40915],[-3.69144,40.40884]]},"properties":{"kind":"route","mode":"metro","route":"1","name":"Metro 1","destination":"ESTACION DEL ARTE","direction":"1","color":"#009DE3","source_date":"2026-05-29","terminus":"VALDECARROS","offset_index":0}},{"type":"Feature","id":"metro-route-185","geometry":{"type":"LineString","coordinates":[[-3.6887,40.40701],[-3.69086,40.40844],[-3.69147,40.40881]]},"properties":{"kind":"route","mode":"metro","route":"1","name":"Metro 1","destination":"ESTACION DEL ARTE","direction":"2","color":"#009DE3","source_date":"2026-05-29","terminus":"PINAR DE CHAMARTIN","offset_index":0}},{"type":"Feature","id":"metro-route-186","geometry":{"type":"LineString","coordinates":[[-3.69144,40.40884],[-3.69083,40.40848],[-3.68866,40.40704]]},"properties":{"kind":"route","mode":"metro","route":"1","name":"Metro 1","destination":"ATOCHA","direction":"1","color":"#009DE3","source_date":"2026-05-29","terminus":"VALDECARROS","offset_index":0}},{"type":"Feature","id":"metro-route-187","geometry":{"type":"LineString","coordinates":[[-3.68127,40.40433],[-3.68234,40.40474],[-3.68633,40.40584],[-3.68682,40.40599],[-3.68727,40.40617],[-3.68782,40.40645],[-3.6887,40.40701]]},"properties":{"kind":"route","mode":"metro","route":"1","name":"Metro 1","destination":"ATOCHA","direction":"2","color":"#009DE3","source_date":"2026-05-29","terminus":"PINAR DE CHAMARTIN","offset_index":0}},{"type":"Feature","id":"metro-route-188","geometry":{"type":"LineString","coordinates":[[-3.68866,40.40704],[-3.68779,40.40648],[-3.68723,40.40619],[-3.6868,40.40602],[-3.68633,40.40588],[-3.68232,40.40478],[-3.68124,40.40437]]},"properties":{"kind":"route","mode":"metro","route":"1","name":"Metro 1","destination":"MENENDEZ PELAYO","direction":"1","color":"#009DE3","source_date":"2026-05-29","terminus":"VALDECARROS","offset_index":0}},{"type":"Feature","id":"metro-route-189","geometry":{"type":"LineString","coordinates":[[-3.67591,40.40174],[-3.67947,40.40359],[-3.68127,40.40433]]},"properties":{"kind":"route","mode":"metro","route":"1","name":"Metro 1","destination":"MENENDEZ PELAYO","direction":"2","color":"#009DE3","source_date":"2026-05-29","terminus":"PINAR DE CHAMARTIN","offset_index":0}},{"type":"Feature","id":"metro-route-190","geometry":{"type":"LineString","coordinates":[[-3.68124,40.40437],[-3.67938,40.4036],[-3.67588,40.40177]]},"properties":{"kind":"route","mode":"metro","route":"1","name":"Metro 1","destination":"PACIFICO","direction":"1","color":"#009DE3","source_date":"2026-05-29","terminus":"VALDECARROS","offset_index":0}},{"type":"Feature","id":"metro-route-191","geometry":{"type":"LineString","coordinates":[[-3.66893,40.39816],[-3.66981,40.39866],[-3.67251,40.40008],[-3.67498,40.40125],[-3.67591,40.40174]]},"properties":{"kind":"route","mode":"metro","route":"1","name":"Metro 1","destination":"PACIFICO","direction":"2","color":"#009DE3","source_date":"2026-05-29","terminus":"PINAR DE CHAMARTIN","offset_index":0}},{"type":"Feature","id":"metro-route-192","geometry":{"type":"LineString","coordinates":[[-3.67588,40.40177],[-3.67495,40.40129],[-3.6725,40.40013],[-3.66978,40.3987],[-3.6689,40.39819]]},"properties":{"kind":"route","mode":"metro","route":"1","name":"Metro 1","destination":"PUENTE DE VALLECAS","direction":"1","color":"#009DE3","source_date":"2026-05-29","terminus":"VALDECARROS","offset_index":0}},{"type":"Feature","id":"metro-route-193","geometry":{"type":"LineString","coordinates":[[-3.66437,40.39574],[-3.66825,40.39777],[-3.66893,40.39816]]},"properties":{"kind":"route","mode":"metro","route":"1","name":"Metro 1","destination":"PUENTE DE VALLECAS","direction":"2","color":"#009DE3","source_date":"2026-05-29","terminus":"PINAR DE CHAMARTIN","offset_index":0}},{"type":"Feature","id":"metro-route-194","geometry":{"type":"LineString","coordinates":[[-3.70222,40.42589],[-3.70516,40.42487],[-3.70562,40.42473],[-3.70602,40.42466],[-3.70643,40.42461],[-3.70768,40.42459],[-3.70816,40.42454],[-3.70883,40.42437],[-3.70958,40.42406]]},"properties":{"kind":"route","mode":"metro","route":"10A","name":"Metro 10A","destination":"PLAZA DE ESPAÑA","direction":"1","color":"#004287","source_date":"2026-05-29","terminus":"PUERTA DEL SUR","offset_index":0}},{"type":"Feature","id":"metro-route-195","geometry":{"type":"LineString","coordinates":[[-3.71935,40.42116],[-3.7183,40.42192],[-3.71801,40.42209],[-3.71744,40.42234],[-3.71687,40.4225],[-3.71635,40.42257],[-3.7158,40.42259],[-3.71534,40.42255],[-3.71436,40.4224],[-3.71378,40.42237],[-3.71314,40.42243],[-3.71255,40.42257],[-3.71217,40.42271],[-3.71181,40.42289],[-3.71096,40.42346],[-3.71067,40.42363],[-3.7096,40.4241]]},"properties":{"kind":"route","mode":"metro","route":"10A","name":"Metro 10A","destination":"PLAZA DE ESPAÑA","direction":"2","color":"#004287","source_date":"2026-05-29","terminus":"TRES OLIVOS","offset_index":0}},{"type":"Feature","id":"metro-route-196","geometry":{"type":"LineString","coordinates":[[-3.70958,40.42406],[-3.71056,40.42363],[-3.7109,40.42343],[-3.71164,40.42292],[-3.71203,40.42272],[-3.7125,40.42254],[-3.71299,40.42241],[-3.71358,40.42234],[-3.71407,40.42233],[-3.71508,40.42241],[-3.71545,40.42242],[-3.71606,40.42238],[-3.7166,40.42228],[-3.71719,40.4221],[-3.71776,40.42184],[-3.71811,40.42163],[-3.71901,40.42098]]},"properties":{"kind":"route","mode":"metro","route":"10A","name":"Metro 10A","destination":"PRINCIPE PIO","direction":"1","color":"#004287","source_date":"2026-05-29","terminus":"PUERTA DEL SUR","offset_index":0}},{"type":"Feature","id":"metro-route-197","geometry":{"type":"LineString","coordinates":[[-3.73579,40.41643],[-3.72937,40.41723],[-3.72885,40.41731],[-3.72851,40.41739],[-3.72803,40.41756],[-3.72757,40.4178],[-3.72725,40.41802],[-3.72649,40.41865],[-3.72608,40.41895],[-3.72555,40.41926],[-3.72507,40.41948],[-3.72437,40.41971],[-3.72373,40.41985],[-3.72308,40.41993],[-3.72179,40.42001],[-3.72111,40.42014],[-3.72072,40.42028],[-3.72035,40.42046],[-3.71935,40.42116]]},"properties":{"kind":"route","mode":"metro","route":"10A","name":"Metro 10A","destination":"PRINCIPE PIO","direction":"2","color":"#004287","source_date":"2026-05-29","terminus":"TRES OLIVOS","offset_index":0}},{"type":"Feature","id":"metro-route-198","geometry":{"type":"LineString","coordinates":[[-3.71901,40.42098],[-3.71959,40.42055],[-3.71979,40.42037],[-3.71999,40.42013],[-3.72019,40.41983],[-3.7203,40.41957],[-3.72036,40.41934],[-3.72042,40.41844],[-3.72048,40.41814],[-3.72062,40.41781],[-3.72081,40.41751],[-3.72113,40.41716],[-3.72148,40.4169],[-3.72185,40.4167],[-3.72234,40.41652],[-3.72272,40.41643],[-3.72311,40.41639],[-3.7235,40.41638],[-3.72385,40.41641],[-3.72436,40.4165],[-3.72705,40.41712],[-3.72774,40.41722],[-3.72847,40.41725],[-3.72932,40.41719],[-3.73578,40.41637]]},"properties":{"kind":"route","mode":"metro","route":"10A","name":"Metro 10A","destination":"LAGO","direction":"1","color":"#004287","source_date":"2026-05-29","terminus":"PUERTA DEL SUR","offset_index":0}},{"type":"Feature","id":"metro-route-199","geometry":{"type":"LineString","coordinates":[[-3.75341,40.40772],[-3.74758,40.41071],[-3.74724,40.41091],[-3.74688,40.41116],[-3.74643,40.41158],[-3.74607,40.41204],[-3.74491,40.41418],[-3.74461,40.41461],[-3.74432,40.41493],[-3.74396,40.41524],[-3.74356,40.41551],[-3.74318,40.41573],[-3.74271,40.41594],[-3.74227,40.41608],[-3.74172,40.41621],[-3.74121,40.41628],[-3.74055,40.41631],[-3.73754,40.41625],[-3.7369,40.41628],[-3.73579,40.41643]]},"properties":{"kind":"route","mode":"metro","route":"10A","name":"Metro 10A","destination":"LAGO","direction":"2","color":"#004287","source_date":"2026-05-29","terminus":"TRES OLIVOS","offset_index":0}},{"type":"Feature","id":"metro-route-200","geometry":{"type":"LineString","coordinates":[[-3.73578,40.41637],[-3.73686,40.41624],[-3.73753,40.4162],[-3.74048,40.41627],[-3.74117,40.41624],[-3.74169,40.41617],[-3.74217,40.41606],[-3.74266,40.4159],[-3.74309,40.41572],[-3.7435,40.4155],[-3.74389,40.41523],[-3.74426,40.41491],[-3.74456,40.41459],[-3.74486,40.41416],[-3.74603,40.412],[-3.74641,40.41153],[-3.74687,40.41111],[-3.7472,40.41088],[-3.74757,40.41066],[-3.75338,40.40768]]},"properties":{"kind":"route","mode":"metro","route":"10A","name":"Metro 10A","destination":"BATAN","direction":"1","color":"#004287","source_date":"2026-05-29","terminus":"PUERTA DEL SUR","offset_index":0}},{"type":"Feature","id":"metro-route-201","geometry":{"type":"LineString","coordinates":[[-3.76217,40.40276],[-3.76021,40.40416],[-3.75984,40.4044],[-3.75885,40.40494],[-3.75341,40.40772]]},"properties":{"kind":"route","mode":"metro","route":"10A","name":"Metro 10A","destination":"BATAN","direction":"2","color":"#004287","source_date":"2026-05-29","terminus":"TRES OLIVOS","offset_index":0}},{"type":"Feature","id":"metro-route-202","geometry":{"type":"LineString","coordinates":[[-3.75338,40.40768],[-3.75906,40.40477],[-3.75992,40.40418],[-3.76061,40.40358],[-3.76194,40.40263]]},"properties":{"kind":"route","mode":"metro","route":"10A","name":"Metro 10A","destination":"CASA DE CAMPO","direction":"1","color":"#004287","source_date":"2026-05-29","terminus":"PUERTA DEL SUR","offset_index":0}},{"type":"Feature","id":"metro-route-203","geometry":{"type":"LineString","coordinates":[[-3.77497,40.3967],[-3.77348,40.39743],[-3.77062,40.39842],[-3.76991,40.3986],[-3.76871,40.39876],[-3.76816,40.39886],[-3.76758,40.39902],[-3.76707,40.39923],[-3.76642,40.39961],[-3.76441,40.40104],[-3.76415,40.40124],[-3.76356,40.40176],[-3.76217,40.40276]]},"properties":{"kind":"route","mode":"metro","route":"10A","name":"Metro 10A","destination":"CASA DE CAMPO","direction":"2","color":"#004287","source_date":"2026-05-29","terminus":"TRES OLIVOS","offset_index":0}},{"type":"Feature","id":"metro-route-204","geometry":{"type":"LineString","coordinates":[[-3.76194,40.40263],[-3.76342,40.40158],[-3.76426,40.40108],[-3.76641,40.39956],[-3.76705,40.39919],[-3.7676,40.39897],[-3.76819,40.3988],[-3.76869,40.39872],[-3.76993,40.39855],[-3.77056,40.3984],[-3.77348,40.39738],[-3.77493,40.39667]]},"properties":{"kind":"route","mode":"metro","route":"10A","name":"Metro 10A","destination":"COLONIA JARDIN","direction":"1","color":"#004287","source_date":"2026-05-29","terminus":"PUERTA DEL SUR","offset_index":0}},{"type":"Feature","id":"metro-route-205","geometry":{"type":"LineString","coordinates":[[-3.78335,40.38445],[-3.78259,40.38499],[-3.78175,40.38544],[-3.78106,40.38574],[-3.7794,40.38632],[-3.77864,40.38668],[-3.77818,40.38697],[-3.77778,40.3873],[-3.77745,40.38764],[-3.77717,40.38801],[-3.77693,40.38843],[-3.77676,40.38886],[-3.77666,40.38928],[-3.77662,40.38973],[-3.77667,40.39029],[-3.77718,40.3938],[-3.7772,40.39428],[-3.77714,40.39468],[-3.77705,40.39496],[-3.77687,40.3953],[-3.77669,40.39556],[-3.77646,40.3958],[-3.77623,40.396],[-3.7759,40.39622],[-3.77497,40.3967]]},"properties":{"kind":"route","mode":"metro","route":"10A","name":"Metro 10A","destination":"COLONIA JARDIN","direction":"2","color":"#004287","source_date":"2026-05-29","terminus":"TRES OLIVOS","offset_index":0}},{"type":"Feature","id":"metro-route-206","geometry":{"type":"LineString","coordinates":[[-3.72773,40.38111],[-3.72637,40.38223],[-3.726,40.38246],[-3.7257,40.38261],[-3.72527,40.38276],[-3.72473,40.38286],[-3.72433,40.3829],[-3.72229,40.38298],[-3.72185,40.38304],[-3.72143,40.38315],[-3.7211,40.38328],[-3.72072,40.38348],[-3.71878,40.38477]]},"properties":{"kind":"route","mode":"metro","route":"11","name":"Metro 11","destination":"PLAZA ELIPTICA","direction":"2","color":"#009B3A","source_date":"2026-05-29","terminus":"PLAZA ELIPTICA","offset_index":0}},{"type":"Feature","id":"metro-route-207","geometry":{"type":"LineString","coordinates":[[-3.71878,40.38477],[-3.71928,40.38443],[-3.71957,40.38418],[-3.72057,40.38351],[-3.72095,40.3833],[-3.72143,40.38311],[-3.72182,40.383],[-3.72242,40.38293],[-3.72429,40.38286],[-3.72475,40.38282],[-3.7252,40.38273],[-3.72563,40.38258],[-3.72594,40.38244],[-3.72637,40.38216],[-3.72768,40.38108]]},"properties":{"kind":"route","mode":"metro","route":"11","name":"Metro 11","destination":"ABRANTES","direction":"1","color":"#009B3A","source_date":"2026-05-29","terminus":"LA FORTUNA","offset_index":0}},{"type":"Feature","id":"metro-route-208","geometry":{"type":"LineString","coordinates":[[-3.73416,40.37606],[-3.73282,40.37719],[-3.73155,40.37819],[-3.73047,40.37911],[-3.73016,40.37933],[-3.72911,40.37997],[-3.72773,40.38111]]},"properties":{"kind":"route","mode":"metro","route":"11","name":"Metro 11","destination":"ABRANTES","direction":"2","color":"#009B3A","source_date":"2026-05-29","terminus":"PLAZA ELIPTICA","offset_index":0}},{"type":"Feature","id":"metro-route-209","geometry":{"type":"LineString","coordinates":[[-3.72768,40.38108],[-3.72907,40.37994],[-3.73012,40.37929],[-3.73048,40.37903],[-3.73152,40.37815],[-3.73267,40.37724],[-3.73412,40.37603]]},"properties":{"kind":"route","mode":"metro","route":"11","name":"Metro 11","destination":"PAN BENDITO","direction":"1","color":"#009B3A","source_date":"2026-05-29","terminus":"LA FORTUNA","offset_index":0}},{"type":"Feature","id":"metro-route-210","geometry":{"type":"LineString","coordinates":[[-3.73983,40.37376],[-3.73754,40.37385],[-3.73674,40.37395],[-3.73651,40.37405],[-3.73624,40.37421],[-3.73584,40.37462],[-3.7352,40.37521],[-3.73444,40.37587],[-3.73416,40.37606]]},"properties":{"kind":"route","mode":"metro","route":"11","name":"Metro 11","destination":"PAN BENDITO","direction":"2","color":"#009B3A","source_date":"2026-05-29","terminus":"PLAZA ELIPTICA","offset_index":0}},{"type":"Feature","id":"metro-route-211","geometry":{"type":"LineString","coordinates":[[-3.69064,40.45233],[-3.69133,40.44522]]},"properties":{"kind":"route","mode":"metro","route":"10A","name":"Metro 10A","destination":"NUEVOS MINISTERIOS","direction":"1","color":"#004287","source_date":"2026-05-29","terminus":"PUERTA DEL SUR","offset_index":0}},{"type":"Feature","id":"metro-route-212","geometry":{"type":"LineString","coordinates":[[-3.69127,40.43751],[-3.69127,40.43828],[-3.69132,40.43858],[-3.69199,40.44035],[-3.69204,40.44058],[-3.69208,40.44087],[-3.69206,40.44114],[-3.69202,40.44137],[-3.69175,40.44202],[-3.69168,40.4423],[-3.69139,40.44522]]},"properties":{"kind":"route","mode":"metro","route":"10A","name":"Metro 10A","destination":"NUEVOS MINISTERIOS","direction":"2","color":"#004287","source_date":"2026-05-29","terminus":"TRES OLIVOS","offset_index":0}},{"type":"Feature","id":"metro-route-213","geometry":{"type":"LineString","coordinates":[[-3.69133,40.44522],[-3.69162,40.44233],[-3.6917,40.44201],[-3.69195,40.44137],[-3.692,40.44112],[-3.69201,40.44086],[-3.69199,40.44063],[-3.69192,40.44034],[-3.69126,40.43859],[-3.69121,40.43825],[-3.69121,40.43752]]},"properties":{"kind":"route","mode":"metro","route":"10A","name":"Metro 10A","destination":"GREGORIO MARAÑON","direction":"1","color":"#004287","source_date":"2026-05-29","terminus":"PUERTA DEL SUR","offset_index":0}},{"type":"Feature","id":"metro-route-214","geometry":{"type":"LineString","coordinates":[[-3.69631,40.42866],[-3.69404,40.43079],[-3.69342,40.43129],[-3.69231,40.43209],[-3.69199,40.43235],[-3.69172,40.43264],[-3.69153,40.43293],[-3.69136,40.43333],[-3.69129,40.43378],[-3.69127,40.43751]]},"properties":{"kind":"route","mode":"metro","route":"10A","name":"Metro 10A","destination":"GREGORIO MARAÑON","direction":"2","color":"#004287","source_date":"2026-05-29","terminus":"TRES OLIVOS","offset_index":0}},{"type":"Feature","id":"metro-route-215","geometry":{"type":"LineString","coordinates":[[-3.69121,40.43752],[-3.69123,40.43375],[-3.6913,40.43332],[-3.69147,40.43291],[-3.69167,40.43262],[-3.69194,40.43232],[-3.69341,40.43124],[-3.69402,40.43074],[-3.69625,40.42862]]},"properties":{"kind":"route","mode":"metro","route":"10A","name":"Metro 10A","destination":"ALONSO MARTINEZ","direction":"1","color":"#004287","source_date":"2026-05-29","terminus":"PUERTA DEL SUR","offset_index":0}},{"type":"Feature","id":"metro-route-216","geometry":{"type":"LineString","coordinates":[[-3.70224,40.42595],[-3.69821,40.42735],[-3.69774,40.42753],[-3.69741,40.4277],[-3.69715,40.42789],[-3.69631,40.42866]]},"properties":{"kind":"route","mode":"metro","route":"10A","name":"Metro 10A","destination":"ALONSO MARTINEZ","direction":"2","color":"#004287","source_date":"2026-05-29","terminus":"TRES OLIVOS","offset_index":0}},{"type":"Feature","id":"metro-route-217","geometry":{"type":"LineString","coordinates":[[-3.69625,40.42862],[-3.69711,40.42786],[-3.69734,40.42769],[-3.69768,40.42751],[-3.69807,40.42735],[-3.70222,40.42589]]},"properties":{"kind":"route","mode":"metro","route":"10A","name":"Metro 10A","destination":"TRIBUNAL","direction":"1","color":"#004287","source_date":"2026-05-29","terminus":"PUERTA DEL SUR","offset_index":0}},{"type":"Feature","id":"metro-route-218","geometry":{"type":"LineString","coordinates":[[-3.7096,40.4241],[-3.70886,40.42441],[-3.70814,40.42458],[-3.70765,40.42463],[-3.70642,40.42466],[-3.70602,40.4247],[-3.70561,40.42478],[-3.7051,40.42494],[-3.70224,40.42595]]},"properties":{"kind":"route","mode":"metro","route":"10A","name":"Metro 10A","destination":"TRIBUNAL","direction":"2","color":"#004287","source_date":"2026-05-29","terminus":"TRES OLIVOS","offset_index":0}},{"type":"Feature","id":"metro-route-219","geometry":{"type":"LineString","coordinates":[[-3.70786,40.48469],[-3.70653,40.48381],[-3.70617,40.48355],[-3.70579,40.48319],[-3.70549,40.48279],[-3.70525,40.48226],[-3.70335,40.47696]]},"properties":{"kind":"route","mode":"metro","route":"9A","name":"Metro 9A","destination":"BARRIO DEL PILAR","direction":"1","color":"#7B1265","source_date":"2026-05-29","terminus":"PUERTA DE ARGANDA","offset_index":0}},{"type":"Feature","id":"metro-route-220","geometry":{"type":"LineString","coordinates":[[-3.69629,40.46988],[-3.70125,40.47297],[-3.70166,40.47326],[-3.70192,40.47348],[-3.7022,40.47382],[-3.70243,40.47426],[-3.70341,40.47695]]},"properties":{"kind":"route","mode":"metro","route":"9A","name":"Metro 9A","destination":"BARRIO DEL PILAR","direction":"2","color":"#7B1265","source_date":"2026-05-29","terminus":"PACO DE LUCIA","offset_index":0}},{"type":"Feature","id":"metro-route-221","geometry":{"type":"LineString","coordinates":[[-3.70335,40.47696],[-3.70239,40.4743],[-3.70218,40.4739],[-3.7019,40.47353],[-3.70162,40.47329],[-3.70118,40.47298],[-3.69625,40.46991]]},"properties":{"kind":"route","mode":"metro","route":"9A","name":"Metro 9A","destination":"VENTILLA","direction":"1","color":"#7B1265","source_date":"2026-05-29","terminus":"PUERTA DE ARGANDA","offset_index":0}},{"type":"Feature","id":"metro-route-222","geometry":{"type":"LineString","coordinates":[[-3.68763,40.46638],[-3.68875,40.46615],[-3.68926,40.46609],[-3.68961,40.4661],[-3.68991,40.46614],[-3.6902,40.46621],[-3.69048,40.46631],[-3.69087,40.46651],[-3.69629,40.46988]]},"properties":{"kind":"route","mode":"metro","route":"9A","name":"Metro 9A","destination":"VENTILLA","direction":"2","color":"#7B1265","source_date":"2026-05-29","terminus":"PACO DE LUCIA","offset_index":0}},{"type":"Feature","id":"metro-route-223","geometry":{"type":"LineString","coordinates":[[-3.69625,40.46991],[-3.6909,40.46659],[-3.69045,40.46635],[-3.69018,40.46626],[-3.6899,40.46619],[-3.68956,40.46614],[-3.68926,40.46614],[-3.68876,40.46619],[-3.68766,40.46642]]},"properties":{"kind":"route","mode":"metro","route":"9A","name":"Metro 9A","destination":"PLAZA DE CASTILLA","direction":"1","color":"#7B1265","source_date":"2026-05-29","terminus":"PUERTA DE ARGANDA","offset_index":0}},{"type":"Feature","id":"metro-route-224","geometry":{"type":"LineString","coordinates":[[-3.68055,40.46751],[-3.68271,40.46734],[-3.68326,40.46727],[-3.68763,40.46638]]},"properties":{"kind":"route","mode":"metro","route":"9A","name":"Metro 9A","destination":"PLAZA DE CASTILLA","direction":"2","color":"#7B1265","source_date":"2026-05-29","terminus":"PACO DE LUCIA","offset_index":0}},{"type":"Feature","id":"metro-route-225","geometry":{"type":"LineString","coordinates":[[-3.68766,40.46642],[-3.68319,40.46732],[-3.68259,40.46739],[-3.68056,40.46755]]},"properties":{"kind":"route","mode":"metro","route":"9A","name":"Metro 9A","destination":"DUQUE DE PASTRANA","direction":"1","color":"#7B1265","source_date":"2026-05-29","terminus":"PUERTA DE ARGANDA","offset_index":0}},{"type":"Feature","id":"metro-route-226","geometry":{"type":"LineString","coordinates":[[-3.67591,40.46381],[-3.67563,40.46517],[-3.6756,40.46543],[-3.67562,40.46568],[-3.67571,40.46606],[-3.67586,40.46637],[-3.67606,40.46665],[-3.67638,40.46696],[-3.67672,40.4672],[-3.67712,40.46739],[-3.67755,40.46753],[-3.67796,40.46761],[-3.67834,40.46764],[-3.6788,40.46764],[-3.68055,40.46751]]},"properties":{"kind":"route","mode":"metro","route":"9A","name":"Metro 9A","destination":"DUQUE DE PASTRANA","direction":"2","color":"#7B1265","source_date":"2026-05-29","terminus":"PACO DE LUCIA","offset_index":0}},{"type":"Feature","id":"metro-route-227","geometry":{"type":"LineString","coordinates":[[-3.68056,40.46755],[-3.67876,40.46769],[-3.67833,40.46769],[-3.67795,40.46766],[-3.67749,40.46756],[-3.67709,40.46743],[-3.67669,40.46723],[-3.67636,40.46701],[-3.67604,40.46671],[-3.67582,40.46642],[-3.67565,40.46608],[-3.67557,40.46575],[-3.67554,40.46549],[-3.67556,40.46523],[-3.67585,40.4638]]},"properties":{"kind":"route","mode":"metro","route":"9A","name":"Metro 9A","destination":"PIO XII","direction":"1","color":"#7B1265","source_date":"2026-05-29","terminus":"PUERTA DE ARGANDA","offset_index":0}},{"type":"Feature","id":"metro-route-228","geometry":{"type":"LineString","coordinates":[[-3.67695,40.45752],[-3.67662,40.46035],[-3.67591,40.46381]]},"properties":{"kind":"route","mode":"metro","route":"9A","name":"Metro 9A","destination":"PIO XII","direction":"2","color":"#7B1265","source_date":"2026-05-29","terminus":"PACO DE LUCIA","offset_index":0}},{"type":"Feature","id":"metro-route-229","geometry":{"type":"LineString","coordinates":[[-3.67585,40.4638],[-3.67656,40.46036],[-3.67689,40.45751]]},"properties":{"kind":"route","mode":"metro","route":"9A","name":"Metro 9A","destination":"COLOMBIA","direction":"1","color":"#7B1265","source_date":"2026-05-29","terminus":"PUERTA DE ARGANDA","offset_index":0}},{"type":"Feature","id":"metro-route-230","geometry":{"type":"LineString","coordinates":[[-3.67768,40.45101],[-3.67695,40.45752]]},"properties":{"kind":"route","mode":"metro","route":"9A","name":"Metro 9A","destination":"COLOMBIA","direction":"2","color":"#7B1265","source_date":"2026-05-29","terminus":"PACO DE LUCIA","offset_index":0}},{"type":"Feature","id":"metro-route-231","geometry":{"type":"LineString","coordinates":[[-3.67689,40.45751],[-3.67762,40.45101]]},"properties":{"kind":"route","mode":"metro","route":"9A","name":"Metro 9A","destination":"CONCHA ESPINA","direction":"1","color":"#7B1265","source_date":"2026-05-29","terminus":"PUERTA DE ARGANDA","offset_index":0}},{"type":"Feature","id":"metro-route-232","geometry":{"type":"LineString","coordinates":[[-3.6784,40.44456],[-3.67768,40.45101]]},"properties":{"kind":"route","mode":"metro","route":"9A","name":"Metro 9A","destination":"CONCHA ESPINA","direction":"2","color":"#7B1265","source_date":"2026-05-29","terminus":"PACO DE LUCIA","offset_index":0}},{"type":"Feature","id":"metro-route-233","geometry":{"type":"LineString","coordinates":[[-3.67762,40.45101],[-3.67834,40.44456]]},"properties":{"kind":"route","mode":"metro","route":"9A","name":"Metro 9A","destination":"CRUZ DEL RAYO","direction":"1","color":"#7B1265","source_date":"2026-05-29","terminus":"PUERTA DE ARGANDA","offset_index":0}},{"type":"Feature","id":"metro-route-234","geometry":{"type":"LineString","coordinates":[[-3.67909,40.43819],[-3.67896,40.43955],[-3.6784,40.44456]]},"properties":{"kind":"route","mode":"metro","route":"9A","name":"Metro 9A","destination":"CRUZ DEL RAYO","direction":"2","color":"#7B1265","source_date":"2026-05-29","terminus":"PACO DE LUCIA","offset_index":0}},{"type":"Feature","id":"metro-route-235","geometry":{"type":"LineString","coordinates":[[-3.67834,40.44456],[-3.6789,40.43961],[-3.67903,40.43819]]},"properties":{"kind":"route","mode":"metro","route":"9A","name":"Metro 9A","destination":"AVENIDA DE AMERICA","direction":"1","color":"#7B1265","source_date":"2026-05-29","terminus":"PUERTA DE ARGANDA","offset_index":0}},{"type":"Feature","id":"metro-route-236","geometry":{"type":"LineString","coordinates":[[-3.67964,40.43165],[-3.67909,40.43819]]},"properties":{"kind":"route","mode":"metro","route":"9A","name":"Metro 9A","destination":"AVENIDA DE AMERICA","direction":"2","color":"#7B1265","source_date":"2026-05-29","terminus":"PACO DE LUCIA","offset_index":0}},{"type":"Feature","id":"metro-route-237","geometry":{"type":"LineString","coordinates":[[-3.67958,40.43164],[-3.68021,40.42422]]},"properties":{"kind":"route","mode":"metro","route":"9A","name":"Metro 9A","destination":"PRINCIPE DE VERGARA","direction":"1","color":"#7B1265","source_date":"2026-05-29","terminus":"PUERTA DE ARGANDA","offset_index":0}},{"type":"Feature","id":"metro-route-238","geometry":{"type":"LineString","coordinates":[[-3.67902,40.41785],[-3.67949,40.42013],[-3.67964,40.42061],[-3.68022,40.42223],[-3.68032,40.42258],[-3.68035,40.42308],[-3.68026,40.42422]]},"properties":{"kind":"route","mode":"metro","route":"9A","name":"Metro 9A","destination":"PRINCIPE DE VERGARA","direction":"2","color":"#7B1265","source_date":"2026-05-29","terminus":"PACO DE LUCIA","offset_index":0}},{"type":"Feature","id":"metro-route-239","geometry":{"type":"LineString","coordinates":[[-3.68021,40.42422],[-3.6803,40.42308],[-3.68029,40.42278],[-3.68025,40.42256],[-3.68013,40.42215],[-3.67958,40.42062],[-3.67943,40.42011],[-3.67896,40.41786]]},"properties":{"kind":"route","mode":"metro","route":"9A","name":"Metro 9A","destination":"IBIZA","direction":"1","color":"#7B1265","source_date":"2026-05-29","terminus":"PUERTA DE ARGANDA","offset_index":0}},{"type":"Feature","id":"metro-route-240","geometry":{"type":"LineString","coordinates":[[-3.67035,40.41442],[-3.6759,40.41471],[-3.67658,40.4148],[-3.67718,40.41498],[-3.67759,40.41517],[-3.67795,40.4154],[-3.67828,40.41571],[-3.6785,40.41599],[-3.67867,40.4163],[-3.67876,40.41655],[-3.67902,40.41785]]},"properties":{"kind":"route","mode":"metro","route":"9A","name":"Metro 9A","destination":"IBIZA","direction":"2","color":"#7B1265","source_date":"2026-05-29","terminus":"PACO DE LUCIA","offset_index":0}},{"type":"Feature","id":"metro-route-241","geometry":{"type":"LineString","coordinates":[[-3.67896,40.41786],[-3.6787,40.41656],[-3.6786,40.41628],[-3.67849,40.41607],[-3.67823,40.41573],[-3.67794,40.41546],[-3.67759,40.41522],[-3.67716,40.41502],[-3.6766,40.41485],[-3.67594,40.41476],[-3.67035,40.41447]]},"properties":{"kind":"route","mode":"metro","route":"9A","name":"Metro 9A","destination":"SAINZ DE BARANDA","direction":"1","color":"#7B1265","source_date":"2026-05-29","terminus":"PUERTA DE ARGANDA","offset_index":0}},{"type":"Feature","id":"metro-route-242","geometry":{"type":"LineString","coordinates":[[-3.66182,40.41146],[-3.66355,40.41189],[-3.6639,40.41202],[-3.66419,40.41216],[-3.66453,40.41237],[-3.66476,40.41257],[-3.66546,40.41336],[-3.66578,40.41365],[-3.66621,40.41391],[-3.66664,40.4141],[-3.66704,40.41421],[-3.6675,40.41428],[-3.67035,40.41442]]},"properties":{"kind":"route","mode":"metro","route":"9A","name":"Metro 9A","destination":"SAINZ DE BARANDA","direction":"2","color":"#7B1265","source_date":"2026-05-29","terminus":"PACO DE LUCIA","offset_index":0}},{"type":"Feature","id":"metro-route-243","geometry":{"type":"LineString","coordinates":[[-3.67035,40.41447],[-3.66753,40.41433],[-3.66706,40.41426],[-3.66662,40.41414],[-3.66614,40.41393],[-3.66574,40.41368],[-3.66544,40.41341],[-3.66469,40.41257],[-3.66442,40.41236],[-3.66416,40.4122],[-3.6638,40.41203],[-3.66348,40.41192],[-3.6618,40.4115]]},"properties":{"kind":"route","mode":"metro","route":"9A","name":"Metro 9A","destination":"ESTRELLA","direction":"1","color":"#7B1265","source_date":"2026-05-29","terminus":"PUERTA DE ARGANDA","offset_index":0}},{"type":"Feature","id":"metro-route-244","geometry":{"type":"LineString","coordinates":[[-3.65147,40.41008],[-3.65318,40.41058],[-3.65385,40.41069],[-3.65442,40.4107],[-3.65788,40.41061],[-3.65848,40.41064],[-3.65896,40.41074],[-3.66182,40.41146]]},"properties":{"kind":"route","mode":"metro","route":"9A","name":"Metro 9A","destination":"ESTRELLA","direction":"2","color":"#7B1265","source_date":"2026-05-29","terminus":"PACO DE LUCIA","offset_index":0}},{"type":"Feature","id":"metro-route-245","geometry":{"type":"LineString","coordinates":[[-3.6618,40.4115],[-3.65895,40.41079],[-3.65843,40.41068],[-3.65788,40.41065],[-3.65442,40.41075],[-3.65388,40.41074],[-3.65354,40.4107],[-3.65317,40.41062],[-3.65144,40.41012]]},"properties":{"kind":"route","mode":"metro","route":"9A","name":"Metro 9A","destination":"VINATEROS","direction":"1","color":"#7B1265","source_date":"2026-05-29","terminus":"PUERTA DE ARGANDA","offset_index":0}},{"type":"Feature","id":"metro-route-246","geometry":{"type":"LineString","coordinates":[[-3.64303,40.40608],[-3.64605,40.40803],[-3.64663,40.40836],[-3.6472,40.40865],[-3.64791,40.40896],[-3.64864,40.40923],[-3.65147,40.41008]]},"properties":{"kind":"route","mode":"metro","route":"9A","name":"Metro 9A","destination":"VINATEROS","direction":"2","color":"#7B1265","source_date":"2026-05-29","terminus":"PACO DE LUCIA","offset_index":0}},{"type":"Feature","id":"metro-route-247","geometry":{"type":"LineString","coordinates":[[-3.65144,40.41012],[-3.64862,40.40927],[-3.64792,40.40901],[-3.64717,40.40869],[-3.64664,40.40842],[-3.64602,40.40806],[-3.64298,40.4061]]},"properties":{"kind":"route","mode":"metro","route":"9A","name":"Metro 9A","destination":"ARTILLEROS","direction":"1","color":"#7B1265","source_date":"2026-05-29","terminus":"PUERTA DE ARGANDA","offset_index":0}},{"type":"Feature","id":"metro-route-248","geometry":{"type":"LineString","coordinates":[[-3.63507,40.40056],[-3.63636,40.40093],[-3.63709,40.4012],[-3.6385,40.40189],[-3.63915,40.40228],[-3.63974,40.40275],[-3.6402,40.40323],[-3.6405,40.40365],[-3.64102,40.40455],[-3.64129,40.40488],[-3.64168,40.4052],[-3.64303,40.40608]]},"properties":{"kind":"route","mode":"metro","route":"9A","name":"Metro 9A","destination":"ARTILLEROS","direction":"2","color":"#7B1265","source_date":"2026-05-29","terminus":"PACO DE LUCIA","offset_index":0}},{"type":"Feature","id":"metro-route-249","geometry":{"type":"LineString","coordinates":[[-3.64298,40.4061],[-3.64162,40.40522],[-3.64127,40.40493],[-3.64097,40.40457],[-3.6405,40.40375],[-3.64015,40.40325],[-3.6397,40.40278],[-3.63914,40.40233],[-3.6385,40.40195],[-3.63699,40.40121],[-3.63625,40.40095],[-3.63505,40.4006]]},"properties":{"kind":"route","mode":"metro","route":"9A","name":"Metro 9A","destination":"PAVONES","direction":"1","color":"#7B1265","source_date":"2026-05-29","terminus":"PUERTA DE ARGANDA","offset_index":0}},{"type":"Feature","id":"metro-route-250","geometry":{"type":"LineString","coordinates":[[-3.62153,40.39998],[-3.62196,40.39892],[-3.62216,40.39852],[-3.62241,40.39818],[-3.62277,40.39785],[-3.62305,40.39766],[-3.62332,40.39751],[-3.62387,40.3973],[-3.62446,40.39718],[-3.62513,40.39716],[-3.62548,40.39719],[-3.62583,40.39725],[-3.62621,40.39736],[-3.62651,40.39748],[-3.62701,40.39773],[-3.62898,40.39883],[-3.62943,40.39904],[-3.62997,40.39925],[-3.63084,40.3995],[-3.6332,40.40004],[-3.63507,40.40056]]},"properties":{"kind":"route","mode":"metro","route":"9A","name":"Metro 9A","destination":"PAVONES","direction":"2","color":"#7B1265","source_date":"2026-05-29","terminus":"PACO DE LUCIA","offset_index":0}},{"type":"Feature","id":"metro-route-251","geometry":{"type":"LineString","coordinates":[[-3.63505,40.4006],[-3.6332,40.40009],[-3.6307,40.39952],[-3.62994,40.39929],[-3.6294,40.39908],[-3.62886,40.39882],[-3.62688,40.39771],[-3.62644,40.3975],[-3.62614,40.39738],[-3.6258,40.39729],[-3.6255,40.39724],[-3.62513,40.3972],[-3.62448,40.39723],[-3.62383,40.39736],[-3.62327,40.39759],[-3.62278,40.39791],[-3.62243,40.39825],[-3.62218,40.3986],[-3.62201,40.39895],[-3.62157,40.40002]]},"properties":{"kind":"route","mode":"metro","route":"9A","name":"Metro 9A","destination":"VALDEBERNARDO","direction":"1","color":"#7B1265","source_date":"2026-05-29","terminus":"PUERTA DE ARGANDA","offset_index":0}},{"type":"Feature","id":"metro-route-252","geometry":{"type":"LineString","coordinates":[[-3.60938,40.4042],[-3.61135,40.40429],[-3.61204,40.40434],[-3.61548,40.4049],[-3.6162,40.40499],[-3.61668,40.405],[-3.61723,40.40496],[-3.6177,40.40487],[-3.61821,40.40473],[-3.6188,40.40447],[-3.61929,40.40417],[-3.61973,40.4038],[-3.62006,40.40341],[-3.62022,40.40315],[-3.62038,40.40283],[-3.62153,40.39998]]},"properties":{"kind":"route","mode":"metro","route":"9A","name":"Metro 9A","destination":"VALDEBERNARDO","direction":"2","color":"#7B1265","source_date":"2026-05-29","terminus":"PACO DE LUCIA","offset_index":0}},{"type":"Feature","id":"metro-route-253","geometry":{"type":"LineString","coordinates":[[-3.62157,40.40002],[-3.62046,40.4028],[-3.62027,40.40318],[-3.62012,40.40342],[-3.61974,40.40387],[-3.61929,40.40424],[-3.61875,40.40455],[-3.61821,40.40478],[-3.61772,40.40492],[-3.61724,40.405],[-3.61676,40.40504],[-3.61623,40.40504],[-3.61558,40.40496],[-3.61202,40.40438],[-3.61134,40.40433],[-3.60938,40.40424]]},"properties":{"kind":"route","mode":"metro","route":"9A","name":"Metro 9A","destination":"VICALVARO","direction":"1","color":"#7B1265","source_date":"2026-05-29","terminus":"PUERTA DE ARGANDA","offset_index":0}},{"type":"Feature","id":"metro-route-254","geometry":{"type":"LineString","coordinates":[[-3.60335,40.40393],[-3.60938,40.4042]]},"properties":{"kind":"route","mode":"metro","route":"9A","name":"Metro 9A","destination":"VICALVARO","direction":"2","color":"#7B1265","source_date":"2026-05-29","terminus":"PACO DE LUCIA","offset_index":0}},{"type":"Feature","id":"metro-route-255","geometry":{"type":"LineString","coordinates":[[-3.59686,40.4015],[-3.59755,40.40209],[-3.59876,40.40302],[-3.59924,40.40333],[-3.59975,40.40357],[-3.60027,40.40372],[-3.60077,40.4038],[-3.60335,40.40393]]},"properties":{"kind":"route","mode":"metro","route":"9A","name":"Metro 9A","destination":"SAN CIPRIANO","direction":"2","color":"#7B1265","source_date":"2026-05-29","terminus":"PACO DE LUCIA","offset_index":0}},{"type":"Feature","id":"metro-route-256","geometry":{"type":"LineString","coordinates":[[-3.60938,40.40424],[-3.60335,40.40398]]},"properties":{"kind":"route","mode":"metro","route":"9A","name":"Metro 9A","destination":"SAN CIPRIANO","direction":"1","color":"#7B1265","source_date":"2026-05-29","terminus":"PUERTA DE ARGANDA","offset_index":0}},{"type":"Feature","id":"metro-route-257","geometry":{"type":"LineString","coordinates":[[-3.54744,40.36682],[-3.54817,40.36748],[-3.54903,40.36831],[-3.55466,40.3734],[-3.55546,40.37408],[-3.55619,40.37464],[-3.5568,40.37507],[-3.55751,40.37554],[-3.56345,40.37923],[-3.5646,40.37998],[-3.57546,40.38742],[-3.57615,40.38793],[-3.57661,40.38831],[-3.5771,40.38877],[-3.58195,40.3937],[-3.58233,40.39404],[-3.58276,40.39438],[-3.58354,40.39486],[-3.58491,40.39552],[-3.58536,40.39577],[-3.58579,40.39605],[-3.58734,40.39719],[-3.58794,40.39755],[-3.58838,40.39774],[-3.58885,40.3979],[-3.59059,40.3983],[-3.59119,40.39847],[-3.59392,40.39949],[-3.5944,40.39973],[-3.5948,40.39997],[-3.59614,40.401],[-3.59683,40.40147]]},"properties":{"kind":"route","mode":"metro","route":"9B","name":"Metro 9B","destination":"PUERTA DE ARGANDA","direction":"2","color":"#7B1265","source_date":"2026-05-29","terminus":"PUERTA DE ARGANDA","offset_index":0}},{"type":"Feature","id":"metro-route-258","geometry":{"type":"LineString","coordinates":[[-3.60335,40.40398],[-3.60074,40.40384],[-3.60025,40.40377],[-3.59978,40.40363],[-3.59932,40.40343],[-3.59891,40.40318],[-3.5975,40.40211],[-3.59674,40.40158]]},"properties":{"kind":"route","mode":"metro","route":"9A","name":"Metro 9A","destination":"PUERTA DE ARGANDA","direction":"1","color":"#7B1265","source_date":"2026-05-29","terminus":"PUERTA DE ARGANDA","offset_index":0}},{"type":"Feature","id":"metro-route-259","geometry":{"type":"LineString","coordinates":[[-3.69534,40.5012],[-3.69532,40.50107],[-3.69526,40.50093],[-3.69199,40.49472]]},"properties":{"kind":"route","mode":"metro","route":"10A","name":"Metro 10A","destination":"FUENCARRAL","direction":"1","color":"#004287","source_date":"2026-05-29","terminus":"PUERTA DEL SUR","offset_index":0}},{"type":"Feature","id":"metro-route-260","geometry":{"type":"LineString","coordinates":[[-3.6863,40.48269],[-3.6878,40.48474],[-3.68811,40.48525],[-3.68841,40.48583],[-3.68876,40.48671],[-3.69067,40.49229],[-3.6909,40.49274],[-3.69204,40.49471]]},"properties":{"kind":"route","mode":"metro","route":"10A","name":"Metro 10A","destination":"FUENCARRAL","direction":"2","color":"#004287","source_date":"2026-05-29","terminus":"TRES OLIVOS","offset_index":0}},{"type":"Feature","id":"metro-route-261","geometry":{"type":"LineString","coordinates":[[-3.69199,40.49472],[-3.69081,40.49271],[-3.69061,40.49229],[-3.6887,40.48672],[-3.68853,40.48626],[-3.68829,40.48571],[-3.68799,40.48515],[-3.68767,40.48464],[-3.68625,40.48271]]},"properties":{"kind":"route","mode":"metro","route":"10A","name":"Metro 10A","destination":"BEGOÑA","direction":"1","color":"#004287","source_date":"2026-05-29","terminus":"PUERTA DEL SUR","offset_index":0}},{"type":"Feature","id":"metro-route-262","geometry":{"type":"LineString","coordinates":[[-3.68344,40.47395],[-3.68313,40.47471],[-3.683,40.47518],[-3.68299,40.47567],[-3.6831,40.47618],[-3.6845,40.47985],[-3.68474,40.48041],[-3.68495,40.4808],[-3.68517,40.48115],[-3.6863,40.48269]]},"properties":{"kind":"route","mode":"metro","route":"10A","name":"Metro 10A","destination":"BEGOÑA","direction":"2","color":"#004287","source_date":"2026-05-29","terminus":"TRES OLIVOS","offset_index":0}},{"type":"Feature","id":"metro-route-263","geometry":{"type":"LineString","coordinates":[[-3.68625,40.48271],[-3.6851,40.48114],[-3.6849,40.48082],[-3.68467,40.48039],[-3.68442,40.4798],[-3.68304,40.47619],[-3.68293,40.47571],[-3.68292,40.47544],[-3.68294,40.47518],[-3.68305,40.47476],[-3.68338,40.47394]]},"properties":{"kind":"route","mode":"metro","route":"10A","name":"Metro 10A","destination":"CHAMARTIN","direction":"1","color":"#004287","source_date":"2026-05-29","terminus":"PUERTA DEL SUR","offset_index":0}},{"type":"Feature","id":"metro-route-264","geometry":{"type":"LineString","coordinates":[[-3.68813,40.46738],[-3.68527,40.47047],[-3.68482,40.47101],[-3.68459,40.47136],[-3.68438,40.47175],[-3.68344,40.47395]]},"properties":{"kind":"route","mode":"metro","route":"10A","name":"Metro 10A","destination":"CHAMARTIN","direction":"2","color":"#004287","source_date":"2026-05-29","terminus":"TRES OLIVOS","offset_index":0}},{"type":"Feature","id":"metro-route-265","geometry":{"type":"LineString","coordinates":[[-3.68809,40.46735],[-3.68917,40.46618],[-3.68938,40.46593],[-3.68962,40.46554],[-3.68977,40.46512],[-3.68981,40.46482],[-3.68982,40.46459],[-3.68971,40.46308],[-3.68971,40.46216],[-3.68975,40.46156],[-3.68995,40.45949]]},"properties":{"kind":"route","mode":"metro","route":"10A","name":"Metro 10A","destination":"CUZCO","direction":"1","color":"#004287","source_date":"2026-05-29","terminus":"PUERTA DEL SUR","offset_index":0}},{"type":"Feature","id":"metro-route-266","geometry":{"type":"LineString","coordinates":[[-3.6907,40.45234],[-3.69001,40.45949]]},"properties":{"kind":"route","mode":"metro","route":"10A","name":"Metro 10A","destination":"CUZCO","direction":"2","color":"#004287","source_date":"2026-05-29","terminus":"TRES OLIVOS","offset_index":0}},{"type":"Feature","id":"metro-route-267","geometry":{"type":"LineString","coordinates":[[-3.68995,40.45949],[-3.69064,40.45233]]},"properties":{"kind":"route","mode":"metro","route":"10A","name":"Metro 10A","destination":"SANTIAGO BERNABEU","direction":"1","color":"#004287","source_date":"2026-05-29","terminus":"PUERTA DEL SUR","offset_index":0}},{"type":"Feature","id":"metro-route-268","geometry":{"type":"LineString","coordinates":[[-3.69139,40.44522],[-3.6907,40.45234]]},"properties":{"kind":"route","mode":"metro","route":"10A","name":"Metro 10A","destination":"SANTIAGO BERNABEU","direction":"2","color":"#004287","source_date":"2026-05-29","terminus":"TRES OLIVOS","offset_index":0}},{"type":"Feature","id":"metro-route-269","geometry":{"type":"LineString","coordinates":[[-3.7034,40.4468],[-3.7084,40.44706],[-3.70922,40.44707],[-3.70985,40.44701],[-3.71044,40.44691],[-3.71096,40.44677],[-3.71203,40.44643]]},"properties":{"kind":"route","mode":"metro","route":"6-1","name":"Metro 6-1","destination":"GUZMAN EL BUENO","direction":"1","color":"#706F6E","source_date":"2026-05-29","terminus":"LAGUNA","offset_index":0}},{"type":"Feature","id":"metro-route-270","geometry":{"type":"LineString","coordinates":[[-3.71925,40.44642],[-3.71769,40.44654],[-3.71712,40.44652],[-3.7165,40.44639],[-3.71561,40.44608],[-3.71522,40.44597],[-3.71481,40.4459],[-3.71443,40.44588],[-3.71401,40.44591],[-3.7136,40.44599],[-3.71206,40.44647]]},"properties":{"kind":"route","mode":"metro","route":"6-2","name":"Metro 6-2","destination":"GUZMAN EL BUENO","direction":"1","color":"#706F6E","source_date":"2026-05-29","terminus":"LAGUNA","offset_index":0}},{"type":"Feature","id":"metro-route-271","geometry":{"type":"LineString","coordinates":[[-3.69446,40.44629],[-3.69624,40.44644],[-3.7034,40.4468]]},"properties":{"kind":"route","mode":"metro","route":"6-1","name":"Metro 6-1","destination":"CUATRO CAMINOS","direction":"1","color":"#706F6E","source_date":"2026-05-29","terminus":"LAGUNA","offset_index":0}},{"type":"Feature","id":"metro-route-272","geometry":{"type":"LineString","coordinates":[[-3.71206,40.44647],[-3.71098,40.44681],[-3.71045,40.44695],[-3.70986,40.44706],[-3.70927,40.44711],[-3.70839,40.4471],[-3.7034,40.44685]]},"properties":{"kind":"route","mode":"metro","route":"6-2","name":"Metro 6-2","destination":"CUATRO CAMINOS","direction":"1","color":"#706F6E","source_date":"2026-05-29","terminus":"LAGUNA","offset_index":0}},{"type":"Feature","id":"metro-route-273","geometry":{"type":"LineString","coordinates":[[-3.71203,40.44643],[-3.71362,40.44594],[-3.71404,40.44586],[-3.71443,40.44584],[-3.71482,40.44585],[-3.71524,40.44592],[-3.7156,40.44603],[-3.71656,40.44636],[-3.71715,40.44648],[-3.71777,40.44649],[-3.71925,40.44637]]},"properties":{"kind":"route","mode":"metro","route":"6-1","name":"Metro 6-1","destination":"VICENTE ALEIXANDRE","direction":"1","color":"#706F6E","source_date":"2026-05-29","terminus":"LAGUNA","offset_index":0}},{"type":"Feature","id":"metro-route-274","geometry":{"type":"LineString","coordinates":[[-3.72605,40.44401],[-3.7256,40.44482],[-3.72532,40.4452],[-3.72507,40.44544],[-3.72485,40.4456],[-3.72457,40.44575],[-3.72422,40.44589],[-3.72382,40.446],[-3.72339,40.44607],[-3.71925,40.44642]]},"properties":{"kind":"route","mode":"metro","route":"6-2","name":"Metro 6-2","destination":"VICENTE ALEIXANDRE","direction":"1","color":"#706F6E","source_date":"2026-05-29","terminus":"LAGUNA","offset_index":0}},{"type":"Feature","id":"metro-route-275","geometry":{"type":"LineString","coordinates":[[-3.72598,40.44403],[-3.72641,40.44324],[-3.72654,40.44296],[-3.72663,40.44267],[-3.72666,40.44227],[-3.72659,40.44183],[-3.72625,40.44082],[-3.72605,40.44032],[-3.72585,40.43998],[-3.72565,40.43973],[-3.72542,40.4395],[-3.72408,40.43846],[-3.72317,40.4376],[-3.7228,40.43729],[-3.72223,40.43691],[-3.72123,40.43635],[-3.72028,40.43572],[-3.71989,40.43544],[-3.71956,40.43511],[-3.71913,40.43451]]},"properties":{"kind":"route","mode":"metro","route":"6-1","name":"Metro 6-1","destination":"MONCLOA","direction":"1","color":"#706F6E","source_date":"2026-05-29","terminus":"LAGUNA","offset_index":0}},{"type":"Feature","id":"metro-route-276","geometry":{"type":"LineString","coordinates":[[-3.71596,40.43018],[-3.71674,40.43126],[-3.71822,40.43312],[-3.71919,40.43449]]},"properties":{"kind":"route","mode":"metro","route":"6-2","name":"Metro 6-2","destination":"MONCLOA","direction":"1","color":"#706F6E","source_date":"2026-05-29","terminus":"LAGUNA","offset_index":0}},{"type":"Feature","id":"metro-route-277","geometry":{"type":"LineString","coordinates":[[-3.71913,40.43451],[-3.71816,40.43312],[-3.71672,40.43132],[-3.7159,40.43018]]},"properties":{"kind":"route","mode":"metro","route":"6-1","name":"Metro 6-1","destination":"ARGÜELLES","direction":"1","color":"#706F6E","source_date":"2026-05-29","terminus":"LAGUNA","offset_index":0}},{"type":"Feature","id":"metro-route-278","geometry":{"type":"LineString","coordinates":[[-3.71919,40.42109],[-3.71806,40.4219],[-3.7175,40.4222],[-3.71688,40.42241],[-3.71563,40.42268],[-3.71519,40.4228],[-3.71476,40.42295],[-3.71437,40.42315],[-3.71393,40.42346],[-3.71359,40.42379],[-3.71332,40.42416],[-3.71312,40.42459],[-3.71303,40.42494],[-3.713,40.42536],[-3.71308,40.42585],[-3.71322,40.42622],[-3.71349,40.42667],[-3.71464,40.42825],[-3.71528,40.42923],[-3.71596,40.43018]]},"properties":{"kind":"route","mode":"metro","route":"6-2","name":"Metro 6-2","destination":"ARGÜELLES","direction":"1","color":"#706F6E","source_date":"2026-05-29","terminus":"LAGUNA","offset_index":0}},{"type":"Feature","id":"metro-route-279","geometry":{"type":"LineString","coordinates":[[-3.7159,40.43018],[-3.71527,40.42931],[-3.71464,40.42835],[-3.71342,40.42666],[-3.71318,40.42627],[-3.71303,40.42589],[-3.71295,40.42546],[-3.71295,40.42507],[-3.71299,40.42481],[-3.71307,40.42456],[-3.71325,40.42416],[-3.71352,40.42378],[-3.7139,40.42342],[-3.71435,40.42311],[-3.71475,40.42291],[-3.71518,40.42275],[-3.71563,40.42263],[-3.71676,40.4224],[-3.71741,40.42219],[-3.71777,40.42202],[-3.71807,40.42183],[-3.71911,40.42109]]},"properties":{"kind":"route","mode":"metro","route":"6-1","name":"Metro 6-1","destination":"PRINCIPE PIO","direction":"1","color":"#706F6E","source_date":"2026-05-29","terminus":"LAGUNA","offset_index":0}},{"type":"Feature","id":"metro-route-280","geometry":{"type":"LineString","coordinates":[[-3.72684,40.41385],[-3.72492,40.41409],[-3.72427,40.41422],[-3.72381,40.41438],[-3.72341,40.41458],[-3.72305,40.41481],[-3.72277,40.41505],[-3.7225,40.41534],[-3.72223,40.41574],[-3.72102,40.41775],[-3.72084,40.41808],[-3.72075,40.41833],[-3.72068,40.41861],[-3.72061,40.41926],[-3.72056,40.41953],[-3.72047,40.41979],[-3.72036,40.42001],[-3.72016,40.4203],[-3.71998,40.42048],[-3.71975,40.42068],[-3.71919,40.42109]]},"properties":{"kind":"route","mode":"metro","route":"6-2","name":"Metro 6-2","destination":"PRINCIPE PIO","direction":"1","color":"#706F6E","source_date":"2026-05-29","terminus":"LAGUNA","offset_index":0}},{"type":"Feature","id":"metro-route-281","geometry":{"type":"LineString","coordinates":[[-3.71911,40.42109],[-3.71966,40.42069],[-3.71992,40.42047],[-3.72014,40.42023],[-3.72031,40.41997],[-3.72043,40.41973],[-3.72051,40.41951],[-3.72064,40.41849],[-3.72073,40.4182],[-3.72084,40.41796],[-3.72221,40.41566],[-3.72247,40.41529],[-3.72275,40.415],[-3.72307,40.41473],[-3.72342,40.41451],[-3.7238,40.41434],[-3.72423,40.41418],[-3.72477,40.41406],[-3.72684,40.41381]]},"properties":{"kind":"route","mode":"metro","route":"6-1","name":"Metro 6-1","destination":"PUERTA DEL ANGEL","direction":"1","color":"#706F6E","source_date":"2026-05-29","terminus":"LAGUNA","offset_index":0}},{"type":"Feature","id":"metro-route-282","geometry":{"type":"LineString","coordinates":[[-3.73798,40.41017],[-3.72907,40.41349],[-3.72867,40.4136],[-3.72826,40.41369],[-3.72684,40.41385]]},"properties":{"kind":"route","mode":"metro","route":"6-2","name":"Metro 6-2","destination":"PUERTA DEL ANGEL","direction":"1","color":"#706F6E","source_date":"2026-05-29","terminus":"LAGUNA","offset_index":0}},{"type":"Feature","id":"metro-route-283","geometry":{"type":"LineString","coordinates":[[-3.72684,40.41381],[-3.7283,40.41363],[-3.72904,40.41345],[-3.73795,40.41013]]},"properties":{"kind":"route","mode":"metro","route":"6-1","name":"Metro 6-1","destination":"ALTO DE EXTREMADURA","direction":"1","color":"#706F6E","source_date":"2026-05-29","terminus":"LAGUNA","offset_index":0}},{"type":"Feature","id":"metro-route-284","geometry":{"type":"LineString","coordinates":[[-3.74537,40.40512],[-3.7452,40.40595],[-3.74515,40.40681],[-3.74507,40.4072],[-3.74499,40.40739],[-3.74482,40.40766],[-3.7446,40.40791],[-3.74433,40.40812],[-3.74398,40.40831],[-3.74362,40.40844],[-3.74058,40.40921],[-3.73798,40.41017]]},"properties":{"kind":"route","mode":"metro","route":"6-2","name":"Metro 6-2","destination":"ALTO DE EXTREMADURA","direction":"1","color":"#706F6E","source_date":"2026-05-29","terminus":"LAGUNA","offset_index":0}},{"type":"Feature","id":"metro-route-285","geometry":{"type":"LineString","coordinates":[[-3.73795,40.41013],[-3.74055,40.40917],[-3.74356,40.40841],[-3.74395,40.40827],[-3.74429,40.40808],[-3.74453,40.4079],[-3.74473,40.40769],[-3.74489,40.40747],[-3.74502,40.40716],[-3.74508,40.40687],[-3.74514,40.40598],[-3.74531,40.40512]]},"properties":{"kind":"route","mode":"metro","route":"6-1","name":"Metro 6-1","destination":"LUCERO","direction":"1","color":"#706F6E","source_date":"2026-05-29","terminus":"LAGUNA","offset_index":0}},{"type":"Feature","id":"metro-route-286","geometry":{"type":"LineString","coordinates":[[-3.74422,40.39822],[-3.74462,40.40009],[-3.74465,40.40035],[-3.74465,40.40108],[-3.74471,40.40144],[-3.74489,40.40191],[-3.74538,40.40267],[-3.74549,40.40294],[-3.74555,40.40319],[-3.74557,40.4035],[-3.74555,40.40414],[-3.74537,40.40512]]},"properties":{"kind":"route","mode":"metro","route":"6-2","name":"Metro 6-2","destination":"LUCERO","direction":"1","color":"#706F6E","source_date":"2026-05-29","terminus":"LAGUNA","offset_index":0}},{"type":"Feature","id":"metro-route-287","geometry":{"type":"LineString","coordinates":[[-3.59994,40.43338],[-3.6012,40.43431],[-3.60247,40.43497],[-3.60278,40.43529],[-3.60327,40.43606],[-3.60371,40.43639],[-3.60426,40.43651],[-3.60488,40.43652],[-3.60548,40.43634],[-3.60787,40.43296]]},"properties":{"kind":"route","mode":"metro","route":"7A","name":"Metro 7A","destination":"LAS MUSAS","direction":"1","color":"#F55C24","source_date":"2026-05-29","terminus":"PITIS","offset_index":0}},{"type":"Feature","id":"metro-route-288","geometry":{"type":"LineString","coordinates":[[-3.6153,40.42794],[-3.61203,40.42917],[-3.61129,40.42953],[-3.6106,40.42995],[-3.60991,40.43049],[-3.60931,40.43109],[-3.6089,40.43159],[-3.60792,40.43297]]},"properties":{"kind":"route","mode":"metro","route":"7A","name":"Metro 7A","destination":"LAS MUSAS","direction":"2","color":"#F55C24","source_date":"2026-05-29","terminus":"ESTADIO METROPOLITANO","offset_index":0}},{"type":"Feature","id":"metro-route-289","geometry":{"type":"LineString","coordinates":[[-3.60787,40.43296],[-3.60885,40.43156],[-3.60923,40.4311],[-3.60956,40.43074],[-3.60987,40.43046],[-3.61056,40.42992],[-3.61126,40.42949],[-3.61202,40.42912],[-3.61527,40.4279]]},"properties":{"kind":"route","mode":"metro","route":"7A","name":"Metro 7A","destination":"SAN BLAS","direction":"1","color":"#F55C24","source_date":"2026-05-29","terminus":"PITIS","offset_index":0}},{"type":"Feature","id":"metro-route-290","geometry":{"type":"LineString","coordinates":[[-3.62442,40.42763],[-3.62182,40.42668],[-3.62137,40.42654],[-3.6207,40.42642],[-3.62003,40.4264],[-3.61939,40.42648],[-3.61883,40.42663],[-3.6153,40.42794]]},"properties":{"kind":"route","mode":"metro","route":"7A","name":"Metro 7A","destination":"SAN BLAS","direction":"2","color":"#F55C24","source_date":"2026-05-29","terminus":"ESTADIO METROPOLITANO","offset_index":0}},{"type":"Feature","id":"metro-route-291","geometry":{"type":"LineString","coordinates":[[-3.61527,40.4279],[-3.61883,40.42658],[-3.61934,40.42644],[-3.62001,40.42636],[-3.62037,40.42636],[-3.62085,40.42639],[-3.62152,40.42653],[-3.62445,40.42759]]},"properties":{"kind":"route","mode":"metro","route":"7A","name":"Metro 7A","destination":"SIMANCAS","direction":"1","color":"#F55C24","source_date":"2026-05-29","terminus":"PITIS","offset_index":0}},{"type":"Feature","id":"metro-route-292","geometry":{"type":"LineString","coordinates":[[-3.63325,40.42856],[-3.63189,40.42913],[-3.63128,40.42932],[-3.63089,40.42939],[-3.63051,40.42943],[-3.63011,40.42944],[-3.62973,40.42942],[-3.62929,40.42935],[-3.62872,40.42919],[-3.62442,40.42763]]},"properties":{"kind":"route","mode":"metro","route":"7A","name":"Metro 7A","destination":"SIMANCAS","direction":"2","color":"#F55C24","source_date":"2026-05-29","terminus":"ESTADIO METROPOLITANO","offset_index":0}},{"type":"Feature","id":"metro-route-293","geometry":{"type":"LineString","coordinates":[[-3.63322,40.42852],[-3.63486,40.42783],[-3.63551,40.42766],[-3.63603,40.4276],[-3.63652,40.42759],[-3.63692,40.42762],[-3.63745,40.42772],[-3.63781,40.42783],[-3.63822,40.428],[-3.63861,40.42822],[-3.63895,40.42846],[-3.63934,40.42886],[-3.64054,40.43037]]},"properties":{"kind":"route","mode":"metro","route":"7A","name":"Metro 7A","destination":"ASCAO","direction":"1","color":"#F55C24","source_date":"2026-05-29","terminus":"PITIS","offset_index":0}},{"type":"Feature","id":"metro-route-294","geometry":{"type":"LineString","coordinates":[[-3.64476,40.43586],[-3.64421,40.43517],[-3.64395,40.43477],[-3.6405,40.43039]]},"properties":{"kind":"route","mode":"metro","route":"7A","name":"Metro 7A","destination":"ASCAO","direction":"2","color":"#F55C24","source_date":"2026-05-29","terminus":"ESTADIO METROPOLITANO","offset_index":0}},{"type":"Feature","id":"metro-route-295","geometry":{"type":"LineString","coordinates":[[-3.64054,40.43037],[-3.64401,40.43476],[-3.64439,40.43517],[-3.64488,40.43579]]},"properties":{"kind":"route","mode":"metro","route":"7A","name":"Metro 7A","destination":"PUEBLO NUEVO","direction":"1","color":"#F55C24","source_date":"2026-05-29","terminus":"PITIS","offset_index":0}},{"type":"Feature","id":"metro-route-296","geometry":{"type":"LineString","coordinates":[[-3.653,40.43941],[-3.6515,40.44012],[-3.65111,40.44026],[-3.65067,40.44036],[-3.65011,40.4404],[-3.6496,40.44037],[-3.64907,40.44027],[-3.64863,40.44011],[-3.6481,40.43983],[-3.64788,40.43966],[-3.64763,40.43941],[-3.64558,40.43684],[-3.64521,40.43643],[-3.64476,40.43586]]},"properties":{"kind":"route","mode":"metro","route":"7A","name":"Metro 7A","destination":"PUEBLO NUEVO","direction":"2","color":"#F55C24","source_date":"2026-05-29","terminus":"ESTADIO METROPOLITANO","offset_index":0}},{"type":"Feature","id":"metro-route-297","geometry":{"type":"LineString","coordinates":[[-3.65297,40.43937],[-3.65447,40.43864],[-3.65507,40.43842],[-3.65559,40.4383],[-3.65684,40.43807],[-3.65743,40.43799],[-3.65811,40.43795],[-3.65877,40.43794],[-3.65937,40.43797],[-3.66003,40.43805],[-3.66066,40.43816],[-3.66169,40.43843],[-3.66321,40.439]]},"properties":{"kind":"route","mode":"metro","route":"7A","name":"Metro 7A","destination":"PARQUE DE LAS AVENIDAS","direction":"1","color":"#F55C24","source_date":"2026-05-29","terminus":"PITIS","offset_index":0}},{"type":"Feature","id":"metro-route-298","geometry":{"type":"LineString","coordinates":[[-3.67123,40.43964],[-3.66867,40.44025],[-3.66794,40.44033],[-3.66717,40.44032],[-3.6665,40.44023],[-3.66581,40.44006],[-3.66318,40.43904]]},"properties":{"kind":"route","mode":"metro","route":"7A","name":"Metro 7A","destination":"PARQUE DE LAS AVENIDAS","direction":"2","color":"#F55C24","source_date":"2026-05-29","terminus":"ESTADIO METROPOLITANO","offset_index":0}},{"type":"Feature","id":"metro-route-299","geometry":{"type":"LineString","coordinates":[[-3.66321,40.439],[-3.66582,40.44001],[-3.6665,40.44019],[-3.66718,40.44028],[-3.66794,40.44029],[-3.66866,40.44021],[-3.67121,40.4396]]},"properties":{"kind":"route","mode":"metro","route":"7A","name":"Metro 7A","destination":"CARTAGENA","direction":"1","color":"#F55C24","source_date":"2026-05-29","terminus":"PITIS","offset_index":0}},{"type":"Feature","id":"metro-route-300","geometry":{"type":"LineString","coordinates":[[-3.67894,40.43752],[-3.67791,40.43748],[-3.67757,40.43752],[-3.67725,40.43758],[-3.67673,40.43778],[-3.67561,40.43845],[-3.67513,40.43865],[-3.67123,40.43964]]},"properties":{"kind":"route","mode":"metro","route":"7A","name":"Metro 7A","destination":"CARTAGENA","direction":"2","color":"#F55C24","source_date":"2026-05-29","terminus":"ESTADIO METROPOLITANO","offset_index":0}},{"type":"Feature","id":"metro-route-301","geometry":{"type":"LineString","coordinates":[[-3.67121,40.4396],[-3.67473,40.43872],[-3.67518,40.43859],[-3.6756,40.43839],[-3.67679,40.43769],[-3.6773,40.43748],[-3.67763,40.43741],[-3.67797,40.43738],[-3.67899,40.4374]]},"properties":{"kind":"route","mode":"metro","route":"7A","name":"Metro 7A","destination":"AVENIDA DE AMERICA","direction":"1","color":"#F55C24","source_date":"2026-05-29","terminus":"PITIS","offset_index":0}},{"type":"Feature","id":"metro-route-302","geometry":{"type":"LineString","coordinates":[[-3.69192,40.43812],[-3.69054,40.43805],[-3.68935,40.43796],[-3.68515,40.43776],[-3.68381,40.43765],[-3.68238,40.43765],[-3.68043,40.43756],[-3.67982,40.43756],[-3.67894,40.43752]]},"properties":{"kind":"route","mode":"metro","route":"7A","name":"Metro 7A","destination":"AVENIDA DE AMERICA","direction":"2","color":"#F55C24","source_date":"2026-05-29","terminus":"ESTADIO METROPOLITANO","offset_index":0}},{"type":"Feature","id":"metro-route-303","geometry":{"type":"LineString","coordinates":[[-3.69928,40.43842],[-3.70492,40.43868]]},"properties":{"kind":"route","mode":"metro","route":"7A","name":"Metro 7A","destination":"CANAL","direction":"1","color":"#F55C24","source_date":"2026-05-29","terminus":"PITIS","offset_index":0}},{"type":"Feature","id":"metro-route-304","geometry":{"type":"LineString","coordinates":[[-3.71375,40.43909],[-3.71078,40.43895],[-3.70492,40.43873]]},"properties":{"kind":"route","mode":"metro","route":"7A","name":"Metro 7A","destination":"CANAL","direction":"2","color":"#F55C24","source_date":"2026-05-29","terminus":"ESTADIO METROPOLITANO","offset_index":0}},{"type":"Feature","id":"metro-route-305","geometry":{"type":"LineString","coordinates":[[-3.57173,40.46789],[-3.57189,40.46596],[-3.57194,40.46563],[-3.57205,40.46531],[-3.57226,40.46492],[-3.57258,40.46452],[-3.57298,40.46417],[-3.5734,40.4639],[-3.57374,40.46374],[-3.57411,40.4636],[-3.57447,40.4635],[-3.57484,40.46343],[-3.58128,40.4627],[-3.58302,40.46259],[-3.58481,40.46258],[-3.59321,40.46288],[-3.59468,40.46297],[-3.5967,40.46317],[-3.60764,40.46466],[-3.60854,40.46474],[-3.60914,40.46474],[-3.60981,40.46468],[-3.613,40.46425],[-3.61406,40.46407],[-3.6151,40.46393]]},"properties":{"kind":"route","mode":"metro","route":"8","name":"Metro 8","destination":"FERIA DE MADRID","direction":"2","color":"#EB6095","source_date":"2026-05-29","terminus":"NUEVOS MINISTERIOS","offset_index":0}},{"type":"Feature","id":"metro-route-306","geometry":{"type":"LineString","coordinates":[[-3.63854,40.4699],[-3.63636,40.4698],[-3.6358,40.46975],[-3.63464,40.46959],[-3.63301,40.46939],[-3.63238,40.46925],[-3.63182,40.46907],[-3.63129,40.46882],[-3.63069,40.46846],[-3.62472,40.4645],[-3.62423,40.46424],[-3.62375,40.46402],[-3.62324,40.46384],[-3.62268,40.46367],[-3.62207,40.46355],[-3.62141,40.46346],[-3.62078,40.46342],[-3.62011,40.46343],[-3.61918,40.46352],[-3.61513,40.46406]]},"properties":{"kind":"route","mode":"metro","route":"8","name":"Metro 8","destination":"FERIA DE MADRID","direction":"1","color":"#EB6095","source_date":"2026-05-29","terminus":"AEROPUERTO T-4","offset_index":0}},{"type":"Feature","id":"metro-route-307","geometry":{"type":"LineString","coordinates":[[-3.71785,40.49194],[-3.71433,40.49066],[-3.71395,40.49049],[-3.71363,40.49028],[-3.71328,40.48999],[-3.71298,40.48961],[-3.7128,40.48924],[-3.71262,40.4886],[-3.71249,40.48831],[-3.71226,40.48796],[-3.71191,40.48759],[-3.7113,40.48703],[-3.71062,40.48652],[-3.70786,40.48469]]},"properties":{"kind":"route","mode":"metro","route":"9A","name":"Metro 9A","destination":"HERRERA ORIA","direction":"1","color":"#7B1265","source_date":"2026-05-29","terminus":"PUERTA DE ARGANDA","offset_index":0}},{"type":"Feature","id":"metro-route-308","geometry":{"type":"LineString","coordinates":[[-3.70341,40.47695],[-3.70531,40.48228],[-3.70554,40.48277],[-3.70579,40.48311],[-3.70615,40.48347],[-3.70665,40.48383],[-3.7079,40.48466]]},"properties":{"kind":"route","mode":"metro","route":"9A","name":"Metro 9A","destination":"HERRERA ORIA","direction":"2","color":"#7B1265","source_date":"2026-05-29","terminus":"PACO DE LUCIA","offset_index":0}},{"type":"Feature","id":"metro-route-309","geometry":{"type":"LineString","coordinates":[[-3.70558,40.42022],[-3.70633,40.42017],[-3.70721,40.4202],[-3.70775,40.42018],[-3.70824,40.42008],[-3.7087,40.41989],[-3.70893,40.41974],[-3.70916,40.41954],[-3.70933,40.41933],[-3.70945,40.41912],[-3.70953,40.41888],[-3.70957,40.41864],[-3.70955,40.4184],[-3.70948,40.41809]]},"properties":{"kind":"route","mode":"metro","route":"5","name":"Metro 5","destination":"OPERA","direction":"1","color":"#8FD400","source_date":"2026-05-29","terminus":"CASA DE CAMPO","offset_index":0}},{"type":"Feature","id":"metro-route-310","geometry":{"type":"LineString","coordinates":[[-3.7081,40.41179],[-3.7076,40.41275],[-3.70748,40.41312],[-3.70747,40.41338],[-3.7075,40.41394],[-3.70764,40.41477],[-3.70777,40.41514],[-3.70796,40.41544],[-3.70817,40.41567],[-3.7089,40.41633],[-3.70913,40.41662],[-3.70924,40.41689],[-3.70953,40.41809]]},"properties":{"kind":"route","mode":"metro","route":"5","name":"Metro 5","destination":"OPERA","direction":"2","color":"#8FD400","source_date":"2026-05-29","terminus":"ALAMEDA DE OSUNA","offset_index":0}},{"type":"Feature","id":"metro-route-311","geometry":{"type":"LineString","coordinates":[[-3.70805,40.41177],[-3.70833,40.4113],[-3.70923,40.41025],[-3.71103,40.408],[-3.71115,40.40777],[-3.71119,40.40756],[-3.71114,40.40732],[-3.71104,40.40707]]},"properties":{"kind":"route","mode":"metro","route":"5","name":"Metro 5","destination":"PUERTA DE TOLEDO","direction":"1","color":"#8FD400","source_date":"2026-05-29","terminus":"CASA DE CAMPO","offset_index":0}},{"type":"Feature","id":"metro-route-312","geometry":{"type":"LineString","coordinates":[[-3.70586,40.40413],[-3.70509,40.40435],[-3.70485,40.40444],[-3.70457,40.40464],[-3.70439,40.40488],[-3.70433,40.40502],[-3.7043,40.40518],[-3.70431,40.40533],[-3.70435,40.4055],[-3.70442,40.40565],[-3.70453,40.40579],[-3.70467,40.40593],[-3.70482,40.40603],[-3.70517,40.40617],[-3.70556,40.40622],[-3.70586,40.40619],[-3.70744,40.40594],[-3.70788,40.40593],[-3.7083,40.40598],[-3.70995,40.40628],[-3.71039,40.4064],[-3.71058,40.40649],[-3.71076,40.40663],[-3.71093,40.40681],[-3.71109,40.40706]]},"properties":{"kind":"route","mode":"metro","route":"5","name":"Metro 5","destination":"PUERTA DE TOLEDO","direction":"2","color":"#8FD400","source_date":"2026-05-29","terminus":"ALAMEDA DE OSUNA","offset_index":0}},{"type":"Feature","id":"metro-route-313","geometry":{"type":"LineString","coordinates":[[-3.74531,40.40512],[-3.74549,40.40414],[-3.74551,40.40344],[-3.74548,40.40317],[-3.74542,40.40293],[-3.74534,40.40272],[-3.74519,40.40245],[-3.74484,40.40192],[-3.74472,40.40167],[-3.74465,40.40144],[-3.74459,40.40105],[-3.74459,40.40035],[-3.74456,40.40006],[-3.74412,40.39823]]},"properties":{"kind":"route","mode":"metro","route":"6-1","name":"Metro 6-1","destination":"LAGUNA","direction":"1","color":"#706F6E","source_date":"2026-05-29","terminus":"LAGUNA","offset_index":0}},{"type":"Feature","id":"metro-route-314","geometry":{"type":"LineString","coordinates":[[-3.74073,40.39287],[-3.74241,40.39401],[-3.74283,40.39439],[-3.74325,40.39492],[-3.74349,40.39535],[-3.74364,40.39576],[-3.74396,40.39716],[-3.74422,40.39822]]},"properties":{"kind":"route","mode":"metro","route":"6-2","name":"Metro 6-2","destination":"LAGUNA","direction":"1","color":"#706F6E","source_date":"2026-05-29","terminus":"LAGUNA","offset_index":0}},{"type":"Feature","id":"metro-route-315","geometry":{"type":"LineString","coordinates":[[-3.74412,40.39823],[-3.74359,40.3958],[-3.74342,40.39533],[-3.7432,40.39494],[-3.74283,40.39447],[-3.74243,40.39409],[-3.74189,40.3937],[-3.74069,40.39291]]},"properties":{"kind":"route","mode":"metro","route":"6-1","name":"Metro 6-1","destination":"CARPETANA","direction":"1","color":"#706F6E","source_date":"2026-05-29","terminus":"LAGUNA","offset_index":0}},{"type":"Feature","id":"metro-route-316","geometry":{"type":"LineString","coordinates":[[-3.73234,40.38846],[-3.73319,40.38858],[-3.73412,40.38876],[-3.73463,40.38892],[-3.73507,40.38913],[-3.73578,40.38953],[-3.73611,40.38979],[-3.73633,40.39003],[-3.73685,40.39075],[-3.73721,40.39111],[-3.73752,40.39136],[-3.73794,40.39156],[-3.7389,40.39183],[-3.7394,40.39202],[-3.73974,40.39221],[-3.74073,40.39287]]},"properties":{"kind":"route","mode":"metro","route":"6-2","name":"Metro 6-2","destination":"CARPETANA","direction":"1","color":"#706F6E","source_date":"2026-05-29","terminus":"LAGUNA","offset_index":0}},{"type":"Feature","id":"metro-route-317","geometry":{"type":"LineString","coordinates":[[-3.73232,40.38854],[-3.72986,40.38818],[-3.72352,40.38706]]},"properties":{"kind":"route","mode":"metro","route":"6-1","name":"Metro 6-1","destination":"OPAÑEL","direction":"1","color":"#706F6E","source_date":"2026-05-29","terminus":"LAGUNA","offset_index":0}},{"type":"Feature","id":"metro-route-318","geometry":{"type":"LineString","coordinates":[[-3.71588,40.38514],[-3.7169,40.38517],[-3.71732,40.38522],[-3.71781,40.38531],[-3.71821,40.38543],[-3.72053,40.38629],[-3.72151,40.38662],[-3.72224,40.38679],[-3.72353,40.38702]]},"properties":{"kind":"route","mode":"metro","route":"6-2","name":"Metro 6-2","destination":"OPAÑEL","direction":"1","color":"#706F6E","source_date":"2026-05-29","terminus":"LAGUNA","offset_index":0}},{"type":"Feature","id":"metro-route-319","geometry":{"type":"LineString","coordinates":[[-3.72352,40.38706],[-3.72223,40.38684],[-3.72149,40.38666],[-3.72062,40.38637],[-3.71818,40.38547],[-3.71775,40.38535],[-3.71706,40.38524],[-3.71588,40.38522]]},"properties":{"kind":"route","mode":"metro","route":"6-1","name":"Metro 6-1","destination":"PLAZA ELIPTICA","direction":"1","color":"#706F6E","source_date":"2026-05-29","terminus":"LAGUNA","offset_index":0}},{"type":"Feature","id":"metro-route-320","geometry":{"type":"LineString","coordinates":[[-3.70553,40.38767],[-3.70924,40.38567],[-3.70981,40.38542],[-3.71045,40.38523],[-3.71103,40.38512],[-3.71168,40.38508],[-3.71457,40.38515],[-3.71588,40.38514]]},"properties":{"kind":"route","mode":"metro","route":"6-2","name":"Metro 6-2","destination":"PLAZA ELIPTICA","direction":"1","color":"#706F6E","source_date":"2026-05-29","terminus":"LAGUNA","offset_index":0}},{"type":"Feature","id":"metro-route-321","geometry":{"type":"LineString","coordinates":[[-3.70557,40.38771],[-3.7042,40.38846],[-3.70238,40.38966],[-3.70169,40.38999],[-3.70119,40.39018],[-3.70049,40.39036],[-3.69977,40.39046],[-3.69904,40.3905],[-3.69806,40.39048],[-3.69709,40.39057],[-3.69643,40.39071],[-3.69519,40.39112]]},"properties":{"kind":"route","mode":"metro","route":"6-1","name":"Metro 6-1","destination":"LEGAZPI","direction":"1","color":"#706F6E","source_date":"2026-05-29","terminus":"LAGUNA","offset_index":0}},{"type":"Feature","id":"metro-route-322","geometry":{"type":"LineString","coordinates":[[-3.68925,40.39303],[-3.69067,40.39262],[-3.69229,40.39203],[-3.69516,40.39108]]},"properties":{"kind":"route","mode":"metro","route":"6-2","name":"Metro 6-2","destination":"LEGAZPI","direction":"1","color":"#706F6E","source_date":"2026-05-29","terminus":"LAGUNA","offset_index":0}},{"type":"Feature","id":"metro-route-323","geometry":{"type":"LineString","coordinates":[[-3.68926,40.39307],[-3.67926,40.39578]]},"properties":{"kind":"route","mode":"metro","route":"6-1","name":"Metro 6-1","destination":"MENDEZ ALVARO","direction":"1","color":"#706F6E","source_date":"2026-05-29","terminus":"LAGUNA","offset_index":0}},{"type":"Feature","id":"metro-route-324","geometry":{"type":"LineString","coordinates":[[-3.67403,40.40203],[-3.67529,40.40069],[-3.67636,40.3995],[-3.67666,40.39911],[-3.67683,40.39881],[-3.67696,40.39847],[-3.67713,40.39748],[-3.67725,40.39706],[-3.67738,40.39678],[-3.67753,40.39658],[-3.6778,40.39632],[-3.6782,40.39607],[-3.67854,40.39593],[-3.67924,40.39574]]},"properties":{"kind":"route","mode":"metro","route":"6-2","name":"Metro 6-2","destination":"MENDEZ ALVARO","direction":"1","color":"#706F6E","source_date":"2026-05-29","terminus":"LAGUNA","offset_index":0}},{"type":"Feature","id":"metro-route-325","geometry":{"type":"LineString","coordinates":[[-3.67926,40.39578],[-3.6785,40.396],[-3.67816,40.39614],[-3.67781,40.39637],[-3.67756,40.39663],[-3.6774,40.39686],[-3.67729,40.39711],[-3.67719,40.39749],[-3.67703,40.39841],[-3.67693,40.39873],[-3.67675,40.39907],[-3.67646,40.39947],[-3.67516,40.40091],[-3.67415,40.4021]]},"properties":{"kind":"route","mode":"metro","route":"6-1","name":"Metro 6-1","destination":"PACIFICO","direction":"1","color":"#706F6E","source_date":"2026-05-29","terminus":"LAGUNA","offset_index":0}},{"type":"Feature","id":"metro-route-326","geometry":{"type":"LineString","coordinates":[[-3.67008,40.40782],[-3.67013,40.40725],[-3.67021,40.40673],[-3.67034,40.40636],[-3.67054,40.40599],[-3.67084,40.40562],[-3.67333,40.40286],[-3.67362,40.40248],[-3.67403,40.40203]]},"properties":{"kind":"route","mode":"metro","route":"6-2","name":"Metro 6-2","destination":"PACIFICO","direction":"1","color":"#706F6E","source_date":"2026-05-29","terminus":"LAGUNA","offset_index":0}},{"type":"Feature","id":"metro-route-327","geometry":{"type":"LineString","coordinates":[[-3.67415,40.4021],[-3.67377,40.40252],[-3.67339,40.40288],[-3.67313,40.40316],[-3.67088,40.40564],[-3.6706,40.40601],[-3.67041,40.40634],[-3.67028,40.4067],[-3.67023,40.40698],[-3.67016,40.40782]]},"properties":{"kind":"route","mode":"metro","route":"6-1","name":"Metro 6-1","destination":"CONDE DE CASAL","direction":"1","color":"#706F6E","source_date":"2026-05-29","terminus":"LAGUNA","offset_index":0}},{"type":"Feature","id":"metro-route-328","geometry":{"type":"LineString","coordinates":[[-3.66942,40.41527],[-3.66947,40.41469],[-3.66955,40.4142],[-3.67008,40.40782]]},"properties":{"kind":"route","mode":"metro","route":"6-2","name":"Metro 6-2","destination":"CONDE DE CASAL","direction":"1","color":"#706F6E","source_date":"2026-05-29","terminus":"LAGUNA","offset_index":0}},{"type":"Feature","id":"metro-route-329","geometry":{"type":"LineString","coordinates":[[-3.70584,40.40409],[-3.71029,40.40283],[-3.71084,40.4026],[-3.71175,40.40207]]},"properties":{"kind":"route","mode":"metro","route":"5","name":"Metro 5","destination":"PIRAMIDES","direction":"1","color":"#8FD400","source_date":"2026-05-29","terminus":"CASA DE CAMPO","offset_index":0}},{"type":"Feature","id":"metro-route-330","geometry":{"type":"LineString","coordinates":[[-3.71725,40.39701],[-3.71512,40.3982],[-3.71487,40.39835],[-3.71468,40.39851],[-3.71446,40.39875],[-3.71431,40.39898],[-3.71364,40.40061],[-3.71341,40.40099],[-3.7132,40.40122],[-3.71295,40.40141],[-3.71179,40.4021]]},"properties":{"kind":"route","mode":"metro","route":"5","name":"Metro 5","destination":"PIRAMIDES","direction":"2","color":"#8FD400","source_date":"2026-05-29","terminus":"ALAMEDA DE OSUNA","offset_index":0}},{"type":"Feature","id":"metro-route-331","geometry":{"type":"LineString","coordinates":[[-3.71175,40.40207],[-3.71293,40.40137],[-3.71316,40.40119],[-3.71336,40.40098],[-3.7136,40.40059],[-3.71427,40.39895],[-3.71442,40.39872],[-3.71464,40.39849],[-3.71504,40.39819],[-3.71722,40.39698]]},"properties":{"kind":"route","mode":"metro","route":"5","name":"Metro 5","destination":"MARQUES DE VADILLO","direction":"1","color":"#8FD400","source_date":"2026-05-29","terminus":"CASA DE CAMPO","offset_index":0}},{"type":"Feature","id":"metro-route-332","geometry":{"type":"LineString","coordinates":[[-3.72456,40.393],[-3.71725,40.39701]]},"properties":{"kind":"route","mode":"metro","route":"5","name":"Metro 5","destination":"MARQUES DE VADILLO","direction":"2","color":"#8FD400","source_date":"2026-05-29","terminus":"ALAMEDA DE OSUNA","offset_index":0}},{"type":"Feature","id":"metro-route-333","geometry":{"type":"LineString","coordinates":[[-3.71722,40.39698],[-3.72453,40.39296]]},"properties":{"kind":"route","mode":"metro","route":"5","name":"Metro 5","destination":"URGEL","direction":"1","color":"#8FD400","source_date":"2026-05-29","terminus":"CASA DE CAMPO","offset_index":0}},{"type":"Feature","id":"metro-route-334","geometry":{"type":"LineString","coordinates":[[-3.73062,40.38929],[-3.7273,40.39147],[-3.72456,40.393]]},"properties":{"kind":"route","mode":"metro","route":"5","name":"Metro 5","destination":"URGEL","direction":"2","color":"#8FD400","source_date":"2026-05-29","terminus":"ALAMEDA DE OSUNA","offset_index":0}},{"type":"Feature","id":"metro-route-335","geometry":{"type":"LineString","coordinates":[[-3.72453,40.39296],[-3.72723,40.39146],[-3.73058,40.38926]]},"properties":{"kind":"route","mode":"metro","route":"5","name":"Metro 5","destination":"OPORTO","direction":"1","color":"#8FD400","source_date":"2026-05-29","terminus":"CASA DE CAMPO","offset_index":0}},{"type":"Feature","id":"metro-route-336","geometry":{"type":"LineString","coordinates":[[-3.73856,40.38916],[-3.7357,40.38973],[-3.73521,40.38978],[-3.7347,40.38974],[-3.7342,40.38962],[-3.73384,40.38948],[-3.73268,40.3889],[-3.73243,40.38881],[-3.73215,40.38876],[-3.73176,40.38876],[-3.73138,40.38884],[-3.7311,40.38898],[-3.73062,40.38929]]},"properties":{"kind":"route","mode":"metro","route":"5","name":"Metro 5","destination":"OPORTO","direction":"2","color":"#8FD400","source_date":"2026-05-29","terminus":"ALAMEDA DE OSUNA","offset_index":0}},{"type":"Feature","id":"metro-route-337","geometry":{"type":"LineString","coordinates":[[-3.73058,40.38926],[-3.73108,40.38894],[-3.73138,40.3888],[-3.73176,40.38872],[-3.73216,40.38872],[-3.73244,40.38877],[-3.73268,40.38886],[-3.73388,40.38945],[-3.73422,40.38959],[-3.73471,40.3897],[-3.7352,40.38974],[-3.73581,40.38967],[-3.73854,40.38912]]},"properties":{"kind":"route","mode":"metro","route":"5","name":"Metro 5","destination":"VISTA ALEGRE","direction":"1","color":"#8FD400","source_date":"2026-05-29","terminus":"CASA DE CAMPO","offset_index":0}},{"type":"Feature","id":"metro-route-338","geometry":{"type":"LineString","coordinates":[[-3.74567,40.3877],[-3.7451,40.38789],[-3.73856,40.38916]]},"properties":{"kind":"route","mode":"metro","route":"5","name":"Metro 5","destination":"VISTA ALEGRE","direction":"2","color":"#8FD400","source_date":"2026-05-29","terminus":"ALAMEDA DE OSUNA","offset_index":0}},{"type":"Feature","id":"metro-route-339","geometry":{"type":"LineString","coordinates":[[-3.73854,40.38912],[-3.74485,40.38789],[-3.74562,40.38763]]},"properties":{"kind":"route","mode":"metro","route":"5","name":"Metro 5","destination":"CARABANCHEL","direction":"1","color":"#8FD400","source_date":"2026-05-29","terminus":"CASA DE CAMPO","offset_index":0}},{"type":"Feature","id":"metro-route-340","geometry":{"type":"LineString","coordinates":[[-3.75116,40.38444],[-3.74645,40.38725],[-3.7461,40.38749],[-3.74567,40.3877]]},"properties":{"kind":"route","mode":"metro","route":"5","name":"Metro 5","destination":"CARABANCHEL","direction":"2","color":"#8FD400","source_date":"2026-05-29","terminus":"ALAMEDA DE OSUNA","offset_index":0}},{"type":"Feature","id":"metro-route-341","geometry":{"type":"LineString","coordinates":[[-3.66957,40.41528],[-3.66953,40.41576],[-3.66944,40.41621],[-3.66895,40.4221]]},"properties":{"kind":"route","mode":"metro","route":"6-1","name":"Metro 6-1","destination":"O'DONNELL","direction":"1","color":"#706F6E","source_date":"2026-05-29","terminus":"LAGUNA","offset_index":0}},{"type":"Feature","id":"metro-route-342","geometry":{"type":"LineString","coordinates":[[-3.66838,40.42764],[-3.66843,40.42708],[-3.66853,40.42638],[-3.66889,40.4221]]},"properties":{"kind":"route","mode":"metro","route":"6-2","name":"Metro 6-2","destination":"O'DONNELL","direction":"1","color":"#706F6E","source_date":"2026-05-29","terminus":"LAGUNA","offset_index":0}},{"type":"Feature","id":"metro-route-343","geometry":{"type":"LineString","coordinates":[[-3.66895,40.4221],[-3.66858,40.42653],[-3.66857,40.42711],[-3.66852,40.42764]]},"properties":{"kind":"route","mode":"metro","route":"6-1","name":"Metro 6-1","destination":"MANUEL BECERRA","direction":"1","color":"#706F6E","source_date":"2026-05-29","terminus":"LAGUNA","offset_index":0}},{"type":"Feature","id":"metro-route-344","geometry":{"type":"LineString","coordinates":[[-3.67285,40.43295],[-3.67127,40.43106],[-3.67099,40.43077],[-3.67074,40.4306],[-3.6705,40.43047],[-3.6697,40.43016],[-3.66941,40.43001],[-3.66904,40.42976],[-3.66877,40.4295],[-3.66863,40.42932],[-3.6685,40.42909],[-3.66834,40.42864],[-3.66832,40.42831],[-3.66838,40.42764]]},"properties":{"kind":"route","mode":"metro","route":"6-2","name":"Metro 6-2","destination":"MANUEL BECERRA","direction":"1","color":"#706F6E","source_date":"2026-05-29","terminus":"LAGUNA","offset_index":0}},{"type":"Feature","id":"metro-route-345","geometry":{"type":"LineString","coordinates":[[-3.66852,40.42764],[-3.6729,40.43292]]},"properties":{"kind":"route","mode":"metro","route":"6-1","name":"Metro 6-1","destination":"DIEGO DE LEON","direction":"1","color":"#706F6E","source_date":"2026-05-29","terminus":"LAGUNA","offset_index":0}},{"type":"Feature","id":"metro-route-346","geometry":{"type":"LineString","coordinates":[[-3.67806,40.43782],[-3.67704,40.43694],[-3.67535,40.43554],[-3.67384,40.43409],[-3.67347,40.43369],[-3.67285,40.43295]]},"properties":{"kind":"route","mode":"metro","route":"6-2","name":"Metro 6-2","destination":"DIEGO DE LEON","direction":"1","color":"#706F6E","source_date":"2026-05-29","terminus":"LAGUNA","offset_index":0}},{"type":"Feature","id":"metro-route-347","geometry":{"type":"LineString","coordinates":[[-3.6729,40.43292],[-3.67384,40.43402],[-3.67538,40.4355],[-3.67575,40.43582],[-3.67813,40.43776]]},"properties":{"kind":"route","mode":"metro","route":"6-1","name":"Metro 6-1","destination":"AVENIDA DE AMERICA","direction":"1","color":"#706F6E","source_date":"2026-05-29","terminus":"LAGUNA","offset_index":0}},{"type":"Feature","id":"metro-route-348","geometry":{"type":"LineString","coordinates":[[-3.68433,40.44409],[-3.68241,40.44222],[-3.68038,40.43986],[-3.67996,40.43941],[-3.67914,40.43868],[-3.67806,40.43782]]},"properties":{"kind":"route","mode":"metro","route":"6-2","name":"Metro 6-2","destination":"AVENIDA DE AMERICA","direction":"1","color":"#706F6E","source_date":"2026-05-29","terminus":"LAGUNA","offset_index":0}},{"type":"Feature","id":"metro-route-349","geometry":{"type":"LineString","coordinates":[[-3.67813,40.43776],[-3.67959,40.439],[-3.68,40.43938],[-3.6804,40.43981],[-3.68245,40.4422],[-3.68438,40.44406]]},"properties":{"kind":"route","mode":"metro","route":"6-1","name":"Metro 6-1","destination":"REPUBLICA ARGENTINA","direction":"1","color":"#706F6E","source_date":"2026-05-29","terminus":"LAGUNA","offset_index":0}},{"type":"Feature","id":"metro-route-350","geometry":{"type":"LineString","coordinates":[[-3.69445,40.44633],[-3.69284,40.44618],[-3.6892,40.446],[-3.68874,40.44601],[-3.6876,40.44613],[-3.6873,40.44612],[-3.68695,40.44607],[-3.68644,40.44589],[-3.68612,40.44572],[-3.68592,40.44559],[-3.68433,40.44409]]},"properties":{"kind":"route","mode":"metro","route":"6-2","name":"Metro 6-2","destination":"REPUBLICA ARGENTINA","direction":"1","color":"#706F6E","source_date":"2026-05-29","terminus":"LAGUNA","offset_index":0}},{"type":"Feature","id":"metro-route-351","geometry":{"type":"LineString","coordinates":[[-3.68438,40.44406],[-3.68575,40.44538],[-3.68598,40.44557],[-3.68645,40.44585],[-3.68675,40.44596],[-3.68699,40.44603],[-3.68728,40.44608],[-3.68762,40.44609],[-3.68871,40.44596],[-3.68914,40.44595],[-3.69284,40.44614],[-3.69446,40.44629]]},"properties":{"kind":"route","mode":"metro","route":"6-1","name":"Metro 6-1","destination":"NUEVOS MINISTERIOS","direction":"1","color":"#706F6E","source_date":"2026-05-29","terminus":"LAGUNA","offset_index":0}},{"type":"Feature","id":"metro-route-352","geometry":{"type":"LineString","coordinates":[[-3.7034,40.44685],[-3.69624,40.44649],[-3.69445,40.44633]]},"properties":{"kind":"route","mode":"metro","route":"6-2","name":"Metro 6-2","destination":"NUEVOS MINISTERIOS","direction":"1","color":"#706F6E","source_date":"2026-05-29","terminus":"LAGUNA","offset_index":0}},{"type":"Feature","id":"metro-route-353","geometry":{"type":"LineString","coordinates":[[-3.68257,40.42512],[-3.68139,40.42502],[-3.67884,40.42489],[-3.67777,40.42488],[-3.67683,40.42481]]},"properties":{"kind":"route","mode":"metro","route":"4","name":"Metro 4","destination":"GOYA","direction":"1","color":"#BE5416","source_date":"2026-05-29","terminus":"PINAR DE CHAMARTIN","offset_index":0}},{"type":"Feature","id":"metro-route-354","geometry":{"type":"LineString","coordinates":[[-3.67538,40.42915],[-3.67553,40.42794],[-3.67562,40.42666],[-3.67558,40.42632],[-3.67538,40.42572],[-3.67537,40.42555],[-3.67541,40.42541],[-3.67548,40.42526],[-3.67562,40.4251],[-3.6758,40.42495],[-3.67599,40.42484],[-3.67615,40.42478],[-3.67633,40.42475],[-3.67684,40.42477]]},"properties":{"kind":"route","mode":"metro","route":"4","name":"Metro 4","destination":"GOYA","direction":"2","color":"#BE5416","source_date":"2026-05-29","terminus":"ARGÜELLES","offset_index":0}},{"type":"Feature","id":"metro-route-355","geometry":{"type":"LineString","coordinates":[[-3.68683,40.42532],[-3.68395,40.42514],[-3.68257,40.42512]]},"properties":{"kind":"route","mode":"metro","route":"4","name":"Metro 4","destination":"VELAZQUEZ","direction":"1","color":"#BE5416","source_date":"2026-05-29","terminus":"PINAR DE CHAMARTIN","offset_index":0}},{"type":"Feature","id":"metro-route-356","geometry":{"type":"LineString","coordinates":[[-3.67684,40.42477],[-3.67777,40.42484],[-3.6788,40.42485],[-3.68137,40.42498],[-3.68257,40.42508]]},"properties":{"kind":"route","mode":"metro","route":"4","name":"Metro 4","destination":"VELAZQUEZ","direction":"2","color":"#BE5416","source_date":"2026-05-29","terminus":"ARGÜELLES","offset_index":0}},{"type":"Feature","id":"metro-route-357","geometry":{"type":"LineString","coordinates":[[-3.67683,40.42481],[-3.67637,40.42479],[-3.67607,40.42485],[-3.67582,40.425],[-3.67572,40.42511],[-3.67566,40.42524],[-3.6756,40.42578],[-3.67567,40.42676],[-3.67556,40.42811],[-3.67543,40.42915]]},"properties":{"kind":"route","mode":"metro","route":"4","name":"Metro 4","destination":"LISTA","direction":"1","color":"#BE5416","source_date":"2026-05-29","terminus":"PINAR DE CHAMARTIN","offset_index":0}},{"type":"Feature","id":"metro-route-358","geometry":{"type":"LineString","coordinates":[[-3.67495,40.43418],[-3.67508,40.43314],[-3.67529,40.4306],[-3.67531,40.42981],[-3.67538,40.42915]]},"properties":{"kind":"route","mode":"metro","route":"4","name":"Metro 4","destination":"LISTA","direction":"2","color":"#BE5416","source_date":"2026-05-29","terminus":"ARGÜELLES","offset_index":0}},{"type":"Feature","id":"metro-route-359","geometry":{"type":"LineString","coordinates":[[-3.67543,40.42915],[-3.67537,40.4297],[-3.67535,40.43051],[-3.67515,40.43291],[-3.675,40.43418]]},"properties":{"kind":"route","mode":"metro","route":"4","name":"Metro 4","destination":"DIEGO DE LEON","direction":"1","color":"#BE5416","source_date":"2026-05-29","terminus":"PINAR DE CHAMARTIN","offset_index":0}},{"type":"Feature","id":"metro-route-360","geometry":{"type":"LineString","coordinates":[[-3.67799,40.43799],[-3.67639,40.43646],[-3.67543,40.43573],[-3.67524,40.43554],[-3.67504,40.43519],[-3.67494,40.43489],[-3.67491,40.4346],[-3.67495,40.43418]]},"properties":{"kind":"route","mode":"metro","route":"4","name":"Metro 4","destination":"DIEGO DE LEON","direction":"2","color":"#BE5416","source_date":"2026-05-29","terminus":"ARGÜELLES","offset_index":0}},{"type":"Feature","id":"metro-route-361","geometry":{"type":"LineString","coordinates":[[-3.675,40.43418],[-3.67496,40.43456],[-3.67498,40.43484],[-3.6751,40.43521],[-3.67527,40.4355],[-3.67549,40.43572],[-3.6764,40.43641],[-3.67803,40.43797]]},"properties":{"kind":"route","mode":"metro","route":"4","name":"Metro 4","destination":"AVENIDA DE AMERICA","direction":"1","color":"#BE5416","source_date":"2026-05-29","terminus":"PINAR DE CHAMARTIN","offset_index":0}},{"type":"Feature","id":"metro-route-362","geometry":{"type":"LineString","coordinates":[[-3.67506,40.44347],[-3.67594,40.44281],[-3.67643,40.44249],[-3.67682,40.44228],[-3.67786,40.44181],[-3.67817,40.44164],[-3.67843,40.44143],[-3.67862,40.44118],[-3.67875,40.44087],[-3.67882,40.44055],[-3.67896,40.43955],[-3.67894,40.4392],[-3.67886,40.43895],[-3.67869,40.43868],[-3.67799,40.43799]]},"properties":{"kind":"route","mode":"metro","route":"4","name":"Metro 4","destination":"AVENIDA DE AMERICA","direction":"2","color":"#BE5416","source_date":"2026-05-29","terminus":"ARGÜELLES","offset_index":0}},{"type":"Feature","id":"metro-route-363","geometry":{"type":"LineString","coordinates":[[-3.67803,40.43797],[-3.67859,40.43851],[-3.67877,40.43871],[-3.67892,40.43896],[-3.679,40.43922],[-3.67901,40.43954],[-3.67887,40.44056],[-3.67879,40.44091],[-3.67867,40.44119],[-3.67848,40.44146],[-3.67817,40.44169],[-3.67789,40.44184],[-3.67689,40.4423],[-3.67647,40.44253],[-3.67601,40.44282],[-3.6751,40.44349]]},"properties":{"kind":"route","mode":"metro","route":"4","name":"Metro 4","destination":"PROSPERIDAD","direction":"1","color":"#BE5416","source_date":"2026-05-29","terminus":"PINAR DE CHAMARTIN","offset_index":0}},{"type":"Feature","id":"metro-route-364","geometry":{"type":"LineString","coordinates":[[-3.6675,40.44852],[-3.66811,40.4482],[-3.6685,40.44795],[-3.66965,40.44716],[-3.6707,40.44638],[-3.67369,40.44448],[-3.67506,40.44347]]},"properties":{"kind":"route","mode":"metro","route":"4","name":"Metro 4","destination":"PROSPERIDAD","direction":"2","color":"#BE5416","source_date":"2026-05-29","terminus":"ARGÜELLES","offset_index":0}},{"type":"Feature","id":"metro-route-365","geometry":{"type":"LineString","coordinates":[[-3.6751,40.44349],[-3.67377,40.44448],[-3.67076,40.44639],[-3.66968,40.44719],[-3.6686,40.44794],[-3.66816,40.44822],[-3.66753,40.44856]]},"properties":{"kind":"route","mode":"metro","route":"4","name":"Metro 4","destination":"ALFONSO XIII","direction":"1","color":"#BE5416","source_date":"2026-05-29","terminus":"PINAR DE CHAMARTIN","offset_index":0}},{"type":"Feature","id":"metro-route-366","geometry":{"type":"LineString","coordinates":[[-3.66257,40.4527],[-3.66325,40.45234],[-3.66346,40.4522],[-3.66366,40.45202],[-3.664,40.45155],[-3.66445,40.45077],[-3.66461,40.45057],[-3.66482,40.45036],[-3.66651,40.44908],[-3.6668,40.4489],[-3.6675,40.44852]]},"properties":{"kind":"route","mode":"metro","route":"4","name":"Metro 4","destination":"ALFONSO XIII","direction":"2","color":"#BE5416","source_date":"2026-05-29","terminus":"ARGÜELLES","offset_index":0}},{"type":"Feature","id":"metro-route-367","geometry":{"type":"LineString","coordinates":[[-3.6626,40.45274],[-3.65517,40.4565]]},"properties":{"kind":"route","mode":"metro","route":"4","name":"Metro 4","destination":"ARTURO SORIA","direction":"1","color":"#BE5416","source_date":"2026-05-29","terminus":"PINAR DE CHAMARTIN","offset_index":0}},{"type":"Feature","id":"metro-route-368","geometry":{"type":"LineString","coordinates":[[-3.64638,40.45911],[-3.64718,40.45918],[-3.64813,40.4592],[-3.64931,40.45915],[-3.64964,40.45911],[-3.64993,40.45904],[-3.65047,40.45882],[-3.65513,40.45647]]},"properties":{"kind":"route","mode":"metro","route":"4","name":"Metro 4","destination":"ARTURO SORIA","direction":"2","color":"#BE5416","source_date":"2026-05-29","terminus":"ARGÜELLES","offset_index":0}},{"type":"Feature","id":"metro-route-369","geometry":{"type":"LineString","coordinates":[[-3.65517,40.4565],[-3.65057,40.45883],[-3.64997,40.45907],[-3.64938,40.45918],[-3.64825,40.45923],[-3.64727,40.45922],[-3.64637,40.45915]]},"properties":{"kind":"route","mode":"metro","route":"4","name":"Metro 4","destination":"ESPERANZA","direction":"1","color":"#BE5416","source_date":"2026-05-29","terminus":"PINAR DE CHAMARTIN","offset_index":0}},{"type":"Feature","id":"metro-route-370","geometry":{"type":"LineString","coordinates":[[-3.63548,40.46428],[-3.63535,40.46355],[-3.63534,40.46326],[-3.63538,40.46297],[-3.63547,40.46266],[-3.63561,40.46235],[-3.6358,40.46205],[-3.63601,40.46181],[-3.63632,40.46152],[-3.63671,40.46125],[-3.64031,40.45915],[-3.64087,40.45893],[-3.6414,40.45881],[-3.64255,40.45868],[-3.64315,40.45865],[-3.64363,40.45866],[-3.64413,40.45871],[-3.64556,40.45899],[-3.64638,40.45911]]},"properties":{"kind":"route","mode":"metro","route":"4","name":"Metro 4","destination":"ESPERANZA","direction":"2","color":"#BE5416","source_date":"2026-05-29","terminus":"ARGÜELLES","offset_index":0}},{"type":"Feature","id":"metro-route-371","geometry":{"type":"LineString","coordinates":[[-3.64637,40.45915],[-3.64559,40.45904],[-3.64411,40.45875],[-3.64365,40.4587],[-3.64318,40.45868],[-3.6425,40.45872],[-3.64143,40.45884],[-3.64093,40.45896],[-3.64039,40.45916],[-3.64004,40.45934],[-3.63677,40.46126],[-3.63637,40.46154],[-3.63604,40.46183],[-3.63583,40.46209],[-3.63566,40.46237],[-3.63553,40.46265],[-3.63544,40.46296],[-3.6354,40.46327],[-3.6354,40.46354],[-3.63553,40.46428]]},"properties":{"kind":"route","mode":"metro","route":"4","name":"Metro 4","destination":"CANILLAS","direction":"1","color":"#BE5416","source_date":"2026-05-29","terminus":"PINAR DE CHAMARTIN","offset_index":0}},{"type":"Feature","id":"metro-route-372","geometry":{"type":"LineString","coordinates":[[-3.63838,40.46957],[-3.6369,40.46723],[-3.63589,40.4655],[-3.63566,40.46499],[-3.63548,40.46428]]},"properties":{"kind":"route","mode":"metro","route":"4","name":"Metro 4","destination":"CANILLAS","direction":"2","color":"#BE5416","source_date":"2026-05-29","terminus":"ARGÜELLES","offset_index":0}},{"type":"Feature","id":"metro-route-373","geometry":{"type":"LineString","coordinates":[[-3.63553,40.46428],[-3.63571,40.46499],[-3.63596,40.46552],[-3.63694,40.46722],[-3.63843,40.46956]]},"properties":{"kind":"route","mode":"metro","route":"4","name":"Metro 4","destination":"MAR DE CRISTAL","direction":"1","color":"#BE5416","source_date":"2026-05-29","terminus":"PINAR DE CHAMARTIN","offset_index":0}},{"type":"Feature","id":"metro-route-374","geometry":{"type":"LineString","coordinates":[[-3.63961,40.4736],[-3.63979,40.47243],[-3.63978,40.47211],[-3.6397,40.47178],[-3.6396,40.47153],[-3.63947,40.47128],[-3.63838,40.46957]]},"properties":{"kind":"route","mode":"metro","route":"4","name":"Metro 4","destination":"MAR DE CRISTAL","direction":"2","color":"#BE5416","source_date":"2026-05-29","terminus":"ARGÜELLES","offset_index":0}},{"type":"Feature","id":"metro-route-375","geometry":{"type":"LineString","coordinates":[[-3.63843,40.46956],[-3.63953,40.47128],[-3.63968,40.47158],[-3.63976,40.4718],[-3.63983,40.47211],[-3.63984,40.47248],[-3.63966,40.4736]]},"properties":{"kind":"route","mode":"metro","route":"4","name":"Metro 4","destination":"SAN LORENZO","direction":"1","color":"#BE5416","source_date":"2026-05-29","terminus":"PINAR DE CHAMARTIN","offset_index":0}},{"type":"Feature","id":"metro-route-376","geometry":{"type":"LineString","coordinates":[[-3.64465,40.47704],[-3.64341,40.47692],[-3.64223,40.47687],[-3.64176,40.47682],[-3.64138,40.47672],[-3.64104,40.4766],[-3.64069,40.47643],[-3.64044,40.47627],[-3.64011,40.47601],[-3.63988,40.47574],[-3.63971,40.47548],[-3.63957,40.47515],[-3.63949,40.47484],[-3.63948,40.47452],[-3.63961,40.4736]]},"properties":{"kind":"route","mode":"metro","route":"4","name":"Metro 4","destination":"SAN LORENZO","direction":"2","color":"#BE5416","source_date":"2026-05-29","terminus":"ARGÜELLES","offset_index":0}},{"type":"Feature","id":"metro-route-377","geometry":{"type":"LineString","coordinates":[[-3.63966,40.4736],[-3.63953,40.47452],[-3.63955,40.47483],[-3.63962,40.47514],[-3.63977,40.47548],[-3.63995,40.47576],[-3.64018,40.476],[-3.64047,40.47624],[-3.64075,40.47642],[-3.64106,40.47657],[-3.6414,40.47669],[-3.6418,40.47678],[-3.64231,40.47684],[-3.64338,40.47687],[-3.64465,40.47701]]},"properties":{"kind":"route","mode":"metro","route":"4","name":"Metro 4","destination":"PARQUE DE SANTA MARIA","direction":"1","color":"#BE5416","source_date":"2026-05-29","terminus":"PINAR DE CHAMARTIN","offset_index":0}},{"type":"Feature","id":"metro-route-378","geometry":{"type":"LineString","coordinates":[[-3.65253,40.47537],[-3.65175,40.4752],[-3.65099,40.47506],[-3.65078,40.47505],[-3.64855,40.47533],[-3.64727,40.47556],[-3.647,40.47573],[-3.64687,40.47598],[-3.64668,40.47648],[-3.6464,40.47678],[-3.64607,40.47704],[-3.64572,40.47711],[-3.64465,40.47704]]},"properties":{"kind":"route","mode":"metro","route":"4","name":"Metro 4","destination":"PARQUE DE SANTA MARIA","direction":"2","color":"#BE5416","source_date":"2026-05-29","terminus":"ARGÜELLES","offset_index":0}},{"type":"Feature","id":"metro-route-379","geometry":{"type":"LineString","coordinates":[[-3.70385,40.41687],[-3.70361,40.41649],[-3.70348,40.41614],[-3.70232,40.40997],[-3.70217,40.40964],[-3.70195,40.40935],[-3.70172,40.40915],[-3.70116,40.40873]]},"properties":{"kind":"route","mode":"metro","route":"3","name":"Metro 3","destination":"LAVAPIES","direction":"2","color":"#FFBC00","source_date":"2026-05-29","terminus":"EL CASAR","offset_index":0}},{"type":"Feature","id":"metro-route-380","geometry":{"type":"LineString","coordinates":[[-3.70232,40.40506],[-3.70227,40.40539],[-3.7021,40.40577],[-3.70193,40.40601],[-3.70084,40.40735],[-3.7007,40.40755],[-3.70065,40.40766],[-3.70062,40.40789],[-3.7007,40.40815],[-3.70083,40.40834],[-3.7012,40.40871]]},"properties":{"kind":"route","mode":"metro","route":"3","name":"Metro 3","destination":"LAVAPIES","direction":"1","color":"#FFBC00","source_date":"2026-05-29","terminus":"MONCLOA","offset_index":0}},{"type":"Feature","id":"metro-route-381","geometry":{"type":"LineString","coordinates":[[-3.71395,40.42736],[-3.71296,40.42593],[-3.71217,40.4249],[-3.71194,40.42453],[-3.71161,40.4239],[-3.71144,40.42368]]},"properties":{"kind":"route","mode":"metro","route":"3","name":"Metro 3","destination":"PLAZA DE ESPAÑA","direction":"2","color":"#FFBC00","source_date":"2026-05-29","terminus":"EL CASAR","offset_index":0}},{"type":"Feature","id":"metro-route-382","geometry":{"type":"LineString","coordinates":[[-3.70634,40.42046],[-3.70661,40.42072],[-3.70698,40.42101],[-3.70846,40.42195],[-3.70936,40.42246],[-3.71098,40.42327],[-3.71126,40.42345],[-3.71149,40.42366]]},"properties":{"kind":"route","mode":"metro","route":"3","name":"Metro 3","destination":"PLAZA DE ESPAÑA","direction":"1","color":"#FFBC00","source_date":"2026-05-29","terminus":"MONCLOA","offset_index":0}},{"type":"Feature","id":"metro-route-383","geometry":{"type":"LineString","coordinates":[[-3.71513,40.43055],[-3.71358,40.43039],[-3.71243,40.43019],[-3.71132,40.43007],[-3.70982,40.42997],[-3.70885,40.42985],[-3.7073,40.42969],[-3.70662,40.42965],[-3.70563,40.42967]]},"properties":{"kind":"route","mode":"metro","route":"4","name":"Metro 4","destination":"SAN BERNARDO","direction":"1","color":"#BE5416","source_date":"2026-05-29","terminus":"PINAR DE CHAMARTIN","offset_index":0}},{"type":"Feature","id":"metro-route-384","geometry":{"type":"LineString","coordinates":[[-3.70119,40.42882],[-3.70255,40.42894],[-3.70398,40.42925],[-3.70507,40.42956],[-3.70563,40.42963]]},"properties":{"kind":"route","mode":"metro","route":"4","name":"Metro 4","destination":"SAN BERNARDO","direction":"2","color":"#BE5416","source_date":"2026-05-29","terminus":"ARGÜELLES","offset_index":0}},{"type":"Feature","id":"metro-route-385","geometry":{"type":"LineString","coordinates":[[-3.69613,40.42772],[-3.69556,40.42753],[-3.69525,40.42741],[-3.69389,40.4267],[-3.69244,40.42598]]},"properties":{"kind":"route","mode":"metro","route":"4","name":"Metro 4","destination":"COLON","direction":"1","color":"#BE5416","source_date":"2026-05-29","terminus":"PINAR DE CHAMARTIN","offset_index":0}},{"type":"Feature","id":"metro-route-386","geometry":{"type":"LineString","coordinates":[[-3.68683,40.42528],[-3.68762,40.42534],[-3.68854,40.42557],[-3.68895,40.42562],[-3.68953,40.42559],[-3.69048,40.42542],[-3.69083,40.4254],[-3.69113,40.42542],[-3.6914,40.42548],[-3.69164,40.42555],[-3.69247,40.42594]]},"properties":{"kind":"route","mode":"metro","route":"4","name":"Metro 4","destination":"COLON","direction":"2","color":"#BE5416","source_date":"2026-05-29","terminus":"ARGÜELLES","offset_index":0}},{"type":"Feature","id":"metro-route-387","geometry":{"type":"LineString","coordinates":[[-3.6689,40.39819],[-3.66801,40.39769],[-3.66434,40.39577]]},"properties":{"kind":"route","mode":"metro","route":"1","name":"Metro 1","destination":"NUEVA NUMANCIA","direction":"1","color":"#009DE3","source_date":"2026-05-29","terminus":"VALDECARROS","offset_index":0}},{"type":"Feature","id":"metro-route-388","geometry":{"type":"LineString","coordinates":[[-3.65875,40.39278],[-3.66437,40.39574]]},"properties":{"kind":"route","mode":"metro","route":"1","name":"Metro 1","destination":"NUEVA NUMANCIA","direction":"2","color":"#009DE3","source_date":"2026-05-29","terminus":"PINAR DE CHAMARTIN","offset_index":0}},{"type":"Feature","id":"metro-route-389","geometry":{"type":"LineString","coordinates":[[-3.63888,40.38702],[-3.63996,40.38753],[-3.64524,40.3899]]},"properties":{"kind":"route","mode":"metro","route":"1","name":"Metro 1","destination":"ALTO DEL ARENAL","direction":"2","color":"#009DE3","source_date":"2026-05-29","terminus":"PINAR DE CHAMARTIN","offset_index":0}},{"type":"Feature","id":"metro-route-390","geometry":{"type":"LineString","coordinates":[[-3.65256,40.39141],[-3.6488,40.39108],[-3.64789,40.39095],[-3.64736,40.39082],[-3.64681,40.39064],[-3.64521,40.38993]]},"properties":{"kind":"route","mode":"metro","route":"1","name":"Metro 1","destination":"ALTO DEL ARENAL","direction":"1","color":"#009DE3","source_date":"2026-05-29","terminus":"VALDECARROS","offset_index":0}},{"type":"Feature","id":"metro-route-391","geometry":{"type":"LineString","coordinates":[[-3.70939,40.41804],[-3.70979,40.4183],[-3.71,40.41854],[-3.71009,40.4188],[-3.71008,40.41896],[-3.71004,40.41911],[-3.7099,40.41932],[-3.70971,40.4195],[-3.70946,40.41969],[-3.70898,40.41997],[-3.70868,40.42023],[-3.70846,40.42054],[-3.70809,40.42124]]},"properties":{"kind":"route","mode":"metro","route":"2","name":"Metro 2","destination":"SANTO DOMINGO","direction":"1","color":"#F54029","source_date":"2026-05-29","terminus":"CUATRO CAMINOS","offset_index":0}},{"type":"Feature","id":"metro-route-392","geometry":{"type":"LineString","coordinates":[[-3.70739,40.4248],[-3.70738,40.42404],[-3.70741,40.4236],[-3.70747,40.42312],[-3.70779,40.42174],[-3.70804,40.42122]]},"properties":{"kind":"route","mode":"metro","route":"2","name":"Metro 2","destination":"SANTO DOMINGO","direction":"2","color":"#F54029","source_date":"2026-05-29","terminus":"LAS ROSAS","offset_index":0}},{"type":"Feature","id":"metro-route-393","geometry":{"type":"LineString","coordinates":[[-3.70553,40.43022],[-3.70496,40.43174],[-3.70462,40.43279]]},"properties":{"kind":"route","mode":"metro","route":"2","name":"Metro 2","destination":"QUEVEDO","direction":"1","color":"#F54029","source_date":"2026-05-29","terminus":"CUATRO CAMINOS","offset_index":0}},{"type":"Feature","id":"metro-route-394","geometry":{"type":"LineString","coordinates":[[-3.70424,40.43912],[-3.70424,40.43849],[-3.70415,40.43772],[-3.70423,40.43499],[-3.7042,40.43406],[-3.70424,40.4338],[-3.70457,40.43279]]},"properties":{"kind":"route","mode":"metro","route":"2","name":"Metro 2","destination":"QUEVEDO","direction":"2","color":"#F54029","source_date":"2026-05-29","terminus":"LAS ROSAS","offset_index":0}},{"type":"Feature","id":"metro-route-395","geometry":{"type":"LineString","coordinates":[[-3.7043,40.43912],[-3.70414,40.44427],[-3.70407,40.44523],[-3.70409,40.44562],[-3.70408,40.44586]]},"properties":{"kind":"route","mode":"metro","route":"2","name":"Metro 2","destination":"CUATRO CAMINOS","direction":"1","color":"#F54029","source_date":"2026-05-29","terminus":"CUATRO CAMINOS","offset_index":0}},{"type":"Feature","id":"metro-route-396","geometry":{"type":"LineString","coordinates":[[-3.67009,40.42737],[-3.67127,40.42676],[-3.67357,40.42564],[-3.67642,40.42439]]},"properties":{"kind":"route","mode":"metro","route":"2","name":"Metro 2","destination":"GOYA","direction":"1","color":"#F54029","source_date":"2026-05-29","terminus":"CUATRO CAMINOS","offset_index":0}},{"type":"Feature","id":"metro-route-397","geometry":{"type":"LineString","coordinates":[[-3.68059,40.42256],[-3.67644,40.42443]]},"properties":{"kind":"route","mode":"metro","route":"2","name":"Metro 2","destination":"GOYA","direction":"2","color":"#F54029","source_date":"2026-05-29","terminus":"LAS ROSAS","offset_index":0}},{"type":"Feature","id":"metro-route-398","geometry":{"type":"LineString","coordinates":[[-3.6863,40.42042],[-3.68869,40.41997],[-3.68996,40.41986],[-3.69199,40.41959],[-3.69281,40.41952],[-3.69421,40.41918],[-3.6949,40.41904]]},"properties":{"kind":"route","mode":"metro","route":"2","name":"Metro 2","destination":"BANCO DE ESPAÑA","direction":"1","color":"#F54029","source_date":"2026-05-29","terminus":"CUATRO CAMINOS","offset_index":0}},{"type":"Feature","id":"metro-route-399","geometry":{"type":"LineString","coordinates":[[-3.69993,40.41779],[-3.69784,40.41845],[-3.6972,40.41864],[-3.69636,40.41883],[-3.69491,40.41908]]},"properties":{"kind":"route","mode":"metro","route":"2","name":"Metro 2","destination":"BANCO DE ESPAÑA","direction":"2","color":"#F54029","source_date":"2026-05-29","terminus":"LAS ROSAS","offset_index":0}},{"type":"Feature","id":"metro-route-400","geometry":{"type":"LineString","coordinates":[[-3.6949,40.41904],[-3.69631,40.4188],[-3.69711,40.41862],[-3.69776,40.41844],[-3.69991,40.41775]]},"properties":{"kind":"route","mode":"metro","route":"2","name":"Metro 2","destination":"SEVILLA","direction":"1","color":"#F54029","source_date":"2026-05-29","terminus":"CUATRO CAMINOS","offset_index":0}},{"type":"Feature","id":"metro-route-401","geometry":{"type":"LineString","coordinates":[[-3.70376,40.41709],[-3.70324,40.41712],[-3.70251,40.41708],[-3.70214,40.41712],[-3.70151,40.41728],[-3.69993,40.41779]]},"properties":{"kind":"route","mode":"metro","route":"2","name":"Metro 2","destination":"SEVILLA","direction":"2","color":"#F54029","source_date":"2026-05-29","terminus":"LAS ROSAS","offset_index":0}},{"type":"Feature","id":"metro-route-402","geometry":{"type":"LineString","coordinates":[[-3.72016,40.42062],[-3.71935,40.42036],[-3.71888,40.42028],[-3.71855,40.42027],[-3.71631,40.42033],[-3.71593,40.4203],[-3.71558,40.42023],[-3.71532,40.42014],[-3.71502,40.42001],[-3.71125,40.4181],[-3.71097,40.418],[-3.71066,40.41794],[-3.71004,40.41786],[-3.70957,40.41784]]},"properties":{"kind":"route","mode":"metro","route":"R","name":"Metro R","destination":"OPERA","direction":"2","color":"#111111","source_date":"2026-05-29","terminus":"OPERA","offset_index":0}},{"type":"Feature","id":"metro-route-403","geometry":{"type":"LineString","coordinates":[[-3.69497,40.4645],[-3.69543,40.46433],[-3.69567,40.46422],[-3.69593,40.46405],[-3.69617,40.46383],[-3.69761,40.46207],[-3.69776,40.46181],[-3.69817,40.46097],[-3.69836,40.46067],[-3.69855,40.46041]]},"properties":{"kind":"route","mode":"metro","route":"1","name":"Metro 1","destination":"TETUAN","direction":"1","color":"#009DE3","source_date":"2026-05-29","terminus":"VALDECARROS","offset_index":0}},{"type":"Feature","id":"metro-route-404","geometry":{"type":"LineString","coordinates":[[-3.70279,40.4545],[-3.70268,40.45493],[-3.70257,40.45523],[-3.70206,40.4564],[-3.70187,40.45675],[-3.7013,40.45767],[-3.70102,40.458],[-3.69933,40.45966],[-3.6986,40.46042]]},"properties":{"kind":"route","mode":"metro","route":"1","name":"Metro 1","destination":"TETUAN","direction":"2","color":"#009DE3","source_date":"2026-05-29","terminus":"PINAR DE CHAMARTIN","offset_index":0}},{"type":"Feature","id":"metro-route-405","geometry":{"type":"LineString","coordinates":[[-3.70274,40.4545],[-3.70289,40.45341],[-3.70326,40.451],[-3.70343,40.45015],[-3.70349,40.44969]]},"properties":{"kind":"route","mode":"metro","route":"1","name":"Metro 1","destination":"ALVARADO","direction":"1","color":"#009DE3","source_date":"2026-05-29","terminus":"VALDECARROS","offset_index":0}},{"type":"Feature","id":"metro-route-406","geometry":{"type":"LineString","coordinates":[[-3.7034,40.44576],[-3.70396,40.44678],[-3.70401,40.44692],[-3.70403,40.44711],[-3.70403,40.44732],[-3.70399,40.44754],[-3.70373,40.44831],[-3.70366,40.4486],[-3.7036,40.44902],[-3.70354,40.4497]]},"properties":{"kind":"route","mode":"metro","route":"1","name":"Metro 1","destination":"ALVARADO","direction":"2","color":"#009DE3","source_date":"2026-05-29","terminus":"PINAR DE CHAMARTIN","offset_index":0}},{"type":"Feature","id":"metro-route-407","geometry":{"type":"LineString","coordinates":[[-3.70142,40.44143],[-3.69868,40.43506]]},"properties":{"kind":"route","mode":"metro","route":"1","name":"Metro 1","destination":"IGLESIA","direction":"1","color":"#009DE3","source_date":"2026-05-29","terminus":"VALDECARROS","offset_index":0}},{"type":"Feature","id":"metro-route-408","geometry":{"type":"LineString","coordinates":[[-3.70112,40.42971],[-3.70061,40.43006],[-3.70012,40.43044],[-3.69833,40.432],[-3.69805,40.43228],[-3.69787,40.43256],[-3.6978,40.43281],[-3.69785,40.43307],[-3.69873,40.43504]]},"properties":{"kind":"route","mode":"metro","route":"1","name":"Metro 1","destination":"IGLESIA","direction":"2","color":"#009DE3","source_date":"2026-05-29","terminus":"PINAR DE CHAMARTIN","offset_index":0}},{"type":"Feature","id":"metro-route-409","geometry":{"type":"LineString","coordinates":[[-3.58335,40.4762],[-3.57326,40.47114],[-3.57261,40.47076],[-3.57233,40.47054],[-3.57207,40.47025],[-3.57187,40.46994],[-3.57174,40.46962],[-3.57167,40.46935],[-3.57165,40.46904],[-3.57173,40.46789]]},"properties":{"kind":"route","mode":"metro","route":"8","name":"Metro 8","destination":"AEROPUERTO T1-T2-T3","direction":"2","color":"#EB6095","source_date":"2026-05-29","terminus":"NUEVOS MINISTERIOS","offset_index":0}},{"type":"Feature","id":"metro-route-410","geometry":{"type":"LineString","coordinates":[[-3.61513,40.46406],[-3.61411,40.46419],[-3.61301,40.4643],[-3.60955,40.46475],[-3.60904,40.46479],[-3.60851,40.46479],[-3.60767,40.46471],[-3.59664,40.46321],[-3.59468,40.46301],[-3.59326,40.46293],[-3.58483,40.46262],[-3.58313,40.46263],[-3.5814,40.46273],[-3.57491,40.46347],[-3.57449,40.46354],[-3.57412,40.46364],[-3.57378,40.46377],[-3.57345,40.46393],[-3.57303,40.46419],[-3.57266,40.46451],[-3.57234,40.4649],[-3.57211,40.46532],[-3.572,40.46564],[-3.57194,40.46598],[-3.57179,40.46789]]},"properties":{"kind":"route","mode":"metro","route":"8","name":"Metro 8","destination":"AEROPUERTO T1-T2-T3","direction":"1","color":"#EB6095","source_date":"2026-05-29","terminus":"AEROPUERTO T-4","offset_index":0}},{"type":"Feature","id":"metro-route-411","geometry":{"type":"LineString","coordinates":[[-3.59329,40.49259],[-3.59236,40.48606],[-3.58919,40.48091],[-3.58694,40.47843],[-3.58476,40.47692],[-3.58335,40.4762]]},"properties":{"kind":"route","mode":"metro","route":"8","name":"Metro 8","destination":"BARAJAS","direction":"2","color":"#EB6095","source_date":"2026-05-29","terminus":"NUEVOS MINISTERIOS","offset_index":0}},{"type":"Feature","id":"metro-route-412","geometry":{"type":"LineString","coordinates":[[-3.57179,40.46789],[-3.57171,40.46905],[-3.57173,40.46934],[-3.57179,40.46958],[-3.57191,40.46988],[-3.57211,40.47021],[-3.57235,40.47048],[-3.57265,40.47073],[-3.57329,40.4711],[-3.58339,40.47617]]},"properties":{"kind":"route","mode":"metro","route":"8","name":"Metro 8","destination":"BARAJAS","direction":"1","color":"#EB6095","source_date":"2026-05-29","terminus":"AEROPUERTO T-4","offset_index":0}},{"type":"Feature","id":"metro-route-413","geometry":{"type":"LineString","coordinates":[[-3.74562,40.38763],[-3.74635,40.38725],[-3.75113,40.3844]]},"properties":{"kind":"route","mode":"metro","route":"5","name":"Metro 5","destination":"EUGENIA DE MONTIJO","direction":"1","color":"#8FD400","source_date":"2026-05-29","terminus":"CASA DE CAMPO","offset_index":0}},{"type":"Feature","id":"metro-route-414","geometry":{"type":"LineString","coordinates":[[-3.76066,40.38572],[-3.76011,40.38513],[-3.75992,40.3848],[-3.75981,40.38467],[-3.75952,40.38443],[-3.75922,40.38427],[-3.75893,40.38416],[-3.75857,40.38407],[-3.7581,40.384],[-3.75431,40.38358],[-3.75354,40.38357],[-3.7529,40.38366],[-3.75232,40.38382],[-3.75184,40.38404],[-3.75116,40.38444]]},"properties":{"kind":"route","mode":"metro","route":"5","name":"Metro 5","destination":"EUGENIA DE MONTIJO","direction":"2","color":"#8FD400","source_date":"2026-05-29","terminus":"ALAMEDA DE OSUNA","offset_index":0}},{"type":"Feature","id":"metro-route-415","geometry":{"type":"LineString","coordinates":[[-3.66434,40.39577],[-3.65872,40.39281]]},"properties":{"kind":"route","mode":"metro","route":"1","name":"Metro 1","destination":"PORTAZGO","direction":"1","color":"#009DE3","source_date":"2026-05-29","terminus":"VALDECARROS","offset_index":0}},{"type":"Feature","id":"metro-route-416","geometry":{"type":"LineString","coordinates":[[-3.65256,40.39137],[-3.65575,40.39165],[-3.65653,40.39177],[-3.65695,40.39189],[-3.65733,40.39204],[-3.65875,40.39278]]},"properties":{"kind":"route","mode":"metro","route":"1","name":"Metro 1","destination":"PORTAZGO","direction":"2","color":"#009DE3","source_date":"2026-05-29","terminus":"PINAR DE CHAMARTIN","offset_index":0}},{"type":"Feature","id":"metro-route-417","geometry":{"type":"LineString","coordinates":[[-3.71902,40.43535],[-3.71946,40.43514],[-3.71963,40.43502],[-3.71977,40.43487],[-3.71986,40.4347],[-3.71989,40.43453],[-3.71987,40.43434],[-3.71981,40.43419],[-3.71967,40.434],[-3.7195,40.43388],[-3.71925,40.43376],[-3.71856,40.43349],[-3.71831,40.43335],[-3.71803,40.43312],[-3.71785,40.43293],[-3.71773,40.43275],[-3.71739,40.43212],[-3.71655,40.43099]]},"properties":{"kind":"route","mode":"metro","route":"3","name":"Metro 3","destination":"ARGÜELLES","direction":"2","color":"#FFBC00","source_date":"2026-05-29","terminus":"EL CASAR","offset_index":0}},{"type":"Feature","id":"metro-route-418","geometry":{"type":"LineString","coordinates":[[-3.714,40.42734],[-3.71438,40.42783],[-3.71592,40.42998],[-3.7166,40.43098]]},"properties":{"kind":"route","mode":"metro","route":"3","name":"Metro 3","destination":"ARGÜELLES","direction":"1","color":"#FFBC00","source_date":"2026-05-29","terminus":"MONCLOA","offset_index":0}},{"type":"Feature","id":"metro-route-419","geometry":{"type":"LineString","coordinates":[[-3.66753,40.44856],[-3.66679,40.44895],[-3.6665,40.44913],[-3.66489,40.45036],[-3.66468,40.45057],[-3.66452,40.45076],[-3.66392,40.45176],[-3.66369,40.45205],[-3.66349,40.45223],[-3.6633,40.45237],[-3.6626,40.45274]]},"properties":{"kind":"route","mode":"metro","route":"4","name":"Metro 4","destination":"AVENIDA DE LA PAZ","direction":"1","color":"#BE5416","source_date":"2026-05-29","terminus":"PINAR DE CHAMARTIN","offset_index":0}},{"type":"Feature","id":"metro-route-420","geometry":{"type":"LineString","coordinates":[[-3.65513,40.45647],[-3.66257,40.4527]]},"properties":{"kind":"route","mode":"metro","route":"4","name":"Metro 4","destination":"AVENIDA DE LA PAZ","direction":"2","color":"#BE5416","source_date":"2026-05-29","terminus":"ARGÜELLES","offset_index":0}},{"type":"Feature","id":"metro-route-421","geometry":{"type":"LineString","coordinates":[[-3.66423,40.43165],[-3.66545,40.43216],[-3.66582,40.43227],[-3.66618,40.43232],[-3.66682,40.4323],[-3.6711,40.43183],[-3.67143,40.43185],[-3.67169,40.4319],[-3.67195,40.43198],[-3.67241,40.43217],[-3.6728,40.43227],[-3.67307,40.4323],[-3.67417,40.43235]]},"properties":{"kind":"route","mode":"metro","route":"5","name":"Metro 5","destination":"DIEGO DE LEON","direction":"1","color":"#8FD400","source_date":"2026-05-29","terminus":"CASA DE CAMPO","offset_index":0}},{"type":"Feature","id":"metro-route-422","geometry":{"type":"LineString","coordinates":[[-3.68204,40.43278],[-3.67416,40.43239]]},"properties":{"kind":"route","mode":"metro","route":"5","name":"Metro 5","destination":"DIEGO DE LEON","direction":"2","color":"#8FD400","source_date":"2026-05-29","terminus":"ALAMEDA DE OSUNA","offset_index":0}},{"type":"Feature","id":"metro-route-423","geometry":{"type":"LineString","coordinates":[[-3.70157,40.41996],[-3.70245,40.41999],[-3.70482,40.42025],[-3.70558,40.42022]]},"properties":{"kind":"route","mode":"metro","route":"5","name":"Metro 5","destination":"CALLAO","direction":"1","color":"#8FD400","source_date":"2026-05-29","terminus":"CASA DE CAMPO","offset_index":0}},{"type":"Feature","id":"metro-route-424","geometry":{"type":"LineString","coordinates":[[-3.70953,40.41809],[-3.70961,40.41845],[-3.70962,40.41866],[-3.70959,40.41889],[-3.7095,40.41913],[-3.70939,40.41933],[-3.70921,40.41956],[-3.70896,40.41977],[-3.7087,40.41994],[-3.70825,40.42012],[-3.70779,40.42021],[-3.7072,40.42024],[-3.70636,40.4202],[-3.70558,40.42026]]},"properties":{"kind":"route","mode":"metro","route":"5","name":"Metro 5","destination":"CALLAO","direction":"2","color":"#8FD400","source_date":"2026-05-29","terminus":"ALAMEDA DE OSUNA","offset_index":0}},{"type":"Feature","id":"metro-route-425","geometry":{"type":"LineString","coordinates":[[-3.67016,40.40782],[-3.66957,40.41528]]},"properties":{"kind":"route","mode":"metro","route":"6-1","name":"Metro 6-1","destination":"SAINZ DE BARANDA","direction":"1","color":"#706F6E","source_date":"2026-05-29","terminus":"LAGUNA","offset_index":0}},{"type":"Feature","id":"metro-route-426","geometry":{"type":"LineString","coordinates":[[-3.66889,40.4221],[-3.66938,40.41627],[-3.66938,40.41577],[-3.66942,40.41527]]},"properties":{"kind":"route","mode":"metro","route":"6-2","name":"Metro 6-2","destination":"SAINZ DE BARANDA","direction":"1","color":"#706F6E","source_date":"2026-05-29","terminus":"LAGUNA","offset_index":0}},{"type":"Feature","id":"metro-route-427","geometry":{"type":"LineString","coordinates":[[-3.71925,40.44637],[-3.72336,40.44602],[-3.72382,40.44595],[-3.72422,40.44584],[-3.72476,40.44559],[-3.72501,40.44542],[-3.72522,40.44523],[-3.72537,40.44506],[-3.72556,40.44477],[-3.72598,40.44403]]},"properties":{"kind":"route","mode":"metro","route":"6-1","name":"Metro 6-1","destination":"CIUDAD UNIVERSITARIA","direction":"1","color":"#706F6E","source_date":"2026-05-29","terminus":"LAGUNA","offset_index":0}},{"type":"Feature","id":"metro-route-428","geometry":{"type":"LineString","coordinates":[[-3.71919,40.43449],[-3.71966,40.43514],[-3.72002,40.43548],[-3.7213,40.43633],[-3.7223,40.43689],[-3.72281,40.43723],[-3.72319,40.43755],[-3.72413,40.43843],[-3.72545,40.43947],[-3.72569,40.43969],[-3.72589,40.43994],[-3.7261,40.44028],[-3.72623,40.4406],[-3.72664,40.44178],[-3.7267,40.44201],[-3.72672,40.44224],[-3.72671,40.44258],[-3.72662,40.44293],[-3.72645,40.44328],[-3.72605,40.44401]]},"properties":{"kind":"route","mode":"metro","route":"6-2","name":"Metro 6-2","destination":"CIUDAD UNIVERSITARIA","direction":"1","color":"#706F6E","source_date":"2026-05-29","terminus":"LAGUNA","offset_index":0}},{"type":"Feature","id":"metro-route-429","geometry":{"type":"LineString","coordinates":[[-3.69193,40.43808],[-3.69928,40.43842]]},"properties":{"kind":"route","mode":"metro","route":"7A","name":"Metro 7A","destination":"ALONSO CANO","direction":"1","color":"#F55C24","source_date":"2026-05-29","terminus":"PITIS","offset_index":0}},{"type":"Feature","id":"metro-route-430","geometry":{"type":"LineString","coordinates":[[-3.70492,40.43873],[-3.69927,40.43846]]},"properties":{"kind":"route","mode":"metro","route":"7A","name":"Metro 7A","destination":"ALONSO CANO","direction":"2","color":"#F55C24","source_date":"2026-05-29","terminus":"ESTADIO METROPOLITANO","offset_index":0}},{"type":"Feature","id":"metro-route-431","geometry":{"type":"LineString","coordinates":[[-3.67903,40.43819],[-3.67958,40.43164]]},"properties":{"kind":"route","mode":"metro","route":"9A","name":"Metro 9A","destination":"NUÑEZ DE BALBOA","direction":"1","color":"#7B1265","source_date":"2026-05-29","terminus":"PUERTA DE ARGANDA","offset_index":0}},{"type":"Feature","id":"metro-route-432","geometry":{"type":"LineString","coordinates":[[-3.68026,40.42422],[-3.67964,40.43165]]},"properties":{"kind":"route","mode":"metro","route":"9A","name":"Metro 9A","destination":"NUÑEZ DE BALBOA","direction":"2","color":"#7B1265","source_date":"2026-05-29","terminus":"PACO DE LUCIA","offset_index":0}},{"type":"Feature","id":"metro-route-433","geometry":{"type":"LineString","coordinates":[[-3.68338,40.47394],[-3.6843,40.47178],[-3.68448,40.47144],[-3.68472,40.47106],[-3.6852,40.47047],[-3.68809,40.46735]]},"properties":{"kind":"route","mode":"metro","route":"10A","name":"Metro 10A","destination":"PLAZA DE CASTILLA","direction":"1","color":"#004287","source_date":"2026-05-29","terminus":"PUERTA DEL SUR","offset_index":0}},{"type":"Feature","id":"metro-route-434","geometry":{"type":"LineString","coordinates":[[-3.69001,40.45949],[-3.68977,40.46211],[-3.68977,40.4631],[-3.68988,40.4646],[-3.68987,40.46492],[-3.68983,40.46513],[-3.68969,40.46554],[-3.68944,40.46595],[-3.68921,40.46623],[-3.68813,40.46738]]},"properties":{"kind":"route","mode":"metro","route":"10A","name":"Metro 10A","destination":"PLAZA DE CASTILLA","direction":"2","color":"#004287","source_date":"2026-05-29","terminus":"TRES OLIVOS","offset_index":0}},{"type":"Feature","id":"metro-route-435","geometry":{"type":"LineString","coordinates":[[-3.62445,40.42759],[-3.62873,40.42915],[-3.62931,40.42931],[-3.62975,40.42937],[-3.63013,40.4294],[-3.6305,40.42939],[-3.63085,40.42935],[-3.63125,40.42928],[-3.63186,40.42909],[-3.63322,40.42852]]},"properties":{"kind":"route","mode":"metro","route":"7A","name":"Metro 7A","destination":"GARCIA NOBLEJAS","direction":"1","color":"#F55C24","source_date":"2026-05-29","terminus":"PITIS","offset_index":0}},{"type":"Feature","id":"metro-route-436","geometry":{"type":"LineString","coordinates":[[-3.6405,40.43039],[-3.6393,40.42889],[-3.63909,40.42866],[-3.63888,40.42847],[-3.63859,40.42826],[-3.6382,40.42804],[-3.63785,40.4279],[-3.63738,40.42775],[-3.63691,40.42767],[-3.63637,40.42763],[-3.6359,40.42765],[-3.63545,40.42772],[-3.6348,40.42791],[-3.63325,40.42856]]},"properties":{"kind":"route","mode":"metro","route":"7A","name":"Metro 7A","destination":"GARCIA NOBLEJAS","direction":"2","color":"#F55C24","source_date":"2026-05-29","terminus":"ESTADIO METROPOLITANO","offset_index":0}},{"type":"Feature","id":"metro-route-437","geometry":{"type":"LineString","coordinates":[[-3.64488,40.43579],[-3.64534,40.43637],[-3.64563,40.43681],[-3.64762,40.43932],[-3.6478,40.43952],[-3.64807,40.43974],[-3.64829,40.43989],[-3.64864,40.44006],[-3.64913,40.44023],[-3.64962,40.44033],[-3.65012,40.44035],[-3.65065,40.44031],[-3.65108,40.44022],[-3.65146,40.44009],[-3.65297,40.43937]]},"properties":{"kind":"route","mode":"metro","route":"7A","name":"Metro 7A","destination":"BARRIO DE LA CONCEPCION","direction":"1","color":"#F55C24","source_date":"2026-05-29","terminus":"PITIS","offset_index":0}},{"type":"Feature","id":"metro-route-438","geometry":{"type":"LineString","coordinates":[[-3.66318,40.43904],[-3.66163,40.43846],[-3.66068,40.43821],[-3.66006,40.4381],[-3.65942,40.43802],[-3.65884,40.43799],[-3.65813,40.43799],[-3.65751,40.43803],[-3.65685,40.43811],[-3.65515,40.43845],[-3.65453,40.43867],[-3.653,40.43941]]},"properties":{"kind":"route","mode":"metro","route":"7A","name":"Metro 7A","destination":"BARRIO DE LA CONCEPCION","direction":"2","color":"#F55C24","source_date":"2026-05-29","terminus":"ESTADIO METROPOLITANO","offset_index":0}},{"type":"Feature","id":"metro-route-439","geometry":{"type":"LineString","coordinates":[[-3.67899,40.4374],[-3.67983,40.43745],[-3.68044,40.43751],[-3.68217,40.4376],[-3.68385,40.43761],[-3.68515,40.43772],[-3.68943,40.43792],[-3.69055,40.43801],[-3.69193,40.43808]]},"properties":{"kind":"route","mode":"metro","route":"7A","name":"Metro 7A","destination":"GREGORIO MARAÑON","direction":"1","color":"#F55C24","source_date":"2026-05-29","terminus":"PITIS","offset_index":0}},{"type":"Feature","id":"metro-route-440","geometry":{"type":"LineString","coordinates":[[-3.69927,40.43846],[-3.69192,40.43812]]},"properties":{"kind":"route","mode":"metro","route":"7A","name":"Metro 7A","destination":"GREGORIO MARAÑON","direction":"2","color":"#F55C24","source_date":"2026-05-29","terminus":"ESTADIO METROPOLITANO","offset_index":0}},{"type":"Feature","id":"metro-route-441","geometry":{"type":"LineString","coordinates":[[-3.6151,40.46393],[-3.61952,40.46335],[-3.62022,40.46328],[-3.62087,40.46327],[-3.62154,40.46331],[-3.62215,40.46339],[-3.6228,40.46353],[-3.62336,40.46369],[-3.62387,40.46388],[-3.6244,40.46412],[-3.62487,40.46438],[-3.6309,40.46838],[-3.63143,40.46871],[-3.63197,40.46896],[-3.63268,40.46919],[-3.63342,40.46934],[-3.63568,40.4696],[-3.63679,40.46976],[-3.63854,40.46985]]},"properties":{"kind":"route","mode":"metro","route":"8","name":"Metro 8","destination":"MAR DE CRISTAL","direction":"2","color":"#EB6095","source_date":"2026-05-29","terminus":"NUEVOS MINISTERIOS","offset_index":0}},{"type":"Feature","id":"metro-route-442","geometry":{"type":"LineString","coordinates":[[-3.64867,40.46787],[-3.64541,40.46864],[-3.64493,40.46877],[-3.64429,40.46902],[-3.64294,40.46972],[-3.64251,40.46988],[-3.6421,40.46999],[-3.64159,40.47006],[-3.64104,40.47008],[-3.6398,40.46995],[-3.63854,40.4699]]},"properties":{"kind":"route","mode":"metro","route":"8","name":"Metro 8","destination":"MAR DE CRISTAL","direction":"1","color":"#EB6095","source_date":"2026-05-29","terminus":"AEROPUERTO T-4","offset_index":0}},{"type":"Feature","id":"metro-route-443","geometry":{"type":"LineString","coordinates":[[-3.75113,40.3844],[-3.75182,40.384],[-3.75234,40.38377],[-3.75292,40.38361],[-3.75358,40.38353],[-3.75431,40.38354],[-3.75815,40.38396],[-3.75859,40.38402],[-3.75892,40.38409],[-3.7593,40.38424],[-3.75958,40.38439],[-3.76,40.38471],[-3.76086,40.38562]]},"properties":{"kind":"route","mode":"metro","route":"5","name":"Metro 5","destination":"ALUCHE","direction":"1","color":"#8FD400","source_date":"2026-05-29","terminus":"CASA DE CAMPO","offset_index":0}},{"type":"Feature","id":"metro-route-444","geometry":{"type":"LineString","coordinates":[[-3.76537,40.39063],[-3.76171,40.38678],[-3.76125,40.38634],[-3.76066,40.38572]]},"properties":{"kind":"route","mode":"metro","route":"5","name":"Metro 5","destination":"ALUCHE","direction":"2","color":"#8FD400","source_date":"2026-05-29","terminus":"ALAMEDA DE OSUNA","offset_index":0}},{"type":"Feature","id":"metro-route-445","geometry":{"type":"LineString","coordinates":[[-3.70948,40.41809],[-3.7092,40.41695],[-3.70908,40.41665],[-3.70889,40.41639],[-3.70815,40.41572],[-3.70791,40.41545],[-3.70771,40.41513],[-3.70759,40.41476],[-3.70745,40.41394],[-3.70742,40.41331],[-3.70743,40.41309],[-3.70755,40.41273],[-3.70805,40.41177]]},"properties":{"kind":"route","mode":"metro","route":"5","name":"Metro 5","destination":"LA LATINA","direction":"1","color":"#8FD400","source_date":"2026-05-29","terminus":"CASA DE CAMPO","offset_index":0}},{"type":"Feature","id":"metro-route-446","geometry":{"type":"LineString","coordinates":[[-3.71109,40.40706],[-3.71119,40.40729],[-3.71124,40.40756],[-3.71121,40.40777],[-3.71111,40.40797],[-3.70925,40.41031],[-3.70838,40.41132],[-3.7081,40.41179]]},"properties":{"kind":"route","mode":"metro","route":"5","name":"Metro 5","destination":"LA LATINA","direction":"2","color":"#8FD400","source_date":"2026-05-29","terminus":"ALAMEDA DE OSUNA","offset_index":0}},{"type":"Feature","id":"metro-route-447","geometry":{"type":"LineString","coordinates":[[-3.71104,40.40707],[-3.71089,40.40684],[-3.7107,40.40663],[-3.71052,40.40651],[-3.71036,40.40643],[-3.70988,40.40631],[-3.70821,40.40601],[-3.70784,40.40597],[-3.70745,40.40598],[-3.70588,40.40623],[-3.70554,40.40626],[-3.70514,40.40621],[-3.70478,40.40606],[-3.70462,40.40595],[-3.70448,40.40581],[-3.70437,40.40567],[-3.70429,40.40549],[-3.70425,40.40532],[-3.70425,40.40516],[-3.70429,40.40498],[-3.70436,40.40484],[-3.70453,40.40461],[-3.70482,40.40441],[-3.70511,40.40429],[-3.70584,40.40409]]},"properties":{"kind":"route","mode":"metro","route":"5","name":"Metro 5","destination":"ACACIAS","direction":"1","color":"#8FD400","source_date":"2026-05-29","terminus":"CASA DE CAMPO","offset_index":0}},{"type":"Feature","id":"metro-route-448","geometry":{"type":"LineString","coordinates":[[-3.71179,40.4021],[-3.71088,40.40262],[-3.71034,40.40285],[-3.70586,40.40413]]},"properties":{"kind":"route","mode":"metro","route":"5","name":"Metro 5","destination":"ACACIAS","direction":"2","color":"#8FD400","source_date":"2026-05-29","terminus":"ALAMEDA DE OSUNA","offset_index":0}},{"type":"Feature","id":"metro-route-449","geometry":{"type":"LineString","coordinates":[[-3.74069,40.39291],[-3.73963,40.3922],[-3.73937,40.39206],[-3.73895,40.3919],[-3.73792,40.39161],[-3.73751,40.39141],[-3.73723,40.3912],[-3.73683,40.3908],[-3.73665,40.39057],[-3.73631,40.39008],[-3.73606,40.38982],[-3.73571,40.38954],[-3.735,40.38915],[-3.73446,40.38891],[-3.73398,40.38877],[-3.73356,40.3887],[-3.73232,40.38854]]},"properties":{"kind":"route","mode":"metro","route":"6-1","name":"Metro 6-1","destination":"OPORTO","direction":"1","color":"#706F6E","source_date":"2026-05-29","terminus":"LAGUNA","offset_index":0}},{"type":"Feature","id":"metro-route-450","geometry":{"type":"LineString","coordinates":[[-3.72353,40.38702],[-3.72987,40.38813],[-3.73069,40.38826],[-3.73234,40.38846]]},"properties":{"kind":"route","mode":"metro","route":"6-2","name":"Metro 6-2","destination":"OPORTO","direction":"1","color":"#706F6E","source_date":"2026-05-29","terminus":"LAGUNA","offset_index":0}},{"type":"Feature","id":"metro-route-451","geometry":{"type":"LineString","coordinates":[[-3.71588,40.38522],[-3.7117,40.38512],[-3.71111,40.38516],[-3.71049,40.38527],[-3.70993,40.38543],[-3.70933,40.38568],[-3.70557,40.38771]]},"properties":{"kind":"route","mode":"metro","route":"6-1","name":"Metro 6-1","destination":"USERA","direction":"1","color":"#706F6E","source_date":"2026-05-29","terminus":"LAGUNA","offset_index":0}},{"type":"Feature","id":"metro-route-452","geometry":{"type":"LineString","coordinates":[[-3.69516,40.39108],[-3.69633,40.3907],[-3.69699,40.39054],[-3.6975,40.39047],[-3.69801,40.39044],[-3.69917,40.39045],[-3.69985,40.39041],[-3.70052,40.39031],[-3.7012,40.39012],[-3.7017,40.38993],[-3.70241,40.38958],[-3.7042,40.3884],[-3.70553,40.38767]]},"properties":{"kind":"route","mode":"metro","route":"6-2","name":"Metro 6-2","destination":"USERA","direction":"1","color":"#706F6E","source_date":"2026-05-29","terminus":"LAGUNA","offset_index":0}},{"type":"Feature","id":"metro-route-453","geometry":{"type":"LineString","coordinates":[[-3.71588,40.47565],[-3.71633,40.47711],[-3.71645,40.47741],[-3.71659,40.47768],[-3.71697,40.47822],[-3.71846,40.48014]]},"properties":{"kind":"route","mode":"metro","route":"7A","name":"Metro 7A","destination":"AVENIDA DE LA ILUSTRACION","direction":"1","color":"#F55C24","source_date":"2026-05-29","terminus":"PITIS","offset_index":0}},{"type":"Feature","id":"metro-route-454","geometry":{"type":"LineString","coordinates":[[-3.72301,40.48498],[-3.72221,40.48342],[-3.72204,40.48315],[-3.7218,40.48284],[-3.72159,40.48264],[-3.72125,40.4824],[-3.71998,40.48173],[-3.71946,40.48139],[-3.71903,40.48094],[-3.71841,40.48016]]},"properties":{"kind":"route","mode":"metro","route":"7A","name":"Metro 7A","destination":"AVENIDA DE LA ILUSTRACION","direction":"2","color":"#F55C24","source_date":"2026-05-29","terminus":"ESTADIO METROPOLITANO","offset_index":0}},{"type":"Feature","id":"metro-route-455","geometry":{"type":"LineString","coordinates":[[-3.64865,40.46782],[-3.64999,40.46752],[-3.652,40.4671],[-3.65289,40.46687],[-3.65355,40.46664],[-3.65412,40.4664],[-3.65465,40.46613],[-3.65515,40.46583],[-3.65592,40.46526],[-3.65654,40.46468],[-3.65696,40.46419],[-3.65835,40.46236],[-3.6588,40.46188],[-3.6593,40.46143],[-3.66153,40.45949],[-3.66218,40.45897],[-3.66263,40.45867],[-3.66311,40.45839],[-3.66362,40.45814],[-3.66422,40.45789],[-3.66473,40.45771],[-3.66533,40.45754],[-3.66638,40.45733],[-3.66744,40.45722],[-3.6711,40.4569],[-3.67227,40.45689],[-3.67539,40.45708],[-3.67691,40.4571]]},"properties":{"kind":"route","mode":"metro","route":"8","name":"Metro 8","destination":"COLOMBIA","direction":"2","color":"#EB6095","source_date":"2026-05-29","terminus":"NUEVOS MINISTERIOS","offset_index":0}},{"type":"Feature","id":"metro-route-456","geometry":{"type":"LineString","coordinates":[[-3.69194,40.44253],[-3.69163,40.44578],[-3.69152,40.44616],[-3.6913,40.44657],[-3.69097,40.44698],[-3.68904,40.44906],[-3.68857,40.44949],[-3.68693,40.45089],[-3.68644,40.45135],[-3.68416,40.45386],[-3.68351,40.45443],[-3.6814,40.45605],[-3.68098,40.45634],[-3.68055,40.45657],[-3.68025,40.45669],[-3.67985,40.45681],[-3.67863,40.45709],[-3.67805,40.45714],[-3.67691,40.45714]]},"properties":{"kind":"route","mode":"metro","route":"8","name":"Metro 8","destination":"COLOMBIA","direction":"1","color":"#EB6095","source_date":"2026-05-29","terminus":"AEROPUERTO T-4","offset_index":0}},{"type":"Feature","id":"metro-route-457","geometry":{"type":"LineString","coordinates":[[-3.7123,40.4564],[-3.71174,40.45722],[-3.71151,40.4576],[-3.71134,40.458],[-3.71124,40.45842],[-3.71118,40.45905],[-3.71102,40.46159],[-3.71106,40.46211],[-3.71112,40.46236],[-3.71121,40.46261],[-3.71147,40.46306],[-3.71186,40.46348],[-3.71221,40.46376],[-3.71272,40.46405],[-3.7131,40.46421],[-3.71357,40.46435],[-3.71589,40.46476]]},"properties":{"kind":"route","mode":"metro","route":"7A","name":"Metro 7A","destination":"VALDEZARZA","direction":"1","color":"#F55C24","source_date":"2026-05-29","terminus":"PITIS","offset_index":0}},{"type":"Feature","id":"metro-route-458","geometry":{"type":"LineString","coordinates":[[-3.71741,40.47046],[-3.71804,40.47007],[-3.71852,40.46973],[-3.71885,40.46941],[-3.71909,40.46907],[-3.71921,40.46881],[-3.7193,40.46854],[-3.71951,40.46757],[-3.71953,40.46711],[-3.71947,40.46679],[-3.71931,40.46638],[-3.71906,40.46601],[-3.71872,40.46569],[-3.71831,40.46542],[-3.71794,40.46525],[-3.7175,40.46511],[-3.71588,40.46481]]},"properties":{"kind":"route","mode":"metro","route":"7A","name":"Metro 7A","destination":"VALDEZARZA","direction":"2","color":"#F55C24","source_date":"2026-05-29","terminus":"ESTADIO METROPOLITANO","offset_index":0}},{"type":"Feature","id":"metro-route-459","geometry":{"type":"LineString","coordinates":[[-3.67691,40.4571],[-3.6781,40.4571],[-3.67866,40.45704],[-3.6799,40.45675],[-3.68051,40.45653],[-3.68089,40.45634],[-3.68125,40.4561],[-3.6834,40.45446],[-3.68405,40.4539],[-3.68453,40.4534],[-3.68636,40.45136],[-3.68684,40.4509],[-3.68843,40.44955],[-3.68893,40.4491],[-3.69091,40.44697],[-3.69124,40.44658],[-3.69145,40.44619],[-3.69157,40.44577],[-3.69188,40.44252]]},"properties":{"kind":"route","mode":"metro","route":"8","name":"Metro 8","destination":"NUEVOS MINISTERIOS","direction":"2","color":"#EB6095","source_date":"2026-05-29","terminus":"NUEVOS MINISTERIOS","offset_index":0}},{"type":"Feature","id":"metro-route-460","geometry":{"type":"LineString","coordinates":[[-3.76086,40.38562],[-3.76144,40.38623],[-3.76184,40.38686],[-3.76541,40.39061]]},"properties":{"kind":"route","mode":"metro","route":"5","name":"Metro 5","destination":"EMPALME","direction":"1","color":"#8FD400","source_date":"2026-05-29","terminus":"CASA DE CAMPO","offset_index":0}},{"type":"Feature","id":"metro-route-461","geometry":{"type":"LineString","coordinates":[[-3.76791,40.39409],[-3.76727,40.39286],[-3.76693,40.3923],[-3.76652,40.39184],[-3.76537,40.39063]]},"properties":{"kind":"route","mode":"metro","route":"5","name":"Metro 5","destination":"EMPALME","direction":"2","color":"#8FD400","source_date":"2026-05-29","terminus":"ALAMEDA DE OSUNA","offset_index":0}},{"type":"Feature","id":"metro-route-462","geometry":{"type":"LineString","coordinates":[[-3.76541,40.39061],[-3.7667,40.39196],[-3.76698,40.39229],[-3.76723,40.39268],[-3.76801,40.39406]]},"properties":{"kind":"route","mode":"metro","route":"5","name":"Metro 5","destination":"CAMPAMENTO","direction":"1","color":"#8FD400","source_date":"2026-05-29","terminus":"CASA DE CAMPO","offset_index":0}},{"type":"Feature","id":"metro-route-463","geometry":{"type":"LineString","coordinates":[[-3.76166,40.40295],[-3.76601,40.39984],[-3.76644,40.3995],[-3.76674,40.39922],[-3.76701,40.39891],[-3.76817,40.39729],[-3.76837,40.39698],[-3.76853,40.3966],[-3.76863,40.39621],[-3.76864,40.39582],[-3.7686,40.39549],[-3.76848,40.39512],[-3.76835,40.39484],[-3.76819,40.3946],[-3.76791,40.39409]]},"properties":{"kind":"route","mode":"metro","route":"5","name":"Metro 5","destination":"CAMPAMENTO","direction":"2","color":"#8FD400","source_date":"2026-05-29","terminus":"ALAMEDA DE OSUNA","offset_index":0}},{"type":"Feature","id":"metro-route-464","geometry":{"type":"LineString","coordinates":[[-3.76801,40.39406],[-3.76831,40.39461],[-3.7686,40.39528],[-3.76869,40.39574],[-3.7687,40.39599],[-3.76867,40.39626],[-3.76858,40.39663],[-3.76839,40.39703],[-3.76727,40.39864],[-3.76682,40.3992],[-3.76655,40.39947],[-3.76623,40.39974],[-3.7617,40.40298]]},"properties":{"kind":"route","mode":"metro","route":"5","name":"Metro 5","destination":"CASA DE CAMPO","direction":"1","color":"#8FD400","source_date":"2026-05-29","terminus":"CASA DE CAMPO","offset_index":0}},{"type":"Feature","id":"metro-route-465","geometry":{"type":"LineString","coordinates":[[-3.78334,40.3844],[-3.78712,40.38103],[-3.78968,40.37906],[-3.79006,40.37879],[-3.79037,40.37861],[-3.79154,40.37801],[-3.79301,40.37707]]},"properties":{"kind":"route","mode":"metro","route":"10A","name":"Metro 10A","destination":"CUATRO VIENTOS","direction":"1","color":"#004287","source_date":"2026-05-29","terminus":"PUERTA DEL SUR","offset_index":0}},{"type":"Feature","id":"metro-route-466","geometry":{"type":"LineString","coordinates":[[-3.80697,40.35041],[-3.80288,40.35443],[-3.80254,40.35481],[-3.80226,40.35518],[-3.80201,40.35556],[-3.80177,40.35598],[-3.80148,40.35663],[-3.80125,40.35733],[-3.79857,40.3677],[-3.79817,40.36936],[-3.79735,40.37254],[-3.79722,40.37299],[-3.79707,40.37343],[-3.79681,40.37396],[-3.79647,40.37452],[-3.79606,40.37506],[-3.79554,40.37563],[-3.79519,40.37592],[-3.7948,40.37617],[-3.79445,40.37637],[-3.79365,40.37674],[-3.79307,40.3771]]},"properties":{"kind":"route","mode":"metro","route":"10A","name":"Metro 10A","destination":"CUATRO VIENTOS","direction":"2","color":"#004287","source_date":"2026-05-29","terminus":"TRES OLIVOS","offset_index":0}},{"type":"Feature","id":"metro-route-467","geometry":{"type":"LineString","coordinates":[[-3.59992,40.36399],[-3.59156,40.35991]]},"properties":{"kind":"route","mode":"metro","route":"1","name":"Metro 1","destination":"VALDECARROS","direction":"1","color":"#009DE3","source_date":"2026-05-29","terminus":"VALDECARROS","offset_index":0}},{"type":"Feature","id":"metro-route-468","geometry":{"type":"LineString","coordinates":[[-3.63854,40.46985],[-3.63981,40.46991],[-3.64104,40.47003],[-3.64155,40.47002],[-3.64209,40.46994],[-3.64249,40.46984],[-3.64291,40.46968],[-3.64426,40.46898],[-3.64487,40.46874],[-3.64539,40.4686],[-3.64865,40.46782]]},"properties":{"kind":"route","mode":"metro","route":"8","name":"Metro 8","destination":"PINAR DEL REY","direction":"2","color":"#EB6095","source_date":"2026-05-29","terminus":"NUEVOS MINISTERIOS","offset_index":0}},{"type":"Feature","id":"metro-route-469","geometry":{"type":"LineString","coordinates":[[-3.67691,40.45714],[-3.67544,40.45712],[-3.67218,40.45693],[-3.67107,40.45695],[-3.66749,40.45726],[-3.66635,40.45738],[-3.66531,40.45759],[-3.6648,40.45774],[-3.66425,40.45792],[-3.66369,40.45816],[-3.66322,40.45839],[-3.66274,40.45866],[-3.66232,40.45894],[-3.66157,40.45952],[-3.65934,40.46146],[-3.6588,40.46196],[-3.65836,40.46244],[-3.65701,40.46421],[-3.65656,40.46473],[-3.65594,40.46532],[-3.65519,40.46586],[-3.65468,40.46617],[-3.65415,40.46644],[-3.65362,40.46666],[-3.65295,40.4669],[-3.65202,40.46714],[-3.65002,40.46755],[-3.64867,40.46787]]},"properties":{"kind":"route","mode":"metro","route":"8","name":"Metro 8","destination":"PINAR DEL REY","direction":"1","color":"#EB6095","source_date":"2026-05-29","terminus":"AEROPUERTO T-4","offset_index":0}},{"type":"Feature","id":"metro-route-470","geometry":{"type":"LineString","coordinates":[[-3.66724,40.48026],[-3.66778,40.48038],[-3.66821,40.48042],[-3.66865,40.48037],[-3.6741,40.47862],[-3.6748,40.47848],[-3.67542,40.47815],[-3.67595,40.47748],[-3.67674,40.47554]]},"properties":{"kind":"route","mode":"metro","route":"1","name":"Metro 1","destination":"BAMBU","direction":"1","color":"#009DE3","source_date":"2026-05-29","terminus":"VALDECARROS","offset_index":0}},{"type":"Feature","id":"metro-route-471","geometry":{"type":"LineString","coordinates":[[-3.68362,40.47387],[-3.67991,40.47292],[-3.67941,40.47288],[-3.67869,40.47309],[-3.6777,40.47363],[-3.67754,40.47382],[-3.67677,40.47555]]},"properties":{"kind":"route","mode":"metro","route":"1","name":"Metro 1","destination":"BAMBU","direction":"2","color":"#009DE3","source_date":"2026-05-29","terminus":"PINAR DE CHAMARTIN","offset_index":0}},{"type":"Feature","id":"metro-route-472","geometry":{"type":"LineString","coordinates":[[-3.67677,40.47555],[-3.67604,40.47747],[-3.67553,40.47816],[-3.67484,40.47854],[-3.67406,40.47872],[-3.6687,40.4804],[-3.66822,40.48045],[-3.66776,40.48041],[-3.66718,40.48031]]},"properties":{"kind":"route","mode":"metro","route":"1","name":"Metro 1","destination":"PINAR DE CHAMARTIN","direction":"2","color":"#009DE3","source_date":"2026-05-29","terminus":"PINAR DE CHAMARTIN","offset_index":0}},{"type":"Feature","id":"metro-route-473","geometry":{"type":"LineString","coordinates":[[-3.63824,40.42314],[-3.64509,40.42695],[-3.64564,40.42719],[-3.64621,40.42728],[-3.64665,40.4273],[-3.64961,40.42703],[-3.65012,40.4271]]},"properties":{"kind":"route","mode":"metro","route":"2","name":"Metro 2","destination":"LA ELIPA","direction":"1","color":"#F54029","source_date":"2026-05-29","terminus":"CUATRO CAMINOS","offset_index":0}},{"type":"Feature","id":"metro-route-474","geometry":{"type":"LineString","coordinates":[[-3.66391,40.43048],[-3.6628,40.43086],[-3.66252,40.43091],[-3.65985,40.43087],[-3.65953,40.43083],[-3.65832,40.4304],[-3.65651,40.42963],[-3.65578,40.42939],[-3.6516,40.4276],[-3.65096,40.42738],[-3.65033,40.42727],[-3.65008,40.42718]]},"properties":{"kind":"route","mode":"metro","route":"2","name":"Metro 2","destination":"LA ELIPA","direction":"2","color":"#F54029","source_date":"2026-05-29","terminus":"LAS ROSAS","offset_index":0}},{"type":"Feature","id":"metro-route-475","geometry":{"type":"LineString","coordinates":[[-3.64465,40.47701],[-3.64574,40.47706],[-3.64603,40.477],[-3.6464,40.47671],[-3.6466,40.47647],[-3.64678,40.47597],[-3.64701,40.47564],[-3.64724,40.47551],[-3.64862,40.47527],[-3.65072,40.47501],[-3.65099,40.47502],[-3.65162,40.47512],[-3.65254,40.47534]]},"properties":{"kind":"route","mode":"metro","route":"4","name":"Metro 4","destination":"HORTALEZA","direction":"1","color":"#BE5416","source_date":"2026-05-29","terminus":"PINAR DE CHAMARTIN","offset_index":0}},{"type":"Feature","id":"metro-route-476","geometry":{"type":"LineString","coordinates":[[-3.663,40.47691],[-3.66212,40.47642],[-3.66084,40.47584],[-3.65833,40.47549],[-3.65616,40.47531],[-3.65427,40.47532],[-3.65308,40.47544],[-3.65253,40.47537]]},"properties":{"kind":"route","mode":"metro","route":"4","name":"Metro 4","destination":"HORTALEZA","direction":"2","color":"#BE5416","source_date":"2026-05-29","terminus":"ARGÜELLES","offset_index":0}},{"type":"Feature","id":"metro-route-477","geometry":{"type":"LineString","coordinates":[[-3.65254,40.47534],[-3.65311,40.47535],[-3.6543,40.47525],[-3.6561,40.47524],[-3.65852,40.47543],[-3.66084,40.47575],[-3.66235,40.47645],[-3.66303,40.47688]]},"properties":{"kind":"route","mode":"metro","route":"4","name":"Metro 4","destination":"MANOTERAS","direction":"1","color":"#BE5416","source_date":"2026-05-29","terminus":"PINAR DE CHAMARTIN","offset_index":0}},{"type":"Feature","id":"metro-route-478","geometry":{"type":"LineString","coordinates":[[-3.66706,40.48024],[-3.66601,40.47952],[-3.663,40.47691]]},"properties":{"kind":"route","mode":"metro","route":"4","name":"Metro 4","destination":"MANOTERAS","direction":"2","color":"#BE5416","source_date":"2026-05-29","terminus":"ARGÜELLES","offset_index":0}},{"type":"Feature","id":"metro-route-479","geometry":{"type":"LineString","coordinates":[[-3.66303,40.47688],[-3.66612,40.47952],[-3.66713,40.48019]]},"properties":{"kind":"route","mode":"metro","route":"4","name":"Metro 4","destination":"PINAR DE CHAMARTIN","direction":"1","color":"#BE5416","source_date":"2026-05-29","terminus":"PINAR DE CHAMARTIN","offset_index":0}},{"type":"Feature","id":"metro-route-480","geometry":{"type":"LineString","coordinates":[[-3.56885,40.42261],[-3.57239,40.42359],[-3.59551,40.42929],[-3.59905,40.43239],[-3.60012,40.4332]]},"properties":{"kind":"route","mode":"metro","route":"7B","name":"Metro 7B","destination":"ESTADIO METROPOLITANO","direction":"1","color":"#F55C24","source_date":"2026-05-29","terminus":"ESTADIO METROPOLITANO","offset_index":0}},{"type":"Feature","id":"metro-route-481","geometry":{"type":"LineString","coordinates":[[-3.60792,40.43297],[-3.60551,40.43637],[-3.60489,40.43656],[-3.60425,40.43655],[-3.60368,40.43643],[-3.60322,40.43609],[-3.60273,40.43531],[-3.60243,40.435],[-3.60201,40.43479],[-3.6012,40.43431],[-3.59989,40.43334]]},"properties":{"kind":"route","mode":"metro","route":"7A","name":"Metro 7A","destination":"ESTADIO METROPOLITANO","direction":"2","color":"#F55C24","source_date":"2026-05-29","terminus":"ESTADIO METROPOLITANO","offset_index":0}},{"type":"Feature","id":"metro-route-482","geometry":{"type":"LineString","coordinates":[[-3.69204,40.49471],[-3.69534,40.50106],[-3.69537,40.50121]]},"properties":{"kind":"route","mode":"metro","route":"10A","name":"Metro 10A","destination":"TRES OLIVOS","direction":"2","color":"#004287","source_date":"2026-05-29","terminus":"TRES OLIVOS","offset_index":0}},{"type":"Feature","id":"metro-route-483","geometry":{"type":"LineString","coordinates":[[-3.69545,40.5059],[-3.69486,40.50556],[-3.69418,40.50488],[-3.694,40.50415],[-3.69426,40.50311],[-3.69505,40.50192],[-3.69533,40.50123]]},"properties":{"kind":"route","mode":"metro","route":"10B","name":"Metro 10B","destination":"TRES OLIVOS","direction":"1","color":"#004287","source_date":"2026-05-29","terminus":"TRES OLIVOS","offset_index":0}},{"type":"Feature","id":"metro-route-484","geometry":{"type":"LineString","coordinates":[[-3.66966,40.50881],[-3.67031,40.50822],[-3.67101,40.50784],[-3.67187,40.50771],[-3.67532,40.50733],[-3.67755,40.50715],[-3.67938,40.50725],[-3.69318,40.51251],[-3.69461,40.51225],[-3.69603,40.51104],[-3.69666,40.50871],[-3.6962,40.50695],[-3.69545,40.5059]]},"properties":{"kind":"route","mode":"metro","route":"10B","name":"Metro 10B","destination":"MONTECARMELO","direction":"1","color":"#004287","source_date":"2026-05-29","terminus":"TRES OLIVOS","offset_index":0}},{"type":"Feature","id":"metro-route-485","geometry":{"type":"LineString","coordinates":[[-3.69536,40.50124],[-3.6951,40.5019],[-3.69432,40.50311],[-3.69406,40.50413],[-3.69423,40.50485],[-3.6949,40.50553],[-3.6955,40.50585]]},"properties":{"kind":"route","mode":"metro","route":"10B","name":"Metro 10B","destination":"MONTECARMELO","direction":"2","color":"#004287","source_date":"2026-05-29","terminus":"HOSPITAL INFANTA SOFIA","offset_index":0}},{"type":"Feature","id":"metro-route-486","geometry":{"type":"LineString","coordinates":[[-3.66223,40.51539],[-3.66603,40.51194],[-3.66966,40.50881]]},"properties":{"kind":"route","mode":"metro","route":"10B","name":"Metro 10B","destination":"LAS TABLAS","direction":"1","color":"#004287","source_date":"2026-05-29","terminus":"TRES OLIVOS","offset_index":0}},{"type":"Feature","id":"metro-route-487","geometry":{"type":"LineString","coordinates":[[-3.6955,40.50585],[-3.69628,40.50691],[-3.69673,40.50871],[-3.6961,40.51105],[-3.69468,40.51229],[-3.6932,40.51259],[-3.67935,40.50738],[-3.67748,40.50728],[-3.67302,40.5077],[-3.67106,40.50791],[-3.67036,40.50826],[-3.6697,40.50885]]},"properties":{"kind":"route","mode":"metro","route":"10B","name":"Metro 10B","destination":"LAS TABLAS","direction":"2","color":"#004287","source_date":"2026-05-29","terminus":"HOSPITAL INFANTA SOFIA","offset_index":0}},{"type":"Feature","id":"metro-route-488","geometry":{"type":"LineString","coordinates":[[-3.65885,40.52757],[-3.6624,40.52304],[-3.66264,40.52243],[-3.66263,40.52144],[-3.66231,40.52062],[-3.66147,40.51952],[-3.66087,40.51839],[-3.66083,40.51769],[-3.66123,40.51693],[-3.66223,40.51539]]},"properties":{"kind":"route","mode":"metro","route":"10B","name":"Metro 10B","destination":"RONDA DE LA COMUNICACION","direction":"1","color":"#004287","source_date":"2026-05-29","terminus":"TRES OLIVOS","offset_index":0}},{"type":"Feature","id":"metro-route-489","geometry":{"type":"LineString","coordinates":[[-3.6697,40.50885],[-3.66231,40.51541]]},"properties":{"kind":"route","mode":"metro","route":"10B","name":"Metro 10B","destination":"RONDA DE LA COMUNICACION","direction":"2","color":"#004287","source_date":"2026-05-29","terminus":"HOSPITAL INFANTA SOFIA","offset_index":0}},{"type":"Feature","id":"metro-route-490","geometry":{"type":"LineString","coordinates":[[-3.77493,40.39667],[-3.77587,40.39618],[-3.77613,40.39601],[-3.77641,40.39577],[-3.77664,40.39554],[-3.77686,40.39522],[-3.77699,40.39495],[-3.77709,40.39467],[-3.77714,40.39428],[-3.77713,40.39383],[-3.7766,40.39022],[-3.77656,40.38973],[-3.7766,40.38931],[-3.77671,40.38882],[-3.77687,40.38841],[-3.77714,40.38796],[-3.77742,40.38759],[-3.77773,40.38728],[-3.77811,40.38696],[-3.77861,40.38664],[-3.7793,40.38631],[-3.7809,40.38575],[-3.78172,40.38541],[-3.78255,40.38495],[-3.78334,40.3844]]},"properties":{"kind":"route","mode":"metro","route":"10A","name":"Metro 10A","destination":"AVIACION ESPAÑOLA","direction":"1","color":"#004287","source_date":"2026-05-29","terminus":"PUERTA DEL SUR","offset_index":0}},{"type":"Feature","id":"metro-route-491","geometry":{"type":"LineString","coordinates":[[-3.79307,40.3771],[-3.79164,40.37801],[-3.7904,40.37865],[-3.78972,40.3791],[-3.78717,40.38106],[-3.78335,40.38445]]},"properties":{"kind":"route","mode":"metro","route":"10A","name":"Metro 10A","destination":"AVIACION ESPAÑOLA","direction":"2","color":"#004287","source_date":"2026-05-29","terminus":"TRES OLIVOS","offset_index":0}},{"type":"Feature","id":"metro-route-492","geometry":{"type":"LineString","coordinates":[[-3.58339,40.47617],[-3.58478,40.4769],[-3.587,40.47843],[-3.58929,40.48093],[-3.59237,40.48606],[-3.59331,40.49259]]},"properties":{"kind":"route","mode":"metro","route":"8","name":"Metro 8","destination":"AEROPUERTO T-4","direction":"1","color":"#EB6095","source_date":"2026-05-29","terminus":"AEROPUERTO T-4","offset_index":0}},{"type":"Feature","id":"metro-route-493","geometry":{"type":"LineString","coordinates":[[-3.67674,40.47554],[-3.67745,40.4738],[-3.6776,40.4736],[-3.67826,40.47322],[-3.6787,40.473],[-3.67908,40.47287],[-3.67934,40.47284],[-3.67995,40.47287],[-3.68363,40.47384]]},"properties":{"kind":"route","mode":"metro","route":"1","name":"Metro 1","destination":"CHAMARTIN","direction":"1","color":"#009DE3","source_date":"2026-05-29","terminus":"VALDECARROS","offset_index":0}},{"type":"Feature","id":"metro-route-494","geometry":{"type":"LineString","coordinates":[[-3.68972,40.4665],[-3.68941,40.46686],[-3.68932,40.46712],[-3.68765,40.4734],[-3.68745,40.47394],[-3.68714,40.47429],[-3.6868,40.47437],[-3.68362,40.47387]]},"properties":{"kind":"route","mode":"metro","route":"1","name":"Metro 1","destination":"CHAMARTIN","direction":"2","color":"#009DE3","source_date":"2026-05-29","terminus":"PINAR DE CHAMARTIN","offset_index":0}},{"type":"Feature","id":"metro-route-495","geometry":{"type":"LineString","coordinates":[[-3.59417,40.45354],[-3.59289,40.45418],[-3.58754,40.4578]]},"properties":{"kind":"route","mode":"metro","route":"5","name":"Metro 5","destination":"ALAMEDA DE OSUNA","direction":"2","color":"#8FD400","source_date":"2026-05-29","terminus":"ALAMEDA DE OSUNA","offset_index":0}},{"type":"Feature","id":"metro-route-496","geometry":{"type":"LineString","coordinates":[[-3.58751,40.45777],[-3.59286,40.45415],[-3.59415,40.45352]]},"properties":{"kind":"route","mode":"metro","route":"5","name":"Metro 5","destination":"EL CAPRICHO","direction":"1","color":"#8FD400","source_date":"2026-05-29","terminus":"CASA DE CAMPO","offset_index":0}},{"type":"Feature","id":"metro-route-497","geometry":{"type":"LineString","coordinates":[[-3.60898,40.44882],[-3.60689,40.4502],[-3.606,40.45076],[-3.60483,40.45145],[-3.60333,40.45241],[-3.60292,40.45259],[-3.60235,40.45269],[-3.59873,40.45278],[-3.59757,40.45285],[-3.59638,40.45296],[-3.59555,40.45309],[-3.59482,40.45324],[-3.59417,40.45354]]},"properties":{"kind":"route","mode":"metro","route":"5","name":"Metro 5","destination":"EL CAPRICHO","direction":"2","color":"#8FD400","source_date":"2026-05-29","terminus":"ALAMEDA DE OSUNA","offset_index":0}},{"type":"Feature","id":"metro-route-498","geometry":{"type":"LineString","coordinates":[[-3.73412,40.37603],[-3.7346,40.37565],[-3.73537,40.37499],[-3.73575,40.37465],[-3.73623,40.37415],[-3.73645,40.37403],[-3.73681,40.37389],[-3.73719,40.37384],[-3.73981,40.37369]]},"properties":{"kind":"route","mode":"metro","route":"11","name":"Metro 11","destination":"SAN FRANCISCO","direction":"1","color":"#009B3A","source_date":"2026-05-29","terminus":"LA FORTUNA","offset_index":0}},{"type":"Feature","id":"metro-route-499","geometry":{"type":"LineString","coordinates":[[-3.75209,40.37205],[-3.75186,40.3723],[-3.75151,40.37291],[-3.75105,40.37338],[-3.75077,40.37353],[-3.75034,40.37372],[-3.74913,40.374],[-3.74697,40.3746],[-3.74629,40.37462],[-3.74585,40.3745],[-3.74538,40.37425],[-3.74447,40.37371],[-3.74408,40.37355],[-3.74364,40.37342],[-3.74312,40.37332],[-3.74205,40.37331],[-3.74169,40.37333],[-3.74109,40.37346],[-3.74019,40.37372],[-3.73983,40.37376]]},"properties":{"kind":"route","mode":"metro","route":"11","name":"Metro 11","destination":"SAN FRANCISCO","direction":"2","color":"#009B3A","source_date":"2026-05-29","terminus":"PLAZA ELIPTICA","offset_index":0}},{"type":"Feature","id":"metro-route-500","geometry":{"type":"LineString","coordinates":[[-3.73981,40.37369],[-3.74004,40.37368],[-3.74157,40.3733],[-3.74208,40.37328],[-3.74325,40.37329],[-3.74351,40.37333],[-3.744,40.37346],[-3.745,40.37393],[-3.74566,40.37437],[-3.74592,40.37447],[-3.74624,40.37454],[-3.74678,40.37458],[-3.74951,40.37386],[-3.75011,40.37375],[-3.75042,40.37364],[-3.75094,40.37337],[-3.7513,40.37306],[-3.75205,40.37203]]},"properties":{"kind":"route","mode":"metro","route":"11","name":"Metro 11","destination":"CARABANCHEL ALTO","direction":"1","color":"#009B3A","source_date":"2026-05-29","terminus":"LA FORTUNA","offset_index":0}},{"type":"Feature","id":"metro-route-501","geometry":{"type":"LineString","coordinates":[[-3.75683,40.36453],[-3.75451,40.36683],[-3.75418,40.3672],[-3.75384,40.36774],[-3.7535,40.3685],[-3.75327,40.3695],[-3.75323,40.37005],[-3.75315,40.37034],[-3.75295,40.37085],[-3.75246,40.37167],[-3.75225,40.37191],[-3.75209,40.37205]]},"properties":{"kind":"route","mode":"metro","route":"11","name":"Metro 11","destination":"CARABANCHEL ALTO","direction":"2","color":"#009B3A","source_date":"2026-05-29","terminus":"PLAZA ELIPTICA","offset_index":0}},{"type":"Feature","id":"metro-route-502","geometry":{"type":"LineString","coordinates":[[-3.77777,40.35795],[-3.77696,40.3575],[-3.77579,40.35708],[-3.77335,40.35665],[-3.77055,40.3565],[-3.76726,40.35644],[-3.76433,40.35663],[-3.76198,40.35722],[-3.76057,40.35791],[-3.75944,40.35883],[-3.75884,40.35986],[-3.75825,40.36241],[-3.75786,40.36321],[-3.75749,40.3638],[-3.75683,40.36453]]},"properties":{"kind":"route","mode":"metro","route":"11","name":"Metro 11","destination":"LA PESETA","direction":"2","color":"#009B3A","source_date":"2026-05-29","terminus":"PLAZA ELIPTICA","offset_index":0}},{"type":"Feature","id":"metro-route-503","geometry":{"type":"LineString","coordinates":[[-3.75205,40.37203],[-3.75232,40.37178],[-3.75247,40.37158],[-3.75295,40.37078],[-3.75319,40.37009],[-3.75324,40.36945],[-3.75348,40.36847],[-3.7539,40.36751],[-3.75417,40.36715],[-3.75474,40.36649],[-3.75647,40.36481],[-3.75671,40.36449]]},"properties":{"kind":"route","mode":"metro","route":"11","name":"Metro 11","destination":"LA PESETA","direction":"1","color":"#009B3A","source_date":"2026-05-29","terminus":"LA FORTUNA","offset_index":0}},{"type":"Feature","id":"metro-route-504","geometry":{"type":"LineString","coordinates":[[-3.69488,40.39251],[-3.69502,40.3916],[-3.69525,40.39125],[-3.6955,40.391],[-3.69669,40.38996],[-3.69904,40.38838],[-3.69924,40.38806],[-3.6993,40.38775],[-3.69801,40.38438]]},"properties":{"kind":"route","mode":"metro","route":"3","name":"Metro 3","destination":"ALMENDRALES","direction":"2","color":"#FFBC00","source_date":"2026-05-29","terminus":"EL CASAR","offset_index":0}},{"type":"Feature","id":"metro-route-505","geometry":{"type":"LineString","coordinates":[[-3.69591,40.37513],[-3.69752,40.3814],[-3.69817,40.38434]]},"properties":{"kind":"route","mode":"metro","route":"3","name":"Metro 3","destination":"ALMENDRALES","direction":"1","color":"#FFBC00","source_date":"2026-05-29","terminus":"MONCLOA","offset_index":0}},{"type":"Feature","id":"metro-route-506","geometry":{"type":"LineString","coordinates":[[-3.69801,40.38438],[-3.69588,40.37513]]},"properties":{"kind":"route","mode":"metro","route":"3","name":"Metro 3","destination":"HOSPITAL 12 DE OCTUBRE","direction":"2","color":"#FFBC00","source_date":"2026-05-29","terminus":"EL CASAR","offset_index":0}},{"type":"Feature","id":"metro-route-507","geometry":{"type":"LineString","coordinates":[[-3.69439,40.36978],[-3.69577,40.37473],[-3.69591,40.37513]]},"properties":{"kind":"route","mode":"metro","route":"3","name":"Metro 3","destination":"HOSPITAL 12 DE OCTUBRE","direction":"1","color":"#FFBC00","source_date":"2026-05-29","terminus":"MONCLOA","offset_index":0}},{"type":"Feature","id":"metro-route-508","geometry":{"type":"LineString","coordinates":[[-3.69588,40.37513],[-3.69436,40.36978]]},"properties":{"kind":"route","mode":"metro","route":"3","name":"Metro 3","destination":"SAN FERMIN-ORCASUR","direction":"2","color":"#FFBC00","source_date":"2026-05-29","terminus":"EL CASAR","offset_index":0}},{"type":"Feature","id":"metro-route-509","geometry":{"type":"LineString","coordinates":[[-3.69341,40.35956],[-3.694,40.36601],[-3.69439,40.36978]]},"properties":{"kind":"route","mode":"metro","route":"3","name":"Metro 3","destination":"SAN FERMIN-ORCASUR","direction":"1","color":"#FFBC00","source_date":"2026-05-29","terminus":"MONCLOA","offset_index":0}},{"type":"Feature","id":"metro-route-510","geometry":{"type":"LineString","coordinates":[[-3.69436,40.36978],[-3.69393,40.36652],[-3.69338,40.35956]]},"properties":{"kind":"route","mode":"metro","route":"3","name":"Metro 3","destination":"CIUDAD DE LOS ANGELES","direction":"2","color":"#FFBC00","source_date":"2026-05-29","terminus":"EL CASAR","offset_index":0}},{"type":"Feature","id":"metro-route-511","geometry":{"type":"LineString","coordinates":[[-3.69274,40.35068],[-3.6932,40.35633],[-3.69341,40.35956]]},"properties":{"kind":"route","mode":"metro","route":"3","name":"Metro 3","destination":"CIUDAD DE LOS ANGELES","direction":"1","color":"#FFBC00","source_date":"2026-05-29","terminus":"MONCLOA","offset_index":0}},{"type":"Feature","id":"metro-route-512","geometry":{"type":"LineString","coordinates":[[-3.69338,40.35956],[-3.6927,40.35068]]},"properties":{"kind":"route","mode":"metro","route":"3","name":"Metro 3","destination":"VILLAVERDE BAJO CRUCE","direction":"2","color":"#FFBC00","source_date":"2026-05-29","terminus":"EL CASAR","offset_index":0}},{"type":"Feature","id":"metro-route-513","geometry":{"type":"LineString","coordinates":[[-3.69379,40.34131],[-3.69328,40.34179],[-3.69297,40.34214],[-3.69284,40.34243],[-3.69278,40.3428],[-3.69274,40.35068]]},"properties":{"kind":"route","mode":"metro","route":"3","name":"Metro 3","destination":"VILLAVERDE BAJO CRUCE","direction":"1","color":"#FFBC00","source_date":"2026-05-29","terminus":"MONCLOA","offset_index":0}},{"type":"Feature","id":"metro-route-514","geometry":{"type":"LineString","coordinates":[[-3.6927,40.35068],[-3.6927,40.34279],[-3.6928,40.3424],[-3.69294,40.34211],[-3.69349,40.34153],[-3.69376,40.3413]]},"properties":{"kind":"route","mode":"metro","route":"3","name":"Metro 3","destination":"SAN CRISTOBAL","direction":"2","color":"#FFBC00","source_date":"2026-05-29","terminus":"EL CASAR","offset_index":0}},{"type":"Feature","id":"metro-route-515","geometry":{"type":"LineString","coordinates":[[-3.71208,40.34107],[-3.70874,40.34092],[-3.70771,40.34063],[-3.70684,40.33995],[-3.70585,40.33979],[-3.69775,40.33991],[-3.69603,40.34034],[-3.69459,40.34079],[-3.69379,40.34131]]},"properties":{"kind":"route","mode":"metro","route":"3","name":"Metro 3","destination":"SAN CRISTOBAL","direction":"1","color":"#FFBC00","source_date":"2026-05-29","terminus":"MONCLOA","offset_index":0}},{"type":"Feature","id":"metro-route-516","geometry":{"type":"LineString","coordinates":[[-3.69376,40.3413],[-3.69406,40.34106],[-3.69455,40.34074],[-3.69623,40.34022],[-3.6978,40.33985],[-3.70579,40.33973],[-3.70686,40.33988],[-3.70776,40.34056],[-3.70877,40.34086],[-3.71208,40.34095]]},"properties":{"kind":"route","mode":"metro","route":"3","name":"Metro 3","destination":"VILLAVERDE ALTO","direction":"2","color":"#FFBC00","source_date":"2026-05-29","terminus":"EL CASAR","offset_index":0}},{"type":"Feature","id":"metro-route-517","geometry":{"type":"LineString","coordinates":[[-3.70942,40.31853],[-3.70929,40.32035],[-3.70926,40.32205],[-3.70931,40.32259],[-3.70947,40.32306],[-3.70958,40.3236],[-3.70994,40.32406],[-3.71019,40.32448],[-3.7106,40.32502],[-3.71086,40.32548],[-3.71142,40.32613],[-3.71208,40.32644],[-3.71264,40.32713],[-3.71346,40.32798],[-3.71417,40.32855],[-3.71468,40.32917],[-3.7154,40.32978],[-3.71596,40.33035],[-3.71687,40.33112],[-3.71749,40.33185],[-3.718,40.33266],[-3.71856,40.33362],[-3.71862,40.33451],[-3.71853,40.33528],[-3.71824,40.33617],[-3.71785,40.33722],[-3.7171,40.33807],[-3.7165,40.33896],[-3.71595,40.33939],[-3.7147,40.33998],[-3.71208,40.34107]]},"properties":{"kind":"route","mode":"metro","route":"3","name":"Metro 3","destination":"VILLAVERDE ALTO","direction":"1","color":"#FFBC00","source_date":"2026-05-29","terminus":"MONCLOA","offset_index":0}},{"type":"Feature","id":"metro-route-518","geometry":{"type":"LineString","coordinates":[[-3.60001,40.36388],[-3.612,40.36966],[-3.61305,40.37007]]},"properties":{"kind":"route","mode":"metro","route":"1","name":"Metro 1","destination":"LA GAVIA","direction":"2","color":"#009DE3","source_date":"2026-05-29","terminus":"PINAR DE CHAMARTIN","offset_index":0}},{"type":"Feature","id":"metro-route-519","geometry":{"type":"LineString","coordinates":[[-3.61892,40.3724],[-3.61838,40.37162],[-3.61764,40.37108],[-3.61653,40.37065],[-3.61509,40.37046],[-3.61372,40.37035],[-3.61306,40.3702]]},"properties":{"kind":"route","mode":"metro","route":"1","name":"Metro 1","destination":"LA GAVIA","direction":"1","color":"#009DE3","source_date":"2026-05-29","terminus":"VALDECARROS","offset_index":0}},{"type":"Feature","id":"metro-route-520","geometry":{"type":"LineString","coordinates":[[-3.61306,40.3702],[-3.61201,40.36979],[-3.59992,40.36399]]},"properties":{"kind":"route","mode":"metro","route":"1","name":"Metro 1","destination":"LAS SUERTES","direction":"1","color":"#009DE3","source_date":"2026-05-29","terminus":"VALDECARROS","offset_index":0}},{"type":"Feature","id":"metro-route-521","geometry":{"type":"LineString","coordinates":[[-3.59165,40.35976],[-3.59545,40.36161],[-3.59969,40.36374],[-3.60001,40.36388]]},"properties":{"kind":"route","mode":"metro","route":"1","name":"Metro 1","destination":"LAS SUERTES","direction":"2","color":"#009DE3","source_date":"2026-05-29","terminus":"PINAR DE CHAMARTIN","offset_index":0}},{"type":"Feature","id":"metro-route-522","geometry":{"type":"LineString","coordinates":[[-3.69519,40.39112],[-3.69234,40.39207],[-3.69063,40.39268],[-3.68926,40.39307]]},"properties":{"kind":"route","mode":"metro","route":"6-1","name":"Metro 6-1","destination":"ARGANZUELA-PLANETARIO","direction":"1","color":"#706F6E","source_date":"2026-05-29","terminus":"LAGUNA","offset_index":0}},{"type":"Feature","id":"metro-route-523","geometry":{"type":"LineString","coordinates":[[-3.67924,40.39574],[-3.68925,40.39303]]},"properties":{"kind":"route","mode":"metro","route":"6-2","name":"Metro 6-2","destination":"ARGANZUELA-PLANETARIO","direction":"1","color":"#706F6E","source_date":"2026-05-29","terminus":"LAGUNA","offset_index":0}},{"type":"Feature","id":"metro-route-524","geometry":{"type":"LineString","coordinates":[[-3.65008,40.42718],[-3.64958,40.42713],[-3.64886,40.42719],[-3.6473,40.42736],[-3.64672,40.42738],[-3.64618,40.42736],[-3.64562,40.42727],[-3.64499,40.427],[-3.63824,40.42322]]},"properties":{"kind":"route","mode":"metro","route":"2","name":"Metro 2","destination":"LA ALMUDENA","direction":"2","color":"#F54029","source_date":"2026-05-29","terminus":"LAS ROSAS","offset_index":0}},{"type":"Feature","id":"metro-route-525","geometry":{"type":"LineString","coordinates":[[-3.62416,40.41806],[-3.62458,40.41788],[-3.62521,40.41772],[-3.626,40.4176],[-3.62654,40.41761],[-3.62701,40.4177],[-3.62777,40.41798],[-3.63233,40.42016],[-3.63824,40.42314]]},"properties":{"kind":"route","mode":"metro","route":"2","name":"Metro 2","destination":"LA ALMUDENA","direction":"1","color":"#F54029","source_date":"2026-05-29","terminus":"CUATRO CAMINOS","offset_index":0}},{"type":"Feature","id":"metro-route-526","geometry":{"type":"LineString","coordinates":[[-3.61258,40.42227],[-3.62416,40.41806]]},"properties":{"kind":"route","mode":"metro","route":"2","name":"Metro 2","destination":"ALSACIA","direction":"1","color":"#F54029","source_date":"2026-05-29","terminus":"CUATRO CAMINOS","offset_index":0}},{"type":"Feature","id":"metro-route-527","geometry":{"type":"LineString","coordinates":[[-3.63824,40.42322],[-3.63216,40.4202],[-3.62773,40.41807],[-3.62717,40.41787],[-3.62685,40.41776],[-3.62644,40.41769],[-3.62597,40.41768],[-3.62543,40.41775],[-3.62469,40.41793],[-3.62419,40.41811]]},"properties":{"kind":"route","mode":"metro","route":"2","name":"Metro 2","destination":"ALSACIA","direction":"2","color":"#F54029","source_date":"2026-05-29","terminus":"LAS ROSAS","offset_index":0}},{"type":"Feature","id":"metro-route-528","geometry":{"type":"LineString","coordinates":[[-3.62419,40.41811],[-3.61261,40.42233]]},"properties":{"kind":"route","mode":"metro","route":"2","name":"Metro 2","destination":"AVENIDA DE GUADALAJARA","direction":"2","color":"#F54029","source_date":"2026-05-29","terminus":"LAS ROSAS","offset_index":0}},{"type":"Feature","id":"metro-route-529","geometry":{"type":"LineString","coordinates":[[-3.60286,40.42352],[-3.60507,40.42435],[-3.60584,40.42448],[-3.60616,40.42447],[-3.6066,40.42437],[-3.61258,40.42227]]},"properties":{"kind":"route","mode":"metro","route":"2","name":"Metro 2","destination":"AVENIDA DE GUADALAJARA","direction":"1","color":"#F54029","source_date":"2026-05-29","terminus":"CUATRO CAMINOS","offset_index":0}},{"type":"Feature","id":"metro-route-530","geometry":{"type":"LineString","coordinates":[[-3.61261,40.42233],[-3.60682,40.4244],[-3.60629,40.42456],[-3.60603,40.42459],[-3.60576,40.42458],[-3.60506,40.42445],[-3.60443,40.42423],[-3.60282,40.42361]]},"properties":{"kind":"route","mode":"metro","route":"2","name":"Metro 2","destination":"LAS ROSAS","direction":"2","color":"#F54029","source_date":"2026-05-29","terminus":"LAS ROSAS","offset_index":0}},{"type":"Feature","id":"metro-route-531","geometry":{"type":"LineString","coordinates":[[-3.71013,40.49933],[-3.71329,40.49811],[-3.71416,40.49782],[-3.71527,40.49753],[-3.71596,40.49739],[-3.71758,40.49712],[-3.71823,40.49694],[-3.71884,40.49667],[-3.71919,40.49644],[-3.71951,40.49617],[-3.71988,40.49572],[-3.72006,40.49539],[-3.72018,40.49505],[-3.72025,40.49469],[-3.72025,40.49451],[-3.72022,40.49416],[-3.72013,40.49381],[-3.71997,40.49347],[-3.71976,40.49315],[-3.71964,40.493],[-3.71935,40.49272],[-3.71901,40.49247],[-3.71864,40.49226],[-3.71785,40.49194]]},"properties":{"kind":"route","mode":"metro","route":"9A","name":"Metro 9A","destination":"MIRASIERRA","direction":"1","color":"#7B1265","source_date":"2026-05-29","terminus":"PUERTA DE ARGANDA","offset_index":0}},{"type":"Feature","id":"metro-route-532","geometry":{"type":"LineString","coordinates":[[-3.7079,40.48466],[-3.71073,40.48655],[-3.7114,40.48707],[-3.71194,40.48757],[-3.7123,40.48794],[-3.71253,40.4883],[-3.71266,40.48859],[-3.71284,40.48923],[-3.71302,40.4896],[-3.71331,40.48997],[-3.71365,40.49026],[-3.71397,40.49046],[-3.71435,40.49063],[-3.71787,40.49192]]},"properties":{"kind":"route","mode":"metro","route":"9A","name":"Metro 9A","destination":"MIRASIERRA","direction":"2","color":"#7B1265","source_date":"2026-05-29","terminus":"PACO DE LUCIA","offset_index":0}},{"type":"Feature","id":"metro-route-533","geometry":{"type":"LineString","coordinates":[[-3.71787,40.49192],[-3.71866,40.49224],[-3.71904,40.49245],[-3.71938,40.4927],[-3.71967,40.49299],[-3.71979,40.49314],[-3.72001,40.49346],[-3.72016,40.4938],[-3.72026,40.49415],[-3.72029,40.49451],[-3.72029,40.49469],[-3.72022,40.49505],[-3.72009,40.4954],[-3.71991,40.49573],[-3.71953,40.49619],[-3.71922,40.49646],[-3.71886,40.49669],[-3.71825,40.49697],[-3.71759,40.49715],[-3.71597,40.49741],[-3.71528,40.49755],[-3.71417,40.49784],[-3.71331,40.49814],[-3.71015,40.49935]]},"properties":{"kind":"route","mode":"metro","route":"9A","name":"Metro 9A","destination":"PACO DE LUCIA","direction":"2","color":"#7B1265","source_date":"2026-05-29","terminus":"PACO DE LUCIA","offset_index":0}},{"type":"Feature","id":"metro-route-534","geometry":{"type":"LineString","coordinates":[[-3.86436,40.32215],[-3.86584,40.32072],[-3.86619,40.32043],[-3.86665,40.32013],[-3.86724,40.31985],[-3.86791,40.31964],[-3.86857,40.31951],[-3.87038,40.31926],[-3.87095,40.31912],[-3.87146,40.31892],[-3.87198,40.31864],[-3.87247,40.31828],[-3.87297,40.31781],[-3.8738,40.31694]]},"properties":{"kind":"route","mode":"metro","route":"12-1","name":"Metro 12-1","destination":"HOSPITAL DE MOSTOLES","direction":"1","color":"#9C9100","source_date":"2026-05-29","terminus":"PUERTA DEL SUR","offset_index":0}},{"type":"Feature","id":"metro-route-535","geometry":{"type":"LineString","coordinates":[[-3.86356,40.30896],[-3.86677,40.30927],[-3.86761,40.30941],[-3.86838,40.30961],[-3.86893,40.30979],[-3.86963,40.31007],[-3.87369,40.31177],[-3.87423,40.31204],[-3.87462,40.3123],[-3.8749,40.31255],[-3.87509,40.31277],[-3.87526,40.31301],[-3.87543,40.31331],[-3.87554,40.31363],[-3.8756,40.31392],[-3.87562,40.31425],[-3.87559,40.31455],[-3.87553,40.31481],[-3.87544,40.31506],[-3.8753,40.31532],[-3.87516,40.31554],[-3.87485,40.3159],[-3.87385,40.31696]]},"properties":{"kind":"route","mode":"metro","route":"12-2","name":"Metro 12-2","destination":"HOSPITAL DE MOSTOLES","direction":"1","color":"#9C9100","source_date":"2026-05-29","terminus":"PUERTA DEL SUR","offset_index":0}},{"type":"Feature","id":"metro-route-536","geometry":{"type":"LineString","coordinates":[[-3.8738,40.31694],[-3.87481,40.31588],[-3.87515,40.31547],[-3.8754,40.31502],[-3.87548,40.31477],[-3.87554,40.31451],[-3.87556,40.31418],[-3.87554,40.31393],[-3.87547,40.31361],[-3.87536,40.31329],[-3.87521,40.31302],[-3.87502,40.31277],[-3.8748,40.31253],[-3.87451,40.31229],[-3.87401,40.31197],[-3.87338,40.31168],[-3.86964,40.31012],[-3.86897,40.30985],[-3.86834,40.30965],[-3.86757,40.30945],[-3.8667,40.3093],[-3.86355,40.309]]},"properties":{"kind":"route","mode":"metro","route":"12-1","name":"Metro 12-1","destination":"MANUELA MALASAÑA","direction":"1","color":"#9C9100","source_date":"2026-05-29","terminus":"PUERTA DEL SUR","offset_index":0}},{"type":"Feature","id":"metro-route-537","geometry":{"type":"LineString","coordinates":[[-3.83675,40.29672],[-3.84411,40.29666],[-3.84527,40.29669],[-3.84612,40.29678],[-3.84712,40.29698],[-3.848,40.29724],[-3.84876,40.29754],[-3.84951,40.29793],[-3.85013,40.29832],[-3.85071,40.29877],[-3.85125,40.29928],[-3.85187,40.3],[-3.85686,40.30619],[-3.85728,40.30664],[-3.85787,40.30716],[-3.8584,40.30753],[-3.85909,40.30792],[-3.85971,40.30821],[-3.8604,40.30845],[-3.86109,40.30864],[-3.86166,40.30875],[-3.86229,40.30884],[-3.86356,40.30896]]},"properties":{"kind":"route","mode":"metro","route":"12-2","name":"Metro 12-2","destination":"MANUELA MALASAÑA","direction":"1","color":"#9C9100","source_date":"2026-05-29","terminus":"PUERTA DEL SUR","offset_index":0}},{"type":"Feature","id":"metro-route-538","geometry":{"type":"LineString","coordinates":[[-3.84829,40.346],[-3.85393,40.34461],[-3.85477,40.34436],[-3.85554,40.34402],[-3.85869,40.3423],[-3.85929,40.34205],[-3.85985,40.34188],[-3.8609,40.34167],[-3.86436,40.3412],[-3.86496,40.34117],[-3.86662,40.34119],[-3.86722,40.34116],[-3.86777,40.3411],[-3.86848,40.34098],[-3.86905,40.34085],[-3.86972,40.34064],[-3.87033,40.34041],[-3.87093,40.3401],[-3.87124,40.33988],[-3.87147,40.33969],[-3.87172,40.33942],[-3.87188,40.3392],[-3.87204,40.33893],[-3.87215,40.33868],[-3.87225,40.3383],[-3.87229,40.33784],[-3.87218,40.33555]]},"properties":{"kind":"route","mode":"metro","route":"12-1","name":"Metro 12-1","destination":"UNIVERSIDAD REY JUAN CARLOS","direction":"1","color":"#9C9100","source_date":"2026-05-29","terminus":"PUERTA DEL SUR","offset_index":0}},{"type":"Feature","id":"metro-route-539","geometry":{"type":"LineString","coordinates":[[-3.86314,40.328],[-3.86376,40.3295],[-3.86402,40.32998],[-3.86424,40.33026],[-3.8645,40.33052],[-3.86482,40.33078],[-3.86516,40.33098],[-3.86548,40.33113],[-3.86586,40.33127],[-3.86655,40.33143],[-3.86713,40.33148],[-3.86879,40.3315],[-3.86922,40.33154],[-3.86964,40.33162],[-3.87004,40.33173],[-3.87047,40.3319],[-3.87085,40.33211],[-3.87123,40.33239],[-3.8715,40.33264],[-3.87173,40.33292],[-3.87191,40.33322],[-3.87205,40.33357],[-3.87216,40.33412],[-3.87224,40.33555]]},"properties":{"kind":"route","mode":"metro","route":"12-2","name":"Metro 12-2","destination":"UNIVERSIDAD REY JUAN CARLOS","direction":"1","color":"#9C9100","source_date":"2026-05-29","terminus":"PUERTA DEL SUR","offset_index":0}},{"type":"Feature","id":"metro-route-540","geometry":{"type":"LineString","coordinates":[[-3.87218,40.33555],[-3.8721,40.33413],[-3.872,40.33358],[-3.87185,40.33324],[-3.87167,40.33295],[-3.87145,40.33267],[-3.87118,40.33242],[-3.87085,40.33217],[-3.87045,40.33195],[-3.87004,40.33178],[-3.8696,40.33166],[-3.86919,40.33158],[-3.86877,40.33154],[-3.86717,40.33153],[-3.86652,40.33147],[-3.86614,40.3314],[-3.86578,40.33129],[-3.86514,40.33102],[-3.8648,40.33082],[-3.86449,40.33059],[-3.8642,40.3303],[-3.86396,40.32999],[-3.86367,40.32944],[-3.86308,40.32801]]},"properties":{"kind":"route","mode":"metro","route":"12-1","name":"Metro 12-1","destination":"MOSTOLES CENTRAL","direction":"1","color":"#9C9100","source_date":"2026-05-29","terminus":"PUERTA DEL SUR","offset_index":0}},{"type":"Feature","id":"metro-route-541","geometry":{"type":"LineString","coordinates":[[-3.8644,40.32218],[-3.86364,40.32294],[-3.86318,40.32354],[-3.863,40.32384],[-3.86283,40.32421],[-3.86269,40.32458],[-3.8626,40.32494],[-3.86254,40.32529],[-3.86252,40.32562],[-3.86252,40.32594],[-3.86257,40.32633],[-3.86273,40.32697],[-3.86314,40.328]]},"properties":{"kind":"route","mode":"metro","route":"12-2","name":"Metro 12-2","destination":"MOSTOLES CENTRAL","direction":"1","color":"#9C9100","source_date":"2026-05-29","terminus":"PUERTA DEL SUR","offset_index":0}},{"type":"Feature","id":"metro-route-542","geometry":{"type":"LineString","coordinates":[[-3.87385,40.31696],[-3.87295,40.3179],[-3.87251,40.31831],[-3.87202,40.31867],[-3.87149,40.31896],[-3.87097,40.31916],[-3.8704,40.3193],[-3.86859,40.31955],[-3.86793,40.31968],[-3.86734,40.31987],[-3.86672,40.32015],[-3.86633,40.3204],[-3.86591,40.32073],[-3.8644,40.32218]]},"properties":{"kind":"route","mode":"metro","route":"12-2","name":"Metro 12-2","destination":"PRADILLO","direction":"1","color":"#9C9100","source_date":"2026-05-29","terminus":"PUERTA DEL SUR","offset_index":0}},{"type":"Feature","id":"metro-route-543","geometry":{"type":"LineString","coordinates":[[-3.86308,40.32801],[-3.86267,40.32698],[-3.86251,40.32634],[-3.86246,40.32595],[-3.86246,40.32562],[-3.86248,40.32529],[-3.86254,40.32493],[-3.86263,40.32457],[-3.86277,40.32419],[-3.86295,40.32382],[-3.86313,40.32352],[-3.86359,40.32292],[-3.86436,40.32215]]},"properties":{"kind":"route","mode":"metro","route":"12-1","name":"Metro 12-1","destination":"PRADILLO","direction":"1","color":"#9C9100","source_date":"2026-05-29","terminus":"PUERTA DEL SUR","offset_index":0}},{"type":"Feature","id":"metro-route-544","geometry":{"type":"LineString","coordinates":[[-3.5967,40.40155],[-3.59605,40.40099],[-3.595,40.40018],[-3.59455,40.39987],[-3.59416,40.39965],[-3.59339,40.39933],[-3.59117,40.39851],[-3.59059,40.39835],[-3.58885,40.39795],[-3.58849,40.39783],[-3.58803,40.39765],[-3.58767,40.39746],[-3.58733,40.39725],[-3.58574,40.39607],[-3.58533,40.3958],[-3.58485,40.39554],[-3.5835,40.3949],[-3.58309,40.39466],[-3.58271,40.39441],[-3.58231,40.3941],[-3.582,40.39383],[-3.57711,40.38885],[-3.57658,40.38835],[-3.57609,40.38794],[-3.57523,40.38732],[-3.56472,40.38012],[-3.56342,40.37928],[-3.55721,40.3754],[-3.55609,40.37464],[-3.55548,40.37417],[-3.55482,40.37361],[-3.54892,40.36829],[-3.54803,40.36754],[-3.54731,40.36689]]},"properties":{"kind":"route","mode":"metro","route":"9B","name":"Metro 9B","destination":"RIVAS URBANIZACIONES","direction":"1","color":"#7B1265","source_date":"2026-05-29","terminus":"ARGANDA DEL REY","offset_index":0}},{"type":"Feature","id":"metro-route-545","geometry":{"type":"LineString","coordinates":[[-3.52484,40.3414],[-3.52574,40.34296],[-3.52622,40.34366],[-3.52655,40.34405],[-3.52691,40.34442],[-3.52734,40.34481],[-3.52777,40.34515],[-3.52848,40.34562],[-3.52929,40.34605],[-3.53349,40.34784],[-3.5341,40.34813],[-3.53469,40.34847],[-3.53539,40.34895],[-3.53766,40.3507],[-3.54018,40.35245],[-3.54083,40.35299],[-3.54135,40.35351],[-3.54172,40.35394],[-3.54209,40.35448],[-3.54347,40.35681],[-3.54379,40.35744],[-3.54406,40.35818],[-3.54421,40.35879],[-3.54426,40.35919],[-3.54429,40.35961],[-3.54428,40.36005],[-3.54421,40.36067],[-3.54395,40.36203],[-3.54391,40.3625],[-3.54392,40.36276],[-3.54398,40.36309],[-3.54415,40.36358],[-3.54444,40.36406],[-3.54488,40.36456],[-3.54573,40.36534],[-3.54663,40.36609],[-3.54744,40.36682]]},"properties":{"kind":"route","mode":"metro","route":"9B","name":"Metro 9B","destination":"RIVAS URBANIZACIONES","direction":"2","color":"#7B1265","source_date":"2026-05-29","terminus":"PUERTA DE ARGANDA","offset_index":0}},{"type":"Feature","id":"metro-route-546","geometry":{"type":"LineString","coordinates":[[-3.52479,40.34142],[-3.52201,40.33651],[-3.52174,40.33596],[-3.52147,40.33525],[-3.52135,40.3348],[-3.52126,40.33437],[-3.52119,40.33378],[-3.52118,40.33329],[-3.52122,40.33257],[-3.52146,40.33093],[-3.52147,40.33059],[-3.52144,40.33027],[-3.52135,40.32988],[-3.52122,40.32953],[-3.52104,40.32917],[-3.52057,40.32837]]},"properties":{"kind":"route","mode":"metro","route":"9B","name":"Metro 9B","destination":"RIVAS VACIAMADRID","direction":"1","color":"#7B1265","source_date":"2026-05-29","terminus":"ARGANDA DEL REY","offset_index":0}},{"type":"Feature","id":"metro-route-547","geometry":{"type":"LineString","coordinates":[[-3.47742,40.31898],[-3.47926,40.31911],[-3.48029,40.31909],[-3.48696,40.3184],[-3.48805,40.31825],[-3.48889,40.31804],[-3.48974,40.31773],[-3.4904,40.31742],[-3.49304,40.31608],[-3.49379,40.31576],[-3.49434,40.31558],[-3.49491,40.31543],[-3.4955,40.31532],[-3.49609,40.31525],[-3.49663,40.31522],[-3.49718,40.31522],[-3.49819,40.31531],[-3.50534,40.31653],[-3.50605,40.31671],[-3.50668,40.31695],[-3.50727,40.31724],[-3.50783,40.31759],[-3.50819,40.31787],[-3.50852,40.31818],[-3.51028,40.32007],[-3.51074,40.32046],[-3.51122,40.32078],[-3.51171,40.32104],[-3.51211,40.32122],[-3.514,40.3219],[-3.51452,40.32211],[-3.51509,40.32241],[-3.51568,40.3228],[-3.51771,40.32453],[-3.51822,40.32501],[-3.51872,40.32554],[-3.51923,40.32615],[-3.51968,40.32678],[-3.52063,40.32836]]},"properties":{"kind":"route","mode":"metro","route":"9B","name":"Metro 9B","destination":"RIVAS VACIAMADRID","direction":"2","color":"#7B1265","source_date":"2026-05-29","terminus":"PUERTA DE ARGANDA","offset_index":0}},{"type":"Feature","id":"metro-route-548","geometry":{"type":"LineString","coordinates":[[-3.52063,40.32836],[-3.52109,40.32915],[-3.52127,40.32952],[-3.5214,40.32987],[-3.52149,40.33027],[-3.52152,40.33059],[-3.52151,40.33093],[-3.52128,40.33257],[-3.52123,40.33329],[-3.52125,40.33378],[-3.52132,40.33437],[-3.5214,40.33479],[-3.52152,40.33524],[-3.52179,40.33594],[-3.52208,40.33652],[-3.52484,40.3414]]},"properties":{"kind":"route","mode":"metro","route":"9B","name":"Metro 9B","destination":"RIVAS FUTURA","direction":"2","color":"#7B1265","source_date":"2026-05-29","terminus":"PUERTA DE ARGANDA","offset_index":0}},{"type":"Feature","id":"metro-route-549","geometry":{"type":"LineString","coordinates":[[-3.54731,40.36689],[-3.54472,40.36447],[-3.54435,40.36403],[-3.54407,40.36355],[-3.5439,40.36304],[-3.54385,40.36254],[-3.54388,40.36209],[-3.54414,40.36072],[-3.54422,40.36002],[-3.54422,40.35959],[-3.54419,40.35916],[-3.54413,40.35873],[-3.54403,40.35829],[-3.54377,40.35754],[-3.54341,40.35681],[-3.54205,40.35451],[-3.54171,40.35402],[-3.54133,40.35357],[-3.54082,40.35305],[-3.54019,40.35253],[-3.53762,40.35073],[-3.53682,40.35014],[-3.53536,40.34898],[-3.53466,40.34851],[-3.53408,40.34818],[-3.53351,40.3479],[-3.52923,40.34608],[-3.52844,40.34565],[-3.52772,40.34518],[-3.52726,40.34482],[-3.52686,40.34445],[-3.5265,40.34408],[-3.52615,40.34367],[-3.5257,40.34301],[-3.52479,40.34142]]},"properties":{"kind":"route","mode":"metro","route":"9B","name":"Metro 9B","destination":"RIVAS FUTURA","direction":"1","color":"#7B1265","source_date":"2026-05-29","terminus":"ARGANDA DEL REY","offset_index":0}},{"type":"Feature","id":"metro-route-550","geometry":{"type":"LineString","coordinates":[[-3.52537,40.42344],[-3.52604,40.42517],[-3.52639,40.42556],[-3.52696,40.42577],[-3.52758,40.42592],[-3.52819,40.42592],[-3.53229,40.42507],[-3.53285,40.42491],[-3.53414,40.42465],[-3.53491,40.42459],[-3.53573,40.42458]]},"properties":{"kind":"route","mode":"metro","route":"7B","name":"Metro 7B","destination":"SAN FERNANDO","direction":"1","color":"#F55C24","source_date":"2026-05-29","terminus":"ESTADIO METROPOLITANO","offset_index":0}},{"type":"Feature","id":"metro-route-551","geometry":{"type":"LineString","coordinates":[[-3.5486,40.42545],[-3.54647,40.42483],[-3.54467,40.42461],[-3.54057,40.42443],[-3.53692,40.4246],[-3.53573,40.42461]]},"properties":{"kind":"route","mode":"metro","route":"7B","name":"Metro 7B","destination":"SAN FERNANDO","direction":"2","color":"#F55C24","source_date":"2026-05-29","terminus":"HOSPITAL DEL HENARES","offset_index":0}},{"type":"Feature","id":"metro-route-552","geometry":{"type":"LineString","coordinates":[[-3.52779,40.41742],[-3.52446,40.41819],[-3.52412,40.41831],[-3.52391,40.41854],[-3.52381,40.41873],[-3.52379,40.41889],[-3.52384,40.41918],[-3.52537,40.42344]]},"properties":{"kind":"route","mode":"metro","route":"7B","name":"Metro 7B","destination":"JARAMA","direction":"1","color":"#F55C24","source_date":"2026-05-29","terminus":"ESTADIO METROPOLITANO","offset_index":0}},{"type":"Feature","id":"metro-route-553","geometry":{"type":"LineString","coordinates":[[-3.53573,40.42461],[-3.53491,40.42463],[-3.53415,40.4247],[-3.53286,40.42495],[-3.53231,40.42511],[-3.5282,40.42597],[-3.52758,40.42596],[-3.52694,40.42582],[-3.52635,40.42559],[-3.52598,40.42519],[-3.52533,40.42345]]},"properties":{"kind":"route","mode":"metro","route":"7B","name":"Metro 7B","destination":"JARAMA","direction":"2","color":"#F55C24","source_date":"2026-05-29","terminus":"HOSPITAL DEL HENARES","offset_index":0}},{"type":"Feature","id":"metro-route-554","geometry":{"type":"LineString","coordinates":[[-3.53539,40.41813],[-3.5337,40.41738],[-3.53283,40.41706],[-3.53212,40.4169],[-3.5312,40.41682],[-3.53049,40.41686],[-3.52919,40.4171],[-3.52779,40.41742]]},"properties":{"kind":"route","mode":"metro","route":"7B","name":"Metro 7B","destination":"HENARES","direction":"1","color":"#F55C24","source_date":"2026-05-29","terminus":"ESTADIO METROPOLITANO","offset_index":0}},{"type":"Feature","id":"metro-route-555","geometry":{"type":"LineString","coordinates":[[-3.52533,40.42345],[-3.52469,40.42175],[-3.52378,40.41919],[-3.52373,40.41889],[-3.52375,40.41872],[-3.52386,40.41852],[-3.52408,40.41827],[-3.52444,40.41815],[-3.52778,40.41739]]},"properties":{"kind":"route","mode":"metro","route":"7B","name":"Metro 7B","destination":"HENARES","direction":"2","color":"#F55C24","source_date":"2026-05-29","terminus":"HOSPITAL DEL HENARES","offset_index":0}},{"type":"Feature","id":"metro-route-556","geometry":{"type":"LineString","coordinates":[[-3.62403,40.55088],[-3.62846,40.55164],[-3.62973,40.55223],[-3.6325,40.55381],[-3.63405,40.55449],[-3.63472,40.55458],[-3.63558,40.55447]]},"properties":{"kind":"route","mode":"metro","route":"10B","name":"Metro 10B","destination":"BAUNATAL","direction":"1","color":"#004287","source_date":"2026-05-29","terminus":"TRES OLIVOS","offset_index":0}},{"type":"Feature","id":"metro-route-557","geometry":{"type":"LineString","coordinates":[[-3.64718,40.55024],[-3.64564,40.5514],[-3.63996,40.55378],[-3.63878,40.55413],[-3.63558,40.5545]]},"properties":{"kind":"route","mode":"metro","route":"10B","name":"Metro 10B","destination":"BAUNATAL","direction":"2","color":"#004287","source_date":"2026-05-29","terminus":"HOSPITAL INFANTA SOFIA","offset_index":0}},{"type":"Feature","id":"metro-route-558","geometry":{"type":"LineString","coordinates":[[-3.61145,40.55984],[-3.6181,40.55268],[-3.61971,40.55161],[-3.62124,40.55077],[-3.6225,40.55061],[-3.62329,40.5507],[-3.62403,40.55088]]},"properties":{"kind":"route","mode":"metro","route":"10B","name":"Metro 10B","destination":"REYES CATOLICOS","direction":"1","color":"#004287","source_date":"2026-05-29","terminus":"TRES OLIVOS","offset_index":0}},{"type":"Feature","id":"metro-route-559","geometry":{"type":"LineString","coordinates":[[-3.63558,40.5545],[-3.63472,40.55462],[-3.63402,40.55452],[-3.63242,40.55385],[-3.62995,40.55243],[-3.62844,40.5517],[-3.62402,40.55092]]},"properties":{"kind":"route","mode":"metro","route":"10B","name":"Metro 10B","destination":"REYES CATOLICOS","direction":"2","color":"#004287","source_date":"2026-05-29","terminus":"HOSPITAL INFANTA SOFIA","offset_index":0}},{"type":"Feature","id":"metro-route-560","geometry":{"type":"LineString","coordinates":[[-3.62402,40.55092],[-3.62333,40.55077],[-3.62254,40.55068],[-3.62127,40.55083],[-3.61975,40.55165],[-3.61815,40.55272],[-3.61149,40.55987]]},"properties":{"kind":"route","mode":"metro","route":"10B","name":"Metro 10B","destination":"HOSPITAL INFANTA SOFIA","direction":"2","color":"#004287","source_date":"2026-05-29","terminus":"HOSPITAL INFANTA SOFIA","offset_index":0}},{"type":"Feature","id":"metro-station-1","geometry":{"type":"Point","coordinates":[-3.72604,40.4909]},"properties":{"kind":"station","mode":"metro","id":"153","name":"ARROYOFRESNO","routes":"7","route_keys":"|7|","accessible":"Step-free access","source_date":"2026-05-29"}},{"type":"Feature","id":"metro-station-2","geometry":{"type":"Point","coordinates":[-3.54728,40.36677]},"properties":{"kind":"station","mode":"metro","id":"183","name":"RIVAS URBANIZACIONES","routes":"9","route_keys":"|9|","accessible":"Step-free access","source_date":"2026-05-29"}},{"type":"Feature","id":"metro-station-3","geometry":{"type":"Point","coordinates":[-3.70742,40.42484]},"properties":{"kind":"station","mode":"metro","id":"38","name":"NOVICIADO","routes":"2, 3, 10","route_keys":"|2|3|10|","accessible":"","source_date":"2026-05-29"}},{"type":"Feature","id":"metro-station-4","geometry":{"type":"Point","coordinates":[-3.73563,40.41641]},"properties":{"kind":"station","mode":"metro","id":"199","name":"LAGO","routes":"10","route_keys":"|10|","accessible":"Step-free access","source_date":"2026-05-29"}},{"type":"Feature","id":"metro-station-5","geometry":{"type":"Point","coordinates":[-3.75311,40.40786]},"properties":{"kind":"station","mode":"metro","id":"200","name":"BATAN","routes":"10","route_keys":"|10|","accessible":"Step-free access","source_date":"2026-05-29"}},{"type":"Feature","id":"metro-station-6","geometry":{"type":"Point","coordinates":[-3.70326,40.41688]},"properties":{"kind":"station","mode":"metro","id":"12","name":"SOL","routes":"1, 2, 3","route_keys":"|1|2|3|","accessible":"Step-free access","source_date":"2026-05-29"}},{"type":"Feature","id":"metro-station-7","geometry":{"type":"Point","coordinates":[-3.70326,40.41685]},"properties":{"kind":"station","mode":"metro","id":"35","name":"SOL","routes":"1, 2, 3","route_keys":"|1|2|3|","accessible":"Step-free access","source_date":"2026-05-29"}},{"type":"Feature","id":"metro-station-8","geometry":{"type":"Point","coordinates":[-3.70326,40.41682]},"properties":{"kind":"station","mode":"metro","id":"48","name":"SOL","routes":"1, 2, 3","route_keys":"|1|2|3|","accessible":"Step-free access","source_date":"2026-05-29"}},{"type":"Feature","id":"metro-station-9","geometry":{"type":"Point","coordinates":[-3.69241,40.44662]},"properties":{"kind":"station","mode":"metro","id":"120","name":"NUEVOS MINISTERIOS","routes":"6, 8, 10","route_keys":"|6|8|10|","accessible":"Step-free access","source_date":"2026-05-29"}},{"type":"Feature","id":"metro-station-10","geometry":{"type":"Point","coordinates":[-3.66179,40.41147]},"properties":{"kind":"station","mode":"metro","id":"175","name":"ESTRELLA","routes":"9","route_keys":"|9|","accessible":"","source_date":"2026-05-29"}},{"type":"Feature","id":"metro-station-11","geometry":{"type":"Point","coordinates":[-3.69241,40.44659]},"properties":{"kind":"station","mode":"metro","id":"193","name":"NUEVOS MINISTERIOS","routes":"6, 8, 10","route_keys":"|6|8|10|","accessible":"Step-free access","source_date":"2026-05-29"}},{"type":"Feature","id":"metro-station-12","geometry":{"type":"Point","coordinates":[-3.67541,40.42917]},"properties":{"kind":"station","mode":"metro","id":"62","name":"LISTA","routes":"4","route_keys":"|4|","accessible":"","source_date":"2026-05-29"}},{"type":"Feature","id":"metro-station-13","geometry":{"type":"Point","coordinates":[-3.47745,40.31902]},"properties":{"kind":"station","mode":"metro","id":"185","name":"LA POVEDA","routes":"9","route_keys":"|9|","accessible":"Step-free access","source_date":"2026-05-29"}},{"type":"Feature","id":"metro-station-14","geometry":{"type":"Point","coordinates":[-3.76535,40.39057]},"properties":{"kind":"station","mode":"metro","id":"101","name":"EMPALME","routes":"5","route_keys":"|5|","accessible":"Step-free access","source_date":"2026-05-29"}},{"type":"Feature","id":"metro-station-15","geometry":{"type":"Point","coordinates":[-3.6629,40.47687]},"properties":{"kind":"station","mode":"metro","id":"265","name":"MANOTERAS","routes":"4","route_keys":"|4|","accessible":"Step-free access","source_date":"2026-05-29"}},{"type":"Feature","id":"metro-station-16","geometry":{"type":"Point","coordinates":[-3.69418,40.36999]},"properties":{"kind":"station","mode":"metro","id":"269","name":"SAN FERMIN-ORCASUR","routes":"3","route_keys":"|3|","accessible":"Step-free access","source_date":"2026-05-29"}},{"type":"Feature","id":"metro-station-17","geometry":{"type":"Point","coordinates":[-3.61884,40.37238]},"properties":{"kind":"station","mode":"metro","id":"27","name":"CONGOSTO","routes":"1","route_keys":"|1|","accessible":"Step-free access","source_date":"2026-05-29"}},{"type":"Feature","id":"metro-station-18","geometry":{"type":"Point","coordinates":[-3.69363,40.35959]},"properties":{"kind":"station","mode":"metro","id":"270","name":"CIUDAD DE LOS ANGELES","routes":"3","route_keys":"|3|","accessible":"Step-free access","source_date":"2026-05-29"}},{"type":"Feature","id":"metro-station-19","geometry":{"type":"Point","coordinates":[-3.69318,40.34154]},"properties":{"kind":"station","mode":"metro","id":"272","name":"SAN CRISTOBAL","routes":"3","route_keys":"|3|","accessible":"Step-free access","source_date":"2026-05-29"}},{"type":"Feature","id":"metro-station-20","geometry":{"type":"Point","coordinates":[-3.81249,40.34543]},"properties":{"kind":"station","mode":"metro","id":"209","name":"PUERTA DEL SUR","routes":"10, 12","route_keys":"|10|12|","accessible":"Step-free access","source_date":"2026-05-29"}},{"type":"Feature","id":"metro-station-21","geometry":{"type":"Point","coordinates":[-3.56119,40.42374]},"properties":{"kind":"station","mode":"metro","id":"288","name":"COSLADA CENTRAL","routes":"7","route_keys":"|7|","accessible":"Step-free access","source_date":"2026-05-29"}},{"type":"Feature","id":"metro-station-22","geometry":{"type":"Point","coordinates":[-3.6333,40.42842]},"properties":{"kind":"station","mode":"metro","id":"135","name":"GARCIA NOBLEJAS","routes":"7","route_keys":"|7|","accessible":"","source_date":"2026-05-29"}},{"type":"Feature","id":"metro-station-23","geometry":{"type":"Point","coordinates":[-3.652,40.4391]},"properties":{"kind":"station","mode":"metro","id":"138","name":"BARRIO DE LA CONCEPCION","routes":"7","route_keys":"|7|","accessible":"Step-free access","source_date":"2026-05-29"}},{"type":"Feature","id":"metro-station-24","geometry":{"type":"Point","coordinates":[-3.69937,40.41246]},"properties":{"kind":"station","mode":"metro","id":"14","name":"ANTON MARTIN","routes":"1","route_keys":"|1|","accessible":"","source_date":"2026-05-29"}},{"type":"Feature","id":"metro-station-25","geometry":{"type":"Point","coordinates":[-3.69148,40.43825]},"properties":{"kind":"station","mode":"metro","id":"142","name":"GREGORIO MARAÑON","routes":"7, 10","route_keys":"|7|10|","accessible":"Step-free access","source_date":"2026-05-29"}},{"type":"Feature","id":"metro-station-26","geometry":{"type":"Point","coordinates":[-3.69925,40.43838]},"properties":{"kind":"station","mode":"metro","id":"143","name":"ALONSO CANO","routes":"7","route_keys":"|7|","accessible":"Step-free access","source_date":"2026-05-29"}},{"type":"Feature","id":"metro-station-27","geometry":{"type":"Point","coordinates":[-3.71239,40.45648]},"properties":{"kind":"station","mode":"metro","id":"147","name":"FRANCOS RODRIGUEZ","routes":"7","route_keys":"|7|","accessible":"Step-free access","source_date":"2026-05-29"}},{"type":"Feature","id":"metro-station-28","geometry":{"type":"Point","coordinates":[-3.71769,40.47022]},"properties":{"kind":"station","mode":"metro","id":"149","name":"ANTONIO MACHADO","routes":"7","route_keys":"|7|","accessible":"Step-free access","source_date":"2026-05-29"}},{"type":"Feature","id":"metro-station-29","geometry":{"type":"Point","coordinates":[-3.44752,40.30367]},"properties":{"kind":"station","mode":"metro","id":"186","name":"ARGANDA DEL REY","routes":"9","route_keys":"|9|","accessible":"Step-free access","source_date":"2026-05-29"}},{"type":"Feature","id":"metro-station-30","geometry":{"type":"Point","coordinates":[-3.71582,40.47592]},"properties":{"kind":"station","mode":"metro","id":"150","name":"PEÑAGRANDE","routes":"7","route_keys":"|7|","accessible":"Step-free access","source_date":"2026-05-29"}},{"type":"Feature","id":"metro-station-31","geometry":{"type":"Point","coordinates":[-3.70751,40.48466]},"properties":{"kind":"station","mode":"metro","id":"161","name":"HERRERA ORIA","routes":"9","route_keys":"|9|","accessible":"","source_date":"2026-05-29"}},{"type":"Feature","id":"metro-station-32","geometry":{"type":"Point","coordinates":[-3.70316,40.47689]},"properties":{"kind":"station","mode":"metro","id":"162","name":"BARRIO DEL PILAR","routes":"9","route_keys":"|9|","accessible":"","source_date":"2026-05-29"}},{"type":"Feature","id":"metro-station-33","geometry":{"type":"Point","coordinates":[-3.79152,40.37771]},"properties":{"kind":"station","mode":"metro","id":"203","name":"CUATRO VIENTOS","routes":"10","route_keys":"|10|","accessible":"Step-free access","source_date":"2026-05-29"}},{"type":"Feature","id":"metro-station-34","geometry":{"type":"Point","coordinates":[-3.67738,40.45145]},"properties":{"kind":"station","mode":"metro","id":"168","name":"CONCHA ESPINA","routes":"9","route_keys":"|9|","accessible":"","source_date":"2026-05-29"}},{"type":"Feature","id":"metro-station-35","geometry":{"type":"Point","coordinates":[-3.69588,40.46944]},"properties":{"kind":"station","mode":"metro","id":"163","name":"VENTILLA","routes":"9","route_keys":"|9|","accessible":"","source_date":"2026-05-29"}},{"type":"Feature","id":"metro-station-36","geometry":{"type":"Point","coordinates":[-3.67917,40.46763]},"properties":{"kind":"station","mode":"metro","id":"165","name":"DUQUE DE PASTRANA","routes":"9","route_keys":"|9|","accessible":"","source_date":"2026-05-29"}},{"type":"Feature","id":"metro-station-37","geometry":{"type":"Point","coordinates":[-3.67579,40.463]},"properties":{"kind":"station","mode":"metro","id":"166","name":"PIO XII","routes":"9","route_keys":"|9|","accessible":"","source_date":"2026-05-29"}},{"type":"Feature","id":"metro-station-38","geometry":{"type":"Point","coordinates":[-3.71596,40.43066]},"properties":{"kind":"station","mode":"metro","id":"52","name":"ARGÜELLES","routes":"3, 4, 6","route_keys":"|3|4|6|","accessible":"Step-free access","source_date":"2026-05-29"}},{"type":"Feature","id":"metro-station-39","geometry":{"type":"Point","coordinates":[-3.63832,40.46938]},"properties":{"kind":"station","mode":"metro","id":"157","name":"MAR DE CRISTAL","routes":"4, 8","route_keys":"|4|8|","accessible":"Step-free access","source_date":"2026-05-29"}},{"type":"Feature","id":"metro-station-40","geometry":{"type":"Point","coordinates":[-3.71596,40.4306]},"properties":{"kind":"station","mode":"metro","id":"54","name":"ARGÜELLES","routes":"3, 4, 6","route_keys":"|3|4|6|","accessible":"Step-free access","source_date":"2026-05-29"}},{"type":"Feature","id":"metro-station-41","geometry":{"type":"Point","coordinates":[-3.53453,40.41761]},"properties":{"kind":"station","mode":"metro","id":"296","name":"HOSPITAL DEL HENARES","routes":"7","route_keys":"|7|","accessible":"Step-free access","source_date":"2026-05-29"}},{"type":"Feature","id":"metro-station-42","geometry":{"type":"Point","coordinates":[-3.71596,40.43053]},"properties":{"kind":"station","mode":"metro","id":"126","name":"ARGÜELLES","routes":"3, 4, 6","route_keys":"|3|4|6|","accessible":"Step-free access","source_date":"2026-05-29"}},{"type":"Feature","id":"metro-station-43","geometry":{"type":"Point","coordinates":[-3.70566,40.42014]},"properties":{"kind":"station","mode":"metro","id":"49","name":"CALLAO","routes":"3, 5","route_keys":"|3|5|","accessible":"Step-free access","source_date":"2026-05-29"}},{"type":"Feature","id":"metro-station-44","geometry":{"type":"Point","coordinates":[-3.70566,40.42008]},"properties":{"kind":"station","mode":"metro","id":"88","name":"CALLAO","routes":"3, 5","route_keys":"|3|5|","accessible":"Step-free access","source_date":"2026-05-29"}},{"type":"Feature","id":"metro-station-45","geometry":{"type":"Point","coordinates":[-3.70557,40.43001]},"properties":{"kind":"station","mode":"metro","id":"39","name":"SAN BERNARDO","routes":"2, 4","route_keys":"|2|4|","accessible":"","source_date":"2026-05-29"}},{"type":"Feature","id":"metro-station-46","geometry":{"type":"Point","coordinates":[-3.70302,40.45429]},"properties":{"kind":"station","mode":"metro","id":"4","name":"ESTRECHO","routes":"1","route_keys":"|1|","accessible":"","source_date":"2026-05-29"}},{"type":"Feature","id":"metro-station-47","geometry":{"type":"Point","coordinates":[-3.86402,40.30903]},"properties":{"kind":"station","mode":"metro","id":"217","name":"MANUELA MALASAÑA","routes":"12","route_keys":"|12|","accessible":"Step-free access","source_date":"2026-05-29"}},{"type":"Feature","id":"metro-station-48","geometry":{"type":"Point","coordinates":[-3.70935,40.41809]},"properties":{"kind":"station","mode":"metro","id":"89","name":"OPERA","routes":"2, 5, R","route_keys":"|2|5|R|","accessible":"Step-free access","source_date":"2026-05-29"}},{"type":"Feature","id":"metro-station-49","geometry":{"type":"Point","coordinates":[-3.70928,40.41809]},"properties":{"kind":"station","mode":"metro","id":"237","name":"OPERA","routes":"2, 5, R","route_keys":"|2|5|R|","accessible":"Step-free access","source_date":"2026-05-29"}},{"type":"Feature","id":"metro-station-50","geometry":{"type":"Point","coordinates":[-3.71837,40.3846]},"properties":{"kind":"station","mode":"metro","id":"108","name":"PLAZA ELIPTICA","routes":"6, 11","route_keys":"|6|11|","accessible":"Step-free access","source_date":"2026-05-29"}},{"type":"Feature","id":"metro-station-51","geometry":{"type":"Point","coordinates":[-3.56954,40.46864]},"properties":{"kind":"station","mode":"metro","id":"159","name":"AEROPUERTO T1-T2-T3","routes":"8","route_keys":"|8|","accessible":"Step-free access","source_date":"2026-05-29"}},{"type":"Feature","id":"metro-station-52","geometry":{"type":"Point","coordinates":[-3.71825,40.3846]},"properties":{"kind":"station","mode":"metro","id":"206","name":"PLAZA ELIPTICA","routes":"6, 11","route_keys":"|6|11|","accessible":"Step-free access","source_date":"2026-05-29"}},{"type":"Feature","id":"metro-station-53","geometry":{"type":"Point","coordinates":[-3.67664,40.43803]},"properties":{"kind":"station","mode":"metro","id":"64","name":"AVENIDA DE AMERICA","routes":"4, 6, 7, 9","route_keys":"|4|6|7|9|","accessible":"","source_date":"2026-05-29"}},{"type":"Feature","id":"metro-station-54","geometry":{"type":"Point","coordinates":[-3.67658,40.43804]},"properties":{"kind":"station","mode":"metro","id":"118","name":"AVENIDA DE AMERICA","routes":"4, 6, 7, 9","route_keys":"|4|6|7|9|","accessible":"","source_date":"2026-05-29"}},{"type":"Feature","id":"metro-station-55","geometry":{"type":"Point","coordinates":[-3.67653,40.43804]},"properties":{"kind":"station","mode":"metro","id":"141","name":"AVENIDA DE AMERICA","routes":"4, 6, 7, 9","route_keys":"|4|6|7|9|","accessible":"","source_date":"2026-05-29"}},{"type":"Feature","id":"metro-station-56","geometry":{"type":"Point","coordinates":[-3.67647,40.43804]},"properties":{"kind":"station","mode":"metro","id":"170","name":"AVENIDA DE AMERICA","routes":"4, 6, 7, 9","route_keys":"|4|6|7|9|","accessible":"","source_date":"2026-05-29"}},{"type":"Feature","id":"metro-station-57","geometry":{"type":"Point","coordinates":[-3.66926,40.4279]},"properties":{"kind":"station","mode":"metro","id":"29","name":"MANUEL BECERRA","routes":"2, 6","route_keys":"|2|6|","accessible":"","source_date":"2026-05-29"}},{"type":"Feature","id":"metro-station-58","geometry":{"type":"Point","coordinates":[-3.70397,40.44697]},"properties":{"kind":"station","mode":"metro","id":"6","name":"CUATRO CAMINOS","routes":"1, 2, 6","route_keys":"|1|2|6|","accessible":"Step-free access","source_date":"2026-05-29"}},{"type":"Feature","id":"metro-station-59","geometry":{"type":"Point","coordinates":[-3.70392,40.44697]},"properties":{"kind":"station","mode":"metro","id":"42","name":"CUATRO CAMINOS","routes":"1, 2, 6","route_keys":"|1|2|6|","accessible":"Step-free access","source_date":"2026-05-29"}},{"type":"Feature","id":"metro-station-60","geometry":{"type":"Point","coordinates":[-3.70387,40.44697]},"properties":{"kind":"station","mode":"metro","id":"121","name":"CUATRO CAMINOS","routes":"1, 2, 6","route_keys":"|1|2|6|","accessible":"Step-free access","source_date":"2026-05-29"}},{"type":"Feature","id":"metro-station-61","geometry":{"type":"Point","coordinates":[-3.66921,40.4279]},"properties":{"kind":"station","mode":"metro","id":"116","name":"MANUEL BECERRA","routes":"2, 6","route_keys":"|2|6|","accessible":"","source_date":"2026-05-29"}},{"type":"Feature","id":"metro-station-62","geometry":{"type":"Point","coordinates":[-3.77462,40.39698]},"properties":{"kind":"station","mode":"metro","id":"202","name":"COLONIA JARDIN","routes":"10","route_keys":"|10|","accessible":"Step-free access","source_date":"2026-05-29"}},{"type":"Feature","id":"metro-station-63","geometry":{"type":"Point","coordinates":[-3.65257,40.47537]},"properties":{"kind":"station","mode":"metro","id":"264","name":"HORTALEZA","routes":"4","route_keys":"|4|","accessible":"Step-free access","source_date":"2026-05-29"}},{"type":"Feature","id":"metro-station-64","geometry":{"type":"Point","coordinates":[-3.5206,40.32837]},"properties":{"kind":"station","mode":"metro","id":"184","name":"RIVAS VACIAMADRID","routes":"9","route_keys":"|9|","accessible":"Step-free access","source_date":"2026-05-29"}},{"type":"Feature","id":"metro-station-65","geometry":{"type":"Point","coordinates":[-3.70331,40.45033]},"properties":{"kind":"station","mode":"metro","id":"5","name":"ALVARADO","routes":"1","route_keys":"|1|","accessible":"","source_date":"2026-05-29"}},{"type":"Feature","id":"metro-station-66","geometry":{"type":"Point","coordinates":[-3.7112,40.42342]},"properties":{"kind":"station","mode":"metro","id":"50","name":"PLAZA DE ESPAÑA","routes":"2, 3, 10","route_keys":"|2|3|10|","accessible":"Step-free access","source_date":"2026-05-29"}},{"type":"Feature","id":"metro-station-67","geometry":{"type":"Point","coordinates":[-3.71341,40.42709]},"properties":{"kind":"station","mode":"metro","id":"51","name":"VENTURA RODRIGUEZ","routes":"3","route_keys":"|3|","accessible":"Step-free access","source_date":"2026-05-29"}},{"type":"Feature","id":"metro-station-68","geometry":{"type":"Point","coordinates":[-3.66944,40.50833]},"properties":{"kind":"station","mode":"metro","id":"276","name":"LAS TABLAS","routes":"10","route_keys":"|10|","accessible":"Step-free access","source_date":"2026-05-29"}},{"type":"Feature","id":"metro-station-69","geometry":{"type":"Point","coordinates":[-3.6952,40.5012]},"properties":{"kind":"station","mode":"metro","id":"274","name":"TRES OLIVOS","routes":"10","route_keys":"|10|","accessible":"Step-free access","source_date":"2026-05-29"}},{"type":"Feature","id":"metro-station-70","geometry":{"type":"Point","coordinates":[-3.63738,40.54102]},"properties":{"kind":"station","mode":"metro","id":"280","name":"MARQUES DE LA VALDAVIA","routes":"10","route_keys":"|10|","accessible":"Step-free access","source_date":"2026-05-29"}},{"type":"Feature","id":"metro-station-71","geometry":{"type":"Point","coordinates":[-3.63513,40.55442]},"properties":{"kind":"station","mode":"metro","id":"282","name":"BAUNATAL","routes":"10","route_keys":"|10|","accessible":"Step-free access","source_date":"2026-05-29"}},{"type":"Feature","id":"metro-station-72","geometry":{"type":"Point","coordinates":[-3.65391,40.39156]},"properties":{"kind":"station","mode":"metro","id":"22","name":"BUENOS AIRES","routes":"1","route_keys":"|1|","accessible":"","source_date":"2026-05-29"}},{"type":"Feature","id":"metro-station-73","geometry":{"type":"Point","coordinates":[-3.66906,40.39819]},"properties":{"kind":"station","mode":"metro","id":"19","name":"PUENTE DE VALLECAS","routes":"1","route_keys":"|1|","accessible":"","source_date":"2026-05-29"}},{"type":"Feature","id":"metro-station-74","geometry":{"type":"Point","coordinates":[-3.63512,40.40051]},"properties":{"kind":"station","mode":"metro","id":"178","name":"PAVONES","routes":"9","route_keys":"|9|","accessible":"Step-free access","source_date":"2026-05-29"}},{"type":"Feature","id":"metro-station-75","geometry":{"type":"Point","coordinates":[-3.71199,40.34123]},"properties":{"kind":"station","mode":"metro","id":"273","name":"VILLAVERDE ALTO","routes":"3","route_keys":"|3|","accessible":"Step-free access","source_date":"2026-05-29"}},{"type":"Feature","id":"metro-station-76","geometry":{"type":"Point","coordinates":[-3.69249,40.40885]},"properties":{"kind":"station","mode":"metro","id":"15","name":"ESTACION DEL ARTE","routes":"1","route_keys":"|1|","accessible":"","source_date":"2026-05-29"}},{"type":"Feature","id":"metro-station-77","geometry":{"type":"Point","coordinates":[-3.68938,40.40659]},"properties":{"kind":"station","mode":"metro","id":"16","name":"ATOCHA","routes":"1","route_keys":"|1|","accessible":"Step-free access","source_date":"2026-05-29"}},{"type":"Feature","id":"metro-station-78","geometry":{"type":"Point","coordinates":[-3.70942,40.41809]},"properties":{"kind":"station","mode":"metro","id":"36","name":"OPERA","routes":"2, 5, R","route_keys":"|2|5|R|","accessible":"Step-free access","source_date":"2026-05-29"}},{"type":"Feature","id":"metro-station-79","geometry":{"type":"Point","coordinates":[-3.69594,40.42772]},"properties":{"kind":"station","mode":"metro","id":"57","name":"ALONSO MARTINEZ","routes":"4, 5, 10","route_keys":"|4|5|10|","accessible":"","source_date":"2026-05-29"}},{"type":"Feature","id":"metro-station-80","geometry":{"type":"Point","coordinates":[-3.69825,40.46055]},"properties":{"kind":"station","mode":"metro","id":"3","name":"TETUAN","routes":"1","route_keys":"|1|","accessible":"","source_date":"2026-05-29"}},{"type":"Feature","id":"metro-station-81","geometry":{"type":"Point","coordinates":[-3.61346,40.37019]},"properties":{"kind":"station","mode":"metro","id":"293","name":"LA GAVIA","routes":"1","route_keys":"|1|","accessible":"Step-free access","source_date":"2026-05-29"}},{"type":"Feature","id":"metro-station-82","geometry":{"type":"Point","coordinates":[-3.69101,40.42542]},"properties":{"kind":"station","mode":"metro","id":"58","name":"COLON","routes":"4","route_keys":"|4|","accessible":"","source_date":"2026-05-29"}},{"type":"Feature","id":"metro-station-83","geometry":{"type":"Point","coordinates":[-3.69925,40.41805]},"properties":{"kind":"station","mode":"metro","id":"34","name":"SEVILLA","routes":"2","route_keys":"|2|","accessible":"Step-free access","source_date":"2026-05-29"}},{"type":"Feature","id":"metro-station-84","geometry":{"type":"Point","coordinates":[-3.67591,40.42455]},"properties":{"kind":"station","mode":"metro","id":"30","name":"GOYA","routes":"2, 4","route_keys":"|2|4|","accessible":"Step-free access","source_date":"2026-05-29"}},{"type":"Feature","id":"metro-station-85","geometry":{"type":"Point","coordinates":[-3.68012,40.42294]},"properties":{"kind":"station","mode":"metro","id":"31","name":"PRINCIPE DE VERGARA","routes":"2, 9","route_keys":"|2|9|","accessible":"Step-free access","source_date":"2026-05-29"}},{"type":"Feature","id":"metro-station-86","geometry":{"type":"Point","coordinates":[-3.68624,40.42031]},"properties":{"kind":"station","mode":"metro","id":"32","name":"RETIRO","routes":"2","route_keys":"|2|","accessible":"","source_date":"2026-05-29"}},{"type":"Feature","id":"metro-station-87","geometry":{"type":"Point","coordinates":[-3.69497,40.41922]},"properties":{"kind":"station","mode":"metro","id":"33","name":"BANCO DE ESPAÑA","routes":"2","route_keys":"|2|","accessible":"","source_date":"2026-05-29"}},{"type":"Feature","id":"metro-station-88","geometry":{"type":"Point","coordinates":[-3.70796,40.42132]},"properties":{"kind":"station","mode":"metro","id":"37","name":"SANTO DOMINGO","routes":"2","route_keys":"|2|","accessible":"","source_date":"2026-05-29"}},{"type":"Feature","id":"metro-station-89","geometry":{"type":"Point","coordinates":[-3.61547,40.42799]},"properties":{"kind":"station","mode":"metro","id":"133","name":"SAN BLAS","routes":"7","route_keys":"|7|","accessible":"","source_date":"2026-05-29"}},{"type":"Feature","id":"metro-station-90","geometry":{"type":"Point","coordinates":[-3.62572,40.42799]},"properties":{"kind":"station","mode":"metro","id":"134","name":"SIMANCAS","routes":"7","route_keys":"|7|","accessible":"","source_date":"2026-05-29"}},{"type":"Feature","id":"metro-station-91","geometry":{"type":"Point","coordinates":[-3.6668,40.48014]},"properties":{"kind":"station","mode":"metro","id":"263","name":"PINAR DE CHAMARTIN","routes":"1, 4","route_keys":"|1|4|","accessible":"Step-free access","source_date":"2026-05-29"}},{"type":"Feature","id":"metro-station-92","geometry":{"type":"Point","coordinates":[-3.66676,40.48014]},"properties":{"kind":"station","mode":"metro","id":"266","name":"PINAR DE CHAMARTIN","routes":"1, 4","route_keys":"|1|4|","accessible":"Step-free access","source_date":"2026-05-29"}},{"type":"Feature","id":"metro-station-93","geometry":{"type":"Point","coordinates":[-3.60017,40.4334]},"properties":{"kind":"station","mode":"metro","id":"286","name":"ESTADIO METROPOLITANO","routes":"7","route_keys":"|7|","accessible":"Step-free access","source_date":"2026-05-29"}},{"type":"Feature","id":"metro-station-94","geometry":{"type":"Point","coordinates":[-3.59325,40.49177]},"properties":{"kind":"station","mode":"metro","id":"285","name":"AEROPUERTO T-4","routes":"8","route_keys":"|8|","accessible":"Step-free access","source_date":"2026-05-29"}},{"type":"Feature","id":"metro-station-95","geometry":{"type":"Point","coordinates":[-3.52479,40.34134]},"properties":{"kind":"station","mode":"metro","id":"300","name":"RIVAS FUTURA","routes":"9","route_keys":"|9|","accessible":"Step-free access","source_date":"2026-05-29"}},{"type":"Feature","id":"metro-station-96","geometry":{"type":"Point","coordinates":[-3.58752,40.45779]},"properties":{"kind":"station","mode":"metro","id":"252","name":"ALAMEDA DE OSUNA","routes":"5","route_keys":"|5|","accessible":"Step-free access","source_date":"2026-05-29"}},{"type":"Feature","id":"metro-station-97","geometry":{"type":"Point","coordinates":[-3.69585,40.37503]},"properties":{"kind":"station","mode":"metro","id":"268","name":"HOSPITAL 12 DE OCTUBRE","routes":"3","route_keys":"|3|","accessible":"Step-free access","source_date":"2026-05-29"}},{"type":"Feature","id":"metro-station-98","geometry":{"type":"Point","coordinates":[-3.69788,40.38409]},"properties":{"kind":"station","mode":"metro","id":"267","name":"ALMENDRALES","routes":"3","route_keys":"|3|","accessible":"Step-free access","source_date":"2026-05-29"}},{"type":"Feature","id":"metro-station-99","geometry":{"type":"Point","coordinates":[-3.71943,40.44644]},"properties":{"kind":"station","mode":"metro","id":"123","name":"VICENTE ALEIXANDRE","routes":"6","route_keys":"|6|","accessible":"","source_date":"2026-05-29"}},{"type":"Feature","id":"metro-station-100","geometry":{"type":"Point","coordinates":[-3.72724,40.4139]},"properties":{"kind":"station","mode":"metro","id":"128","name":"PUERTA DEL ANGEL","routes":"6","route_keys":"|6|","accessible":"","source_date":"2026-05-29"}},{"type":"Feature","id":"metro-station-101","geometry":{"type":"Point","coordinates":[-3.73894,40.40993]},"properties":{"kind":"station","mode":"metro","id":"129","name":"ALTO DE EXTREMADURA","routes":"6","route_keys":"|6|","accessible":"","source_date":"2026-05-29"}},{"type":"Feature","id":"metro-station-102","geometry":{"type":"Point","coordinates":[-3.70466,40.41235]},"properties":{"kind":"station","mode":"metro","id":"13","name":"TIRSO DE MOLINA","routes":"1","route_keys":"|1|","accessible":"","source_date":"2026-05-29"}},{"type":"Feature","id":"metro-station-103","geometry":{"type":"Point","coordinates":[-3.7009,40.40851]},"properties":{"kind":"station","mode":"metro","id":"47","name":"LAVAPIES","routes":"3","route_keys":"|3|","accessible":"Step-free access","source_date":"2026-05-29"}},{"type":"Feature","id":"metro-station-104","geometry":{"type":"Point","coordinates":[-3.73403,40.30993]},"properties":{"kind":"station","mode":"metro","id":"226","name":"GETAFE CENTRAL","routes":"12","route_keys":"|12|","accessible":"Step-free access","source_date":"2026-05-29"}},{"type":"Feature","id":"metro-station-105","geometry":{"type":"Point","coordinates":[-3.70133,40.44198]},"properties":{"kind":"station","mode":"metro","id":"7","name":"RIOS ROSAS","routes":"1","route_keys":"|1|","accessible":"","source_date":"2026-05-29"}},{"type":"Feature","id":"metro-station-106","geometry":{"type":"Point","coordinates":[-3.7011,40.42619]},"properties":{"kind":"station","mode":"metro","id":"10","name":"TRIBUNAL","routes":"1, 10","route_keys":"|1|10|","accessible":"Step-free access","source_date":"2026-05-29"}},{"type":"Feature","id":"metro-station-107","geometry":{"type":"Point","coordinates":[-3.76813,40.39481]},"properties":{"kind":"station","mode":"metro","id":"102","name":"CAMPAMENTO","routes":"5","route_keys":"|5|","accessible":"","source_date":"2026-05-29"}},{"type":"Feature","id":"metro-station-108","geometry":{"type":"Point","coordinates":[-3.74099,40.3927]},"properties":{"kind":"station","mode":"metro","id":"105","name":"CARPETANA","routes":"6","route_keys":"|6|","accessible":"Step-free access","source_date":"2026-05-29"}},{"type":"Feature","id":"metro-station-109","geometry":{"type":"Point","coordinates":[-3.72313,40.3869]},"properties":{"kind":"station","mode":"metro","id":"107","name":"OPAÑEL","routes":"6","route_keys":"|6|","accessible":"","source_date":"2026-05-29"}},{"type":"Feature","id":"metro-station-110","geometry":{"type":"Point","coordinates":[-3.7069,40.3871]},"properties":{"kind":"station","mode":"metro","id":"109","name":"USERA","routes":"6","route_keys":"|6|","accessible":"","source_date":"2026-05-29"}},{"type":"Feature","id":"metro-station-111","geometry":{"type":"Point","coordinates":[-3.67041,40.40697]},"properties":{"kind":"station","mode":"metro","id":"113","name":"CONDE DE CASAL","routes":"6","route_keys":"|6|","accessible":"Step-free access","source_date":"2026-05-29"}},{"type":"Feature","id":"metro-station-112","geometry":{"type":"Point","coordinates":[-3.6686,40.42289]},"properties":{"kind":"station","mode":"metro","id":"115","name":"O'DONNELL","routes":"6","route_keys":"|6|","accessible":"","source_date":"2026-05-29"}},{"type":"Feature","id":"metro-station-113","geometry":{"type":"Point","coordinates":[-3.58253,40.47577]},"properties":{"kind":"station","mode":"metro","id":"160","name":"BARAJAS","routes":"8","route_keys":"|8|","accessible":"Step-free access","source_date":"2026-05-29"}},{"type":"Feature","id":"metro-station-114","geometry":{"type":"Point","coordinates":[-3.67386,40.40207]},"properties":{"kind":"station","mode":"metro","id":"112","name":"PACIFICO","routes":"1, 6","route_keys":"|1|6|","accessible":"Step-free access","source_date":"2026-05-29"}},{"type":"Feature","id":"metro-station-115","geometry":{"type":"Point","coordinates":[-3.72963,40.32907]},"properties":{"kind":"station","mode":"metro","id":"230","name":"EL BERCIAL","routes":"12","route_keys":"|12|","accessible":"Step-free access","source_date":"2026-05-29"}},{"type":"Feature","id":"metro-station-116","geometry":{"type":"Point","coordinates":[-3.76797,40.32177]},"properties":{"kind":"station","mode":"metro","id":"234","name":"HOSPITAL SEVERO OCHOA","routes":"12","route_keys":"|12|","accessible":"Step-free access","source_date":"2026-05-29"}},{"type":"Feature","id":"metro-station-117","geometry":{"type":"Point","coordinates":[-3.68663,40.42543]},"properties":{"kind":"station","mode":"metro","id":"59","name":"SERRANO","routes":"4","route_keys":"|4|","accessible":"","source_date":"2026-05-29"}},{"type":"Feature","id":"metro-station-118","geometry":{"type":"Point","coordinates":[-3.68292,40.42503]},"properties":{"kind":"station","mode":"metro","id":"60","name":"VELAZQUEZ","routes":"4","route_keys":"|4|","accessible":"","source_date":"2026-05-29"}},{"type":"Feature","id":"metro-station-119","geometry":{"type":"Point","coordinates":[-3.67495,40.43468]},"properties":{"kind":"station","mode":"metro","id":"63","name":"DIEGO DE LEON","routes":"4, 5, 6","route_keys":"|4|5|6|","accessible":"","source_date":"2026-05-29"}},{"type":"Feature","id":"metro-station-120","geometry":{"type":"Point","coordinates":[-3.69575,40.50525]},"properties":{"kind":"station","mode":"metro","id":"275","name":"MONTECARMELO","routes":"10","route_keys":"|10|","accessible":"Step-free access","source_date":"2026-05-29"}},{"type":"Feature","id":"metro-station-121","geometry":{"type":"Point","coordinates":[-3.67482,40.44419]},"properties":{"kind":"station","mode":"metro","id":"65","name":"PROSPERIDAD","routes":"4","route_keys":"|4|","accessible":"","source_date":"2026-05-29"}},{"type":"Feature","id":"metro-station-122","geometry":{"type":"Point","coordinates":[-3.66791,40.44825]},"properties":{"kind":"station","mode":"metro","id":"66","name":"ALFONSO XIII","routes":"4","route_keys":"|4|","accessible":"","source_date":"2026-05-29"}},{"type":"Feature","id":"metro-station-123","geometry":{"type":"Point","coordinates":[-3.66118,40.45354]},"properties":{"kind":"station","mode":"metro","id":"67","name":"AVENIDA DE LA PAZ","routes":"4","route_keys":"|4|","accessible":"","source_date":"2026-05-29"}},{"type":"Feature","id":"metro-station-124","geometry":{"type":"Point","coordinates":[-3.65618,40.45583]},"properties":{"kind":"station","mode":"metro","id":"68","name":"ARTURO SORIA","routes":"4","route_keys":"|4|","accessible":"","source_date":"2026-05-29"}},{"type":"Feature","id":"metro-station-125","geometry":{"type":"Point","coordinates":[-3.64582,40.45945]},"properties":{"kind":"station","mode":"metro","id":"69","name":"ESPERANZA","routes":"4","route_keys":"|4|","accessible":"","source_date":"2026-05-29"}},{"type":"Feature","id":"metro-station-126","geometry":{"type":"Point","coordinates":[-3.6356,40.46381]},"properties":{"kind":"station","mode":"metro","id":"70","name":"CANILLAS","routes":"4","route_keys":"|4|","accessible":"Step-free access","source_date":"2026-05-29"}},{"type":"Feature","id":"metro-station-127","geometry":{"type":"Point","coordinates":[-3.63832,40.46943]},"properties":{"kind":"station","mode":"metro","id":"71","name":"MAR DE CRISTAL","routes":"4, 8","route_keys":"|4|8|","accessible":"Step-free access","source_date":"2026-05-29"}},{"type":"Feature","id":"metro-station-128","geometry":{"type":"Point","coordinates":[-3.63958,40.47447]},"properties":{"kind":"station","mode":"metro","id":"72","name":"SAN LORENZO","routes":"4","route_keys":"|4|","accessible":"Step-free access","source_date":"2026-05-29"}},{"type":"Feature","id":"metro-station-129","geometry":{"type":"Point","coordinates":[-3.64524,40.47711]},"properties":{"kind":"station","mode":"metro","id":"73","name":"PARQUE DE SANTA MARIA","routes":"4","route_keys":"|4|","accessible":"Step-free access","source_date":"2026-05-29"}},{"type":"Feature","id":"metro-station-130","geometry":{"type":"Point","coordinates":[-3.60816,40.44942]},"properties":{"kind":"station","mode":"metro","id":"74","name":"CANILLEJAS","routes":"5","route_keys":"|5|","accessible":"","source_date":"2026-05-29"}},{"type":"Feature","id":"metro-station-131","geometry":{"type":"Point","coordinates":[-3.61699,40.44374]},"properties":{"kind":"station","mode":"metro","id":"75","name":"TORRE ARIAS","routes":"5","route_keys":"|5|","accessible":"","source_date":"2026-05-29"}},{"type":"Feature","id":"metro-station-132","geometry":{"type":"Point","coordinates":[-3.62684,40.44085]},"properties":{"kind":"station","mode":"metro","id":"76","name":"SUANZES","routes":"5","route_keys":"|5|","accessible":"","source_date":"2026-05-29"}},{"type":"Feature","id":"metro-station-133","geometry":{"type":"Point","coordinates":[-3.63816,40.43805]},"properties":{"kind":"station","mode":"metro","id":"77","name":"CIUDAD LINEAL","routes":"5","route_keys":"|5|","accessible":"","source_date":"2026-05-29"}},{"type":"Feature","id":"metro-station-134","geometry":{"type":"Point","coordinates":[-3.64736,40.43358]},"properties":{"kind":"station","mode":"metro","id":"79","name":"QUINTANA","routes":"5","route_keys":"|5|","accessible":"","source_date":"2026-05-29"}},{"type":"Feature","id":"metro-station-135","geometry":{"type":"Point","coordinates":[-3.65757,40.43189]},"properties":{"kind":"station","mode":"metro","id":"80","name":"EL CARMEN","routes":"5","route_keys":"|5|","accessible":"","source_date":"2026-05-29"}},{"type":"Feature","id":"metro-station-136","geometry":{"type":"Point","coordinates":[-3.68258,40.43278]},"properties":{"kind":"station","mode":"metro","id":"83","name":"NUÑEZ DE BALBOA","routes":"5, 9","route_keys":"|5|9|","accessible":"","source_date":"2026-05-29"}},{"type":"Feature","id":"metro-station-137","geometry":{"type":"Point","coordinates":[-3.68954,40.43316]},"properties":{"kind":"station","mode":"metro","id":"84","name":"RUBEN DARIO","routes":"5","route_keys":"|5|","accessible":"","source_date":"2026-05-29"}},{"type":"Feature","id":"metro-station-138","geometry":{"type":"Point","coordinates":[-3.70218,40.42906]},"properties":{"kind":"station","mode":"metro","id":"9","name":"BILBAO","routes":"1, 4","route_keys":"|1|4|","accessible":"Step-free access","source_date":"2026-05-29"}},{"type":"Feature","id":"metro-station-139","geometry":{"type":"Point","coordinates":[-3.70816,40.41128]},"properties":{"kind":"station","mode":"metro","id":"90","name":"LA LATINA","routes":"5","route_keys":"|5|","accessible":"","source_date":"2026-05-29"}},{"type":"Feature","id":"metro-station-140","geometry":{"type":"Point","coordinates":[-3.71596,40.39736]},"properties":{"kind":"station","mode":"metro","id":"94","name":"MARQUES DE VADILLO","routes":"5","route_keys":"|5|","accessible":"","source_date":"2026-05-29"}},{"type":"Feature","id":"metro-station-141","geometry":{"type":"Point","coordinates":[-3.7236,40.39335]},"properties":{"kind":"station","mode":"metro","id":"95","name":"URGEL","routes":"5","route_keys":"|5|","accessible":"","source_date":"2026-05-29"}},{"type":"Feature","id":"metro-station-142","geometry":{"type":"Point","coordinates":[-3.73982,40.38885]},"properties":{"kind":"station","mode":"metro","id":"97","name":"VISTA ALEGRE","routes":"5","route_keys":"|5|","accessible":"","source_date":"2026-05-29"}},{"type":"Feature","id":"metro-station-143","geometry":{"type":"Point","coordinates":[-3.74487,40.38783]},"properties":{"kind":"station","mode":"metro","id":"98","name":"CARABANCHEL","routes":"5","route_keys":"|5|","accessible":"","source_date":"2026-05-29"}},{"type":"Feature","id":"metro-station-144","geometry":{"type":"Point","coordinates":[-3.70913,40.49971]},"properties":{"kind":"station","mode":"metro","id":"345","name":"PACO DE LUCIA","routes":"9","route_keys":"|9|","accessible":"Step-free access","source_date":"2026-05-29"}},{"type":"Feature","id":"metro-station-145","geometry":{"type":"Point","coordinates":[-3.64282,40.43566]},"properties":{"kind":"station","mode":"metro","id":"137","name":"PUEBLO NUEVO","routes":"5, 7","route_keys":"|5|7|","accessible":"Step-free access","source_date":"2026-05-29"}},{"type":"Feature","id":"metro-station-146","geometry":{"type":"Point","coordinates":[-3.64282,40.43569]},"properties":{"kind":"station","mode":"metro","id":"78","name":"PUEBLO NUEVO","routes":"5, 7","route_keys":"|5|7|","accessible":"Step-free access","source_date":"2026-05-29"}},{"type":"Feature","id":"metro-station-147","geometry":{"type":"Point","coordinates":[-3.72678,40.44356]},"properties":{"kind":"station","mode":"metro","id":"124","name":"CIUDAD UNIVERSITARIA","routes":"6","route_keys":"|6|","accessible":"Step-free access","source_date":"2026-05-29"}},{"type":"Feature","id":"metro-station-148","geometry":{"type":"Point","coordinates":[-3.71229,40.44637]},"properties":{"kind":"station","mode":"metro","id":"122","name":"GUZMAN EL BUENO","routes":"6, 7","route_keys":"|6|7|","accessible":"Step-free access","source_date":"2026-05-29"}},{"type":"Feature","id":"metro-station-149","geometry":{"type":"Point","coordinates":[-3.71229,40.44633]},"properties":{"kind":"station","mode":"metro","id":"146","name":"GUZMAN EL BUENO","routes":"6, 7","route_keys":"|6|7|","accessible":"Step-free access","source_date":"2026-05-29"}},{"type":"Feature","id":"metro-station-150","geometry":{"type":"Point","coordinates":[-3.65273,40.41024]},"properties":{"kind":"station","mode":"metro","id":"176","name":"VINATEROS","routes":"9","route_keys":"|9|","accessible":"","source_date":"2026-05-29"}},{"type":"Feature","id":"metro-station-151","geometry":{"type":"Point","coordinates":[-3.64181,40.40522]},"properties":{"kind":"station","mode":"metro","id":"177","name":"ARTILLEROS","routes":"9","route_keys":"|9|","accessible":"","source_date":"2026-05-29"}},{"type":"Feature","id":"metro-station-152","geometry":{"type":"Point","coordinates":[-3.67514,40.40126]},"properties":{"kind":"station","mode":"metro","id":"18","name":"PACIFICO","routes":"1, 6","route_keys":"|1|6|","accessible":"Step-free access","source_date":"2026-05-29"}},{"type":"Feature","id":"metro-station-153","geometry":{"type":"Point","coordinates":[-3.66414,40.39554]},"properties":{"kind":"station","mode":"metro","id":"20","name":"NUEVA NUMANCIA","routes":"1","route_keys":"|1|","accessible":"","source_date":"2026-05-29"}},{"type":"Feature","id":"metro-station-154","geometry":{"type":"Point","coordinates":[-3.60239,40.40381]},"properties":{"kind":"station","mode":"metro","id":"181","name":"SAN CIPRIANO","routes":"9","route_keys":"|9|","accessible":"Step-free access","source_date":"2026-05-29"}},{"type":"Feature","id":"metro-station-155","geometry":{"type":"Point","coordinates":[-3.67685,40.42481]},"properties":{"kind":"station","mode":"metro","id":"61","name":"GOYA","routes":"2, 4","route_keys":"|2|4|","accessible":"Step-free access","source_date":"2026-05-29"}},{"type":"Feature","id":"metro-station-156","geometry":{"type":"Point","coordinates":[-3.68024,40.42418]},"properties":{"kind":"station","mode":"metro","id":"172","name":"PRINCIPE DE VERGARA","routes":"2, 9","route_keys":"|2|9|","accessible":"Step-free access","source_date":"2026-05-29"}},{"type":"Feature","id":"metro-station-157","geometry":{"type":"Point","coordinates":[-3.69127,40.43753]},"properties":{"kind":"station","mode":"metro","id":"194","name":"GREGORIO MARAÑON","routes":"7, 10","route_keys":"|7|10|","accessible":"Step-free access","source_date":"2026-05-29"}},{"type":"Feature","id":"metro-station-158","geometry":{"type":"Point","coordinates":[-3.71105,40.40704]},"properties":{"kind":"station","mode":"metro","id":"91","name":"PUERTA DE TOLEDO","routes":"5","route_keys":"|5|","accessible":"","source_date":"2026-05-29"}},{"type":"Feature","id":"metro-station-159","geometry":{"type":"Point","coordinates":[-3.68864,40.3931]},"properties":{"kind":"station","mode":"metro","id":"259","name":"ARGANZUELA-PLANETARIO","routes":"6","route_keys":"|6|","accessible":"Step-free access","source_date":"2026-05-29"}},{"type":"Feature","id":"metro-station-160","geometry":{"type":"Point","coordinates":[-3.75191,40.372]},"properties":{"kind":"station","mode":"metro","id":"255","name":"CARABANCHEL ALTO","routes":"11","route_keys":"|11|","accessible":"Step-free access","source_date":"2026-05-29"}},{"type":"Feature","id":"metro-station-161","geometry":{"type":"Point","coordinates":[-3.67215,40.43934]},"properties":{"kind":"station","mode":"metro","id":"140","name":"CARTAGENA","routes":"7","route_keys":"|7|","accessible":"","source_date":"2026-05-29"}},{"type":"Feature","id":"metro-station-162","geometry":{"type":"Point","coordinates":[-3.66297,40.43945]},"properties":{"kind":"station","mode":"metro","id":"139","name":"PARQUE DE LAS AVENIDAS","routes":"7","route_keys":"|7|","accessible":"","source_date":"2026-05-29"}},{"type":"Feature","id":"metro-station-163","geometry":{"type":"Point","coordinates":[-3.69762,40.42293]},"properties":{"kind":"station","mode":"metro","id":"86","name":"CHUECA","routes":"5","route_keys":"|5|","accessible":"","source_date":"2026-05-29"}},{"type":"Feature","id":"metro-station-164","geometry":{"type":"Point","coordinates":[-3.70208,40.426]},"properties":{"kind":"station","mode":"metro","id":"196","name":"TRIBUNAL","routes":"1, 10","route_keys":"|1|10|","accessible":"Step-free access","source_date":"2026-05-29"}},{"type":"Feature","id":"metro-station-165","geometry":{"type":"Point","coordinates":[-3.7097,40.42409]},"properties":{"kind":"station","mode":"metro","id":"197","name":"PLAZA DE ESPAÑA","routes":"2, 3, 10","route_keys":"|2|3|10|","accessible":"Step-free access","source_date":"2026-05-29"}},{"type":"Feature","id":"metro-station-166","geometry":{"type":"Point","coordinates":[-3.71373,40.43907]},"properties":{"kind":"station","mode":"metro","id":"145","name":"ISLAS FILIPINAS","routes":"7","route_keys":"|7|","accessible":"Step-free access","source_date":"2026-05-29"}},{"type":"Feature","id":"metro-station-167","geometry":{"type":"Point","coordinates":[-3.67821,40.44427]},"properties":{"kind":"station","mode":"metro","id":"169","name":"CRUZ DEL RAYO","routes":"9","route_keys":"|9|","accessible":"","source_date":"2026-05-29"}},{"type":"Feature","id":"metro-station-168","geometry":{"type":"Point","coordinates":[-3.68098,40.40445]},"properties":{"kind":"station","mode":"metro","id":"17","name":"MENENDEZ PELAYO","routes":"1","route_keys":"|1|","accessible":"","source_date":"2026-05-29"}},{"type":"Feature","id":"metro-station-169","geometry":{"type":"Point","coordinates":[-3.67858,40.41839]},"properties":{"kind":"station","mode":"metro","id":"173","name":"IBIZA","routes":"9","route_keys":"|9|","accessible":"","source_date":"2026-05-29"}},{"type":"Feature","id":"metro-station-170","geometry":{"type":"Point","coordinates":[-3.64106,40.43021]},"properties":{"kind":"station","mode":"metro","id":"136","name":"ASCAO","routes":"7","route_keys":"|7|","accessible":"","source_date":"2026-05-29"}},{"type":"Feature","id":"metro-station-171","geometry":{"type":"Point","coordinates":[-3.7018,40.41999]},"properties":{"kind":"station","mode":"metro","id":"87","name":"GRAN VIA","routes":"1, 5","route_keys":"|1|5|","accessible":"Step-free access","source_date":"2026-05-29"}},{"type":"Feature","id":"metro-station-172","geometry":{"type":"Point","coordinates":[-3.54792,40.42514]},"properties":{"kind":"station","mode":"metro","id":"289","name":"LA RAMBLA","routes":"7","route_keys":"|7|","accessible":"Step-free access","source_date":"2026-05-29"}},{"type":"Feature","id":"metro-station-173","geometry":{"type":"Point","coordinates":[-3.56919,40.4225]},"properties":{"kind":"station","mode":"metro","id":"287","name":"BARRIO DEL PUERTO","routes":"7","route_keys":"|7|","accessible":"Step-free access","source_date":"2026-05-29"}},{"type":"Feature","id":"metro-station-174","geometry":{"type":"Point","coordinates":[-3.53541,40.42441]},"properties":{"kind":"station","mode":"metro","id":"290","name":"SAN FERNANDO","routes":"7","route_keys":"|7|","accessible":"Step-free access","source_date":"2026-05-29"}},{"type":"Feature","id":"metro-station-175","geometry":{"type":"Point","coordinates":[-3.52549,40.42295]},"properties":{"kind":"station","mode":"metro","id":"291","name":"JARAMA","routes":"7","route_keys":"|7|","accessible":"Step-free access","source_date":"2026-05-29"}},{"type":"Feature","id":"metro-station-176","geometry":{"type":"Point","coordinates":[-3.52718,40.41777]},"properties":{"kind":"station","mode":"metro","id":"292","name":"HENARES","routes":"7","route_keys":"|7|","accessible":"Step-free access","source_date":"2026-05-29"}},{"type":"Feature","id":"metro-station-177","geometry":{"type":"Point","coordinates":[-3.59953,40.36323]},"properties":{"kind":"station","mode":"metro","id":"294","name":"LAS SUERTES","routes":"1","route_keys":"|1|","accessible":"Step-free access","source_date":"2026-05-29"}},{"type":"Feature","id":"metro-station-178","geometry":{"type":"Point","coordinates":[-3.59316,40.36007]},"properties":{"kind":"station","mode":"metro","id":"295","name":"VALDECARROS","routes":"1","route_keys":"|1|","accessible":"Step-free access","source_date":"2026-05-29"}},{"type":"Feature","id":"metro-station-179","geometry":{"type":"Point","coordinates":[-3.69898,40.43492]},"properties":{"kind":"station","mode":"metro","id":"8","name":"IGLESIA","routes":"1","route_keys":"|1|","accessible":"Step-free access","source_date":"2026-05-29"}},{"type":"Feature","id":"metro-station-180","geometry":{"type":"Point","coordinates":[-3.62472,40.38216]},"properties":{"kind":"station","mode":"metro","id":"25","name":"SIERRA DE GUADALUPE","routes":"1","route_keys":"|1|","accessible":"Step-free access","source_date":"2026-05-29"}},{"type":"Feature","id":"metro-station-181","geometry":{"type":"Point","coordinates":[-3.7018,40.42001]},"properties":{"kind":"station","mode":"metro","id":"11","name":"GRAN VIA","routes":"1, 5","route_keys":"|1|5|","accessible":"Step-free access","source_date":"2026-05-29"}},{"type":"Feature","id":"metro-station-182","geometry":{"type":"Point","coordinates":[-3.67637,40.47682]},"properties":{"kind":"station","mode":"metro","id":"262","name":"BAMBU","routes":"1","route_keys":"|1|","accessible":"Step-free access","source_date":"2026-05-29"}},{"type":"Feature","id":"metro-station-183","geometry":{"type":"Point","coordinates":[-3.70489,40.4387]},"properties":{"kind":"station","mode":"metro","id":"144","name":"CANAL","routes":"2, 7","route_keys":"|2|7|","accessible":"Step-free access","source_date":"2026-05-29"}},{"type":"Feature","id":"metro-station-184","geometry":{"type":"Point","coordinates":[-3.66277,40.51553]},"properties":{"kind":"station","mode":"metro","id":"277","name":"RONDA DE LA COMUNICACION","routes":"10","route_keys":"|10|","accessible":"Step-free access","source_date":"2026-05-29"}},{"type":"Feature","id":"metro-station-185","geometry":{"type":"Point","coordinates":[-3.70567,40.42966]},"properties":{"kind":"station","mode":"metro","id":"55","name":"SAN BERNARDO","routes":"2, 4","route_keys":"|2|4|","accessible":"","source_date":"2026-05-29"}},{"type":"Feature","id":"metro-station-186","geometry":{"type":"Point","coordinates":[-3.70114,40.42885]},"properties":{"kind":"station","mode":"metro","id":"56","name":"BILBAO","routes":"1, 4","route_keys":"|1|4|","accessible":"Step-free access","source_date":"2026-05-29"}},{"type":"Feature","id":"metro-station-187","geometry":{"type":"Point","coordinates":[-3.69643,40.42853]},"properties":{"kind":"station","mode":"metro","id":"195","name":"ALONSO MARTINEZ","routes":"4, 5, 10","route_keys":"|4|5|10|","accessible":"","source_date":"2026-05-29"}},{"type":"Feature","id":"metro-station-188","geometry":{"type":"Point","coordinates":[-3.69502,40.42828]},"properties":{"kind":"station","mode":"metro","id":"85","name":"ALONSO MARTINEZ","routes":"4, 5, 10","route_keys":"|4|5|10|","accessible":"","source_date":"2026-05-29"}},{"type":"Feature","id":"metro-station-189","geometry":{"type":"Point","coordinates":[-3.70268,40.40513]},"properties":{"kind":"station","mode":"metro","id":"46","name":"EMBAJADORES","routes":"3, 5","route_keys":"|3|5|","accessible":"Step-free access","source_date":"2026-05-29"}},{"type":"Feature","id":"metro-station-190","geometry":{"type":"Point","coordinates":[-3.71945,40.43497]},"properties":{"kind":"station","mode":"metro","id":"125","name":"MONCLOA","routes":"3, 6","route_keys":"|3|6|","accessible":"Step-free access","source_date":"2026-05-29"}},{"type":"Feature","id":"metro-station-191","geometry":{"type":"Point","coordinates":[-3.7608,40.38563]},"properties":{"kind":"station","mode":"metro","id":"100","name":"ALUCHE","routes":"5","route_keys":"|5|","accessible":"Step-free access","source_date":"2026-05-29"}},{"type":"Feature","id":"metro-station-192","geometry":{"type":"Point","coordinates":[-3.70664,40.40387]},"properties":{"kind":"station","mode":"metro","id":"92","name":"ACACIAS","routes":"3, 5","route_keys":"|3|5|","accessible":"","source_date":"2026-05-29"}},{"type":"Feature","id":"metro-station-193","geometry":{"type":"Point","coordinates":[-3.69505,40.39116]},"properties":{"kind":"station","mode":"metro","id":"110","name":"LEGAZPI","routes":"3, 6","route_keys":"|3|6|","accessible":"Step-free access","source_date":"2026-05-29"}},{"type":"Feature","id":"metro-station-194","geometry":{"type":"Point","coordinates":[-3.69511,40.39115]},"properties":{"kind":"station","mode":"metro","id":"43","name":"LEGAZPI","routes":"3, 6","route_keys":"|3|6|","accessible":"Step-free access","source_date":"2026-05-29"}},{"type":"Feature","id":"metro-station-195","geometry":{"type":"Point","coordinates":[-3.72032,40.42107]},"properties":{"kind":"station","mode":"metro","id":"127","name":"PRINCIPE PIO","routes":"6, 10, R","route_keys":"|6|10|R|","accessible":"","source_date":"2026-05-29"}},{"type":"Feature","id":"metro-station-196","geometry":{"type":"Point","coordinates":[-3.72033,40.42103]},"properties":{"kind":"station","mode":"metro","id":"198","name":"PRINCIPE PIO","routes":"6, 10, R","route_keys":"|6|10|R|","accessible":"","source_date":"2026-05-29"}},{"type":"Feature","id":"metro-station-197","geometry":{"type":"Point","coordinates":[-3.72033,40.42099]},"properties":{"kind":"station","mode":"metro","id":"238","name":"PRINCIPE PIO","routes":"6, 10, R","route_keys":"|6|10|R|","accessible":"","source_date":"2026-05-29"}},{"type":"Feature","id":"metro-station-198","geometry":{"type":"Point","coordinates":[-3.69283,40.49509]},"properties":{"kind":"station","mode":"metro","id":"187","name":"FUENCARRAL","routes":"10","route_keys":"|10|","accessible":"","source_date":"2026-05-29"}},{"type":"Feature","id":"metro-station-199","geometry":{"type":"Point","coordinates":[-3.68985,40.45842]},"properties":{"kind":"station","mode":"metro","id":"191","name":"CUZCO","routes":"10","route_keys":"|10|","accessible":"","source_date":"2026-05-29"}},{"type":"Feature","id":"metro-station-200","geometry":{"type":"Point","coordinates":[-3.69038,40.45159]},"properties":{"kind":"station","mode":"metro","id":"192","name":"SANTIAGO BERNABEU","routes":"10","route_keys":"|10|","accessible":"","source_date":"2026-05-29"}},{"type":"Feature","id":"metro-station-201","geometry":{"type":"Point","coordinates":[-3.69506,40.46442]},"properties":{"kind":"station","mode":"metro","id":"2","name":"VALDEACEDERAS","routes":"1","route_keys":"|1|","accessible":"","source_date":"2026-05-29"}},{"type":"Feature","id":"metro-station-202","geometry":{"type":"Point","coordinates":[-3.81211,40.34524]},"properties":{"kind":"station","mode":"metro","id":"205","name":"PUERTA DEL SUR","routes":"10, 12","route_keys":"|10|12|","accessible":"Step-free access","source_date":"2026-05-29"}},{"type":"Feature","id":"metro-station-203","geometry":{"type":"Point","coordinates":[-3.8072,40.34985]},"properties":{"kind":"station","mode":"metro","id":"204","name":"JOAQUIN VILUMBRALES","routes":"10","route_keys":"|10|","accessible":"Step-free access","source_date":"2026-05-29"}},{"type":"Feature","id":"metro-station-204","geometry":{"type":"Point","coordinates":[-3.7279,40.38083]},"properties":{"kind":"station","mode":"metro","id":"207","name":"ABRANTES","routes":"11","route_keys":"|11|","accessible":"Step-free access","source_date":"2026-05-29"}},{"type":"Feature","id":"metro-station-205","geometry":{"type":"Point","coordinates":[-3.73417,40.37587]},"properties":{"kind":"station","mode":"metro","id":"208","name":"PAN BENDITO","routes":"11","route_keys":"|11|","accessible":"Step-free access","source_date":"2026-05-29"}},{"type":"Feature","id":"metro-station-206","geometry":{"type":"Point","coordinates":[-3.65868,40.39266]},"properties":{"kind":"station","mode":"metro","id":"21","name":"PORTAZGO","routes":"1","route_keys":"|1|","accessible":"Step-free access","source_date":"2026-05-29"}},{"type":"Feature","id":"metro-station-207","geometry":{"type":"Point","coordinates":[-3.8212,40.34969]},"properties":{"kind":"station","mode":"metro","id":"210","name":"PARQUE LISBOA","routes":"12","route_keys":"|12|","accessible":"Step-free access","source_date":"2026-05-29"}},{"type":"Feature","id":"metro-station-208","geometry":{"type":"Point","coordinates":[-3.84934,40.34589]},"properties":{"kind":"station","mode":"metro","id":"212","name":"PARQUE OESTE","routes":"12","route_keys":"|12|","accessible":"Step-free access","source_date":"2026-05-29"}},{"type":"Feature","id":"metro-station-209","geometry":{"type":"Point","coordinates":[-3.87218,40.33512]},"properties":{"kind":"station","mode":"metro","id":"213","name":"UNIVERSIDAD REY JUAN CARLOS","routes":"12","route_keys":"|12|","accessible":"Step-free access","source_date":"2026-05-29"}},{"type":"Feature","id":"metro-station-210","geometry":{"type":"Point","coordinates":[-3.86489,40.32168]},"properties":{"kind":"station","mode":"metro","id":"215","name":"PRADILLO","routes":"12","route_keys":"|12|","accessible":"Step-free access","source_date":"2026-05-29"}},{"type":"Feature","id":"metro-station-211","geometry":{"type":"Point","coordinates":[-3.74429,40.39923]},"properties":{"kind":"station","mode":"metro","id":"104","name":"LAGUNA","routes":"6","route_keys":"|6|","accessible":"Step-free access","source_date":"2026-05-29"}},{"type":"Feature","id":"metro-station-212","geometry":{"type":"Point","coordinates":[-3.87471,40.31652]},"properties":{"kind":"station","mode":"metro","id":"216","name":"HOSPITAL DE MOSTOLES","routes":"12","route_keys":"|12|","accessible":"Step-free access","source_date":"2026-05-29"}},{"type":"Feature","id":"metro-station-213","geometry":{"type":"Point","coordinates":[-3.74576,40.29324]},"properties":{"kind":"station","mode":"metro","id":"224","name":"CONSERVATORIO","routes":"12","route_keys":"|12|","accessible":"Step-free access","source_date":"2026-05-29"}},{"type":"Feature","id":"metro-station-214","geometry":{"type":"Point","coordinates":[-3.83768,40.29681]},"properties":{"kind":"station","mode":"metro","id":"218","name":"LORANCA","routes":"12","route_keys":"|12|","accessible":"Step-free access","source_date":"2026-05-29"}},{"type":"Feature","id":"metro-station-215","geometry":{"type":"Point","coordinates":[-3.81642,40.28576]},"properties":{"kind":"station","mode":"metro","id":"219","name":"HOSPITAL DE FUENLABRADA","routes":"12","route_keys":"|12|","accessible":"Step-free access","source_date":"2026-05-29"}},{"type":"Feature","id":"metro-station-216","geometry":{"type":"Point","coordinates":[-3.80632,40.28518]},"properties":{"kind":"station","mode":"metro","id":"220","name":"PARQUE EUROPA","routes":"12","route_keys":"|12|","accessible":"Step-free access","source_date":"2026-05-29"}},{"type":"Feature","id":"metro-station-217","geometry":{"type":"Point","coordinates":[-3.61206,40.42239]},"properties":{"kind":"station","mode":"metro","id":"324","name":"AVENIDA DE GUADALAJARA","routes":"2","route_keys":"|2|","accessible":"Step-free access","source_date":"2026-05-29"}},{"type":"Feature","id":"metro-station-218","geometry":{"type":"Point","coordinates":[-3.60331,40.42375]},"properties":{"kind":"station","mode":"metro","id":"325","name":"LAS ROSAS","routes":"2","route_keys":"|2|","accessible":"Step-free access","source_date":"2026-05-29"}},{"type":"Feature","id":"metro-station-219","geometry":{"type":"Point","coordinates":[-3.67814,40.39538]},"properties":{"kind":"station","mode":"metro","id":"111","name":"MENDEZ ALVARO","routes":"6","route_keys":"|6|","accessible":"","source_date":"2026-05-29"}},{"type":"Feature","id":"metro-station-220","geometry":{"type":"Point","coordinates":[-3.73132,40.38846]},"properties":{"kind":"station","mode":"metro","id":"96","name":"OPORTO","routes":"5, 6","route_keys":"|5|6|","accessible":"","source_date":"2026-05-29"}},{"type":"Feature","id":"metro-station-221","geometry":{"type":"Point","coordinates":[-3.73126,40.38847]},"properties":{"kind":"station","mode":"metro","id":"106","name":"OPORTO","routes":"5, 6","route_keys":"|5|6|","accessible":"","source_date":"2026-05-29"}},{"type":"Feature","id":"metro-station-222","geometry":{"type":"Point","coordinates":[-3.69423,40.40307]},"properties":{"kind":"station","mode":"metro","id":"45","name":"PALOS DE LA FRONTERA","routes":"3","route_keys":"|3|","accessible":"Step-free access","source_date":"2026-05-29"}},{"type":"Feature","id":"metro-station-223","geometry":{"type":"Point","coordinates":[-3.70433,40.43841]},"properties":{"kind":"station","mode":"metro","id":"41","name":"CANAL","routes":"2, 7","route_keys":"|2|7|","accessible":"Step-free access","source_date":"2026-05-29"}},{"type":"Feature","id":"metro-station-224","geometry":{"type":"Point","coordinates":[-3.70433,40.43322]},"properties":{"kind":"station","mode":"metro","id":"40","name":"QUEVEDO","routes":"2","route_keys":"|2|","accessible":"","source_date":"2026-05-29"}},{"type":"Feature","id":"metro-station-225","geometry":{"type":"Point","coordinates":[-3.78697,40.28684]},"properties":{"kind":"station","mode":"metro","id":"222","name":"PARQUE DE LOS ESTADOS","routes":"12","route_keys":"|12|","accessible":"Step-free access","source_date":"2026-05-29"}},{"type":"Feature","id":"metro-station-226","geometry":{"type":"Point","coordinates":[-3.75682,40.28874]},"properties":{"kind":"station","mode":"metro","id":"223","name":"ARROYO CULEBRO","routes":"12","route_keys":"|12|","accessible":"Step-free access","source_date":"2026-05-29"}},{"type":"Feature","id":"metro-station-227","geometry":{"type":"Point","coordinates":[-3.73664,40.30081]},"properties":{"kind":"station","mode":"metro","id":"225","name":"ALONSO DE MENDOZA","routes":"12","route_keys":"|12|","accessible":"Step-free access","source_date":"2026-05-29"}},{"type":"Feature","id":"metro-station-228","geometry":{"type":"Point","coordinates":[-3.72224,40.3118]},"properties":{"kind":"station","mode":"metro","id":"227","name":"JUAN DE LA CIERVA","routes":"12","route_keys":"|12|","accessible":"Step-free access","source_date":"2026-05-29"}},{"type":"Feature","id":"metro-station-229","geometry":{"type":"Point","coordinates":[-3.7182,40.32423]},"properties":{"kind":"station","mode":"metro","id":"229","name":"LOS ESPARTALES","routes":"12","route_keys":"|12|","accessible":"Step-free access","source_date":"2026-05-29"}},{"type":"Feature","id":"metro-station-230","geometry":{"type":"Point","coordinates":[-3.64522,40.38977]},"properties":{"kind":"station","mode":"metro","id":"23","name":"ALTO DEL ARENAL","routes":"1","route_keys":"|1|","accessible":"Step-free access","source_date":"2026-05-29"}},{"type":"Feature","id":"metro-station-231","geometry":{"type":"Point","coordinates":[-3.74018,40.33664]},"properties":{"kind":"station","mode":"metro","id":"231","name":"EL CARRASCAL","routes":"12","route_keys":"|12|","accessible":"Step-free access","source_date":"2026-05-29"}},{"type":"Feature","id":"metro-station-232","geometry":{"type":"Point","coordinates":[-3.75266,40.33475]},"properties":{"kind":"station","mode":"metro","id":"232","name":"JULIAN BESTEIRO","routes":"12","route_keys":"|12|","accessible":"Step-free access","source_date":"2026-05-29"}},{"type":"Feature","id":"metro-station-233","geometry":{"type":"Point","coordinates":[-3.6942,40.3999]},"properties":{"kind":"station","mode":"metro","id":"44","name":"DELICIAS","routes":"3","route_keys":"|3|","accessible":"Step-free access","source_date":"2026-05-29"}},{"type":"Feature","id":"metro-station-234","geometry":{"type":"Point","coordinates":[-3.75942,40.3266]},"properties":{"kind":"station","mode":"metro","id":"233","name":"CASA DEL RELOJ","routes":"12","route_keys":"|12|","accessible":"Step-free access","source_date":"2026-05-29"}},{"type":"Feature","id":"metro-station-235","geometry":{"type":"Point","coordinates":[-3.77587,40.33616]},"properties":{"kind":"station","mode":"metro","id":"236","name":"SAN NICASIO","routes":"12","route_keys":"|12|","accessible":"Step-free access","source_date":"2026-05-29"}},{"type":"Feature","id":"metro-station-236","geometry":{"type":"Point","coordinates":[-3.63951,40.38732]},"properties":{"kind":"station","mode":"metro","id":"24","name":"MIGUEL HERNANDEZ","routes":"1","route_keys":"|1|","accessible":"Step-free access","source_date":"2026-05-29"}},{"type":"Feature","id":"metro-station-237","geometry":{"type":"Point","coordinates":[-3.59401,40.45347]},"properties":{"kind":"station","mode":"metro","id":"253","name":"EL CAPRICHO","routes":"5","route_keys":"|5|","accessible":"Step-free access","source_date":"2026-05-29"}},{"type":"Feature","id":"metro-station-238","geometry":{"type":"Point","coordinates":[-3.7391,40.3736]},"properties":{"kind":"station","mode":"metro","id":"254","name":"SAN FRANCISCO","routes":"11","route_keys":"|11|","accessible":"Step-free access","source_date":"2026-05-29"}},{"type":"Feature","id":"metro-station-239","geometry":{"type":"Point","coordinates":[-3.78392,40.38364]},"properties":{"kind":"station","mode":"metro","id":"257","name":"AVIACION ESPAÑOLA","routes":"10","route_keys":"|10|","accessible":"Step-free access","source_date":"2026-05-29"}},{"type":"Feature","id":"metro-station-240","geometry":{"type":"Point","coordinates":[-3.64867,40.468]},"properties":{"kind":"station","mode":"metro","id":"258","name":"PINAR DEL REY","routes":"8","route_keys":"|8|","accessible":"Step-free access","source_date":"2026-05-29"}},{"type":"Feature","id":"metro-station-241","geometry":{"type":"Point","coordinates":[-3.6213,40.3796]},"properties":{"kind":"station","mode":"metro","id":"26","name":"VILLA DE VALLECAS","routes":"1","route_keys":"|1|","accessible":"Step-free access","source_date":"2026-05-29"}},{"type":"Feature","id":"metro-station-242","geometry":{"type":"Point","coordinates":[-3.65052,40.42662]},"properties":{"kind":"station","mode":"metro","id":"260","name":"LA ELIPA","routes":"2","route_keys":"|2|","accessible":"Step-free access","source_date":"2026-05-29"}},{"type":"Feature","id":"metro-station-243","geometry":{"type":"Point","coordinates":[-3.7569,40.36422]},"properties":{"kind":"station","mode":"metro","id":"256","name":"LA PESETA","routes":"11","route_keys":"|11|","accessible":"Step-free access","source_date":"2026-05-29"}},{"type":"Feature","id":"metro-station-244","geometry":{"type":"Point","coordinates":[-3.74534,40.4051]},"properties":{"kind":"station","mode":"metro","id":"130","name":"LUCERO","routes":"6","route_keys":"|6|","accessible":"Step-free access","source_date":"2026-05-29"}},{"type":"Feature","id":"metro-station-245","geometry":{"type":"Point","coordinates":[-3.62156,40.40005]},"properties":{"kind":"station","mode":"metro","id":"179","name":"VALDEBERNARDO","routes":"9","route_keys":"|9|","accessible":"Step-free access","source_date":"2026-05-29"}},{"type":"Feature","id":"metro-station-246","geometry":{"type":"Point","coordinates":[-3.72305,40.48502]},"properties":{"kind":"station","mode":"metro","id":"152","name":"LACOMA","routes":"7","route_keys":"|7|","accessible":"Step-free access","source_date":"2026-05-29"}},{"type":"Feature","id":"metro-station-247","geometry":{"type":"Point","coordinates":[-3.7184,40.4801]},"properties":{"kind":"station","mode":"metro","id":"151","name":"AVENIDA DE LA ILUSTRACION","routes":"7","route_keys":"|7|","accessible":"Step-free access","source_date":"2026-05-29"}},{"type":"Feature","id":"metro-station-248","geometry":{"type":"Point","coordinates":[-3.71597,40.46482]},"properties":{"kind":"station","mode":"metro","id":"148","name":"VALDEZARZA","routes":"7","route_keys":"|7|","accessible":"Step-free access","source_date":"2026-05-29"}},{"type":"Feature","id":"metro-station-249","geometry":{"type":"Point","coordinates":[-3.67694,40.45749]},"properties":{"kind":"station","mode":"metro","id":"167","name":"COLOMBIA","routes":"8, 9","route_keys":"|8|9|","accessible":"Step-free access","source_date":"2026-05-29"}},{"type":"Feature","id":"metro-station-250","geometry":{"type":"Point","coordinates":[-3.67682,40.45634]},"properties":{"kind":"station","mode":"metro","id":"156","name":"COLOMBIA","routes":"8, 9","route_keys":"|8|9|","accessible":"Step-free access","source_date":"2026-05-29"}},{"type":"Feature","id":"metro-station-251","geometry":{"type":"Point","coordinates":[-3.60788,40.43299]},"properties":{"kind":"station","mode":"metro","id":"132","name":"LAS MUSAS","routes":"7","route_keys":"|7|","accessible":"","source_date":"2026-05-29"}},{"type":"Feature","id":"metro-station-252","geometry":{"type":"Point","coordinates":[-3.67294,40.43295]},"properties":{"kind":"station","mode":"metro","id":"117","name":"DIEGO DE LEON","routes":"4, 5, 6","route_keys":"|4|5|6|","accessible":"","source_date":"2026-05-29"}},{"type":"Feature","id":"metro-station-253","geometry":{"type":"Point","coordinates":[-3.67426,40.43235]},"properties":{"kind":"station","mode":"metro","id":"82","name":"DIEGO DE LEON","routes":"4, 5, 6","route_keys":"|4|5|6|","accessible":"","source_date":"2026-05-29"}},{"type":"Feature","id":"metro-station-254","geometry":{"type":"Point","coordinates":[-3.67936,40.43013]},"properties":{"kind":"station","mode":"metro","id":"171","name":"NUÑEZ DE BALBOA","routes":"5, 9","route_keys":"|5|9|","accessible":"","source_date":"2026-05-29"}},{"type":"Feature","id":"metro-station-255","geometry":{"type":"Point","coordinates":[-3.71945,40.43502]},"properties":{"kind":"station","mode":"metro","id":"53","name":"MONCLOA","routes":"3, 6","route_keys":"|3|6|","accessible":"Step-free access","source_date":"2026-05-29"}},{"type":"Feature","id":"metro-station-256","geometry":{"type":"Point","coordinates":[-3.6234,40.55037]},"properties":{"kind":"station","mode":"metro","id":"283","name":"REYES CATOLICOS","routes":"10","route_keys":"|10|","accessible":"Step-free access","source_date":"2026-05-29"}},{"type":"Feature","id":"metro-station-257","geometry":{"type":"Point","coordinates":[-3.64688,40.55048]},"properties":{"kind":"station","mode":"metro","id":"281","name":"MANUEL DE FALLA","routes":"10","route_keys":"|10|","accessible":"Step-free access","source_date":"2026-05-29"}},{"type":"Feature","id":"metro-station-258","geometry":{"type":"Point","coordinates":[-3.63556,40.53196]},"properties":{"kind":"station","mode":"metro","id":"279","name":"LA MORALEJA","routes":"10","route_keys":"|10|","accessible":"Step-free access","source_date":"2026-05-29"}},{"type":"Feature","id":"metro-station-259","geometry":{"type":"Point","coordinates":[-3.65859,40.5276]},"properties":{"kind":"station","mode":"metro","id":"278","name":"LA GRANJA","routes":"10","route_keys":"|10|","accessible":"Step-free access","source_date":"2026-05-29"}},{"type":"Feature","id":"metro-station-260","geometry":{"type":"Point","coordinates":[-3.61145,40.55977]},"properties":{"kind":"station","mode":"metro","id":"284","name":"HOSPITAL INFANTA SOFIA","routes":"10","route_keys":"|10|","accessible":"Step-free access","source_date":"2026-05-29"}},{"type":"Feature","id":"metro-station-261","geometry":{"type":"Point","coordinates":[-3.68406,40.44379]},"properties":{"kind":"station","mode":"metro","id":"119","name":"REPUBLICA ARGENTINA","routes":"6","route_keys":"|6|","accessible":"","source_date":"2026-05-29"}},{"type":"Feature","id":"metro-station-262","geometry":{"type":"Point","coordinates":[-3.69241,40.44655]},"properties":{"kind":"station","mode":"metro","id":"155","name":"NUEVOS MINISTERIOS","routes":"6, 8, 10","route_keys":"|6|8|10|","accessible":"Step-free access","source_date":"2026-05-29"}},{"type":"Feature","id":"metro-station-263","geometry":{"type":"Point","coordinates":[-3.66361,40.43088]},"properties":{"kind":"station","mode":"metro","id":"81","name":"VENTAS","routes":"2, 5","route_keys":"|2|5|","accessible":"","source_date":"2026-05-29"}},{"type":"Feature","id":"metro-station-264","geometry":{"type":"Point","coordinates":[-3.68917,40.4669]},"properties":{"kind":"station","mode":"metro","id":"1","name":"PLAZA DE CASTILLA","routes":"1, 9, 10","route_keys":"|1|9|10|","accessible":"","source_date":"2026-05-29"}},{"type":"Feature","id":"metro-station-265","geometry":{"type":"Point","coordinates":[-3.68913,40.4669]},"properties":{"kind":"station","mode":"metro","id":"164","name":"PLAZA DE CASTILLA","routes":"1, 9, 10","route_keys":"|1|9|10|","accessible":"","source_date":"2026-05-29"}},{"type":"Feature","id":"metro-station-266","geometry":{"type":"Point","coordinates":[-3.68909,40.4669]},"properties":{"kind":"station","mode":"metro","id":"190","name":"PLAZA DE CASTILLA","routes":"1, 9, 10","route_keys":"|1|9|10|","accessible":"","source_date":"2026-05-29"}},{"type":"Feature","id":"metro-station-267","geometry":{"type":"Point","coordinates":[-3.69265,40.35089]},"properties":{"kind":"station","mode":"metro","id":"271","name":"VILLAVERDE BAJO CRUCE","routes":"3","route_keys":"|3|","accessible":"Step-free access","source_date":"2026-05-29"}},{"type":"Feature","id":"metro-station-268","geometry":{"type":"Point","coordinates":[-3.59598,40.40132]},"properties":{"kind":"station","mode":"metro","id":"182","name":"PUERTA DE ARGANDA","routes":"9","route_keys":"|9|","accessible":"Step-free access","source_date":"2026-05-29"}},{"type":"Feature","id":"metro-station-269","geometry":{"type":"Point","coordinates":[-3.68259,40.4721]},"properties":{"kind":"station","mode":"metro","id":"189","name":"CHAMARTIN","routes":"1, 10","route_keys":"|1|10|","accessible":"Step-free access","source_date":"2026-05-29"}},{"type":"Feature","id":"metro-station-270","geometry":{"type":"Point","coordinates":[-3.68585,40.48041]},"properties":{"kind":"station","mode":"metro","id":"188","name":"BEGOÑA","routes":"10","route_keys":"|10|","accessible":"","source_date":"2026-05-29"}},{"type":"Feature","id":"metro-station-271","geometry":{"type":"Point","coordinates":[-3.6162,40.46389]},"properties":{"kind":"station","mode":"metro","id":"158","name":"FERIA DE MADRID","routes":"8","route_keys":"|8|","accessible":"Step-free access","source_date":"2026-05-29"}},{"type":"Feature","id":"metro-station-272","geometry":{"type":"Point","coordinates":[-3.68259,40.47203]},"properties":{"kind":"station","mode":"metro","id":"261","name":"CHAMARTIN","routes":"1, 10","route_keys":"|1|10|","accessible":"Step-free access","source_date":"2026-05-29"}},{"type":"Feature","id":"metro-station-273","geometry":{"type":"Point","coordinates":[-3.60886,40.40422]},"properties":{"kind":"station","mode":"metro","id":"180","name":"VICALVARO","routes":"9","route_keys":"|9|","accessible":"Step-free access","source_date":"2026-05-29"}},{"type":"Feature","id":"metro-station-274","geometry":{"type":"Point","coordinates":[-3.66366,40.43088]},"properties":{"kind":"station","mode":"metro","id":"28","name":"VENTAS","routes":"2, 5","route_keys":"|2|5|","accessible":"","source_date":"2026-05-29"}},{"type":"Feature","id":"metro-station-275","geometry":{"type":"Point","coordinates":[-3.79891,40.28268]},"properties":{"kind":"station","mode":"metro","id":"221","name":"FUENLABRADA CENTRAL","routes":"12","route_keys":"|12|","accessible":"Step-free access","source_date":"2026-05-29"}},{"type":"Feature","id":"metro-station-276","geometry":{"type":"Point","coordinates":[-3.75121,40.38439]},"properties":{"kind":"station","mode":"metro","id":"99","name":"EUGENIA DE MONTIJO","routes":"5","route_keys":"|5|","accessible":"Step-free access","source_date":"2026-05-29"}},{"type":"Feature","id":"metro-station-277","geometry":{"type":"Point","coordinates":[-3.62351,40.41829]},"properties":{"kind":"station","mode":"metro","id":"323","name":"ALSACIA","routes":"2","route_keys":"|2|","accessible":"Step-free access","source_date":"2026-05-29"}},{"type":"Feature","id":"metro-station-278","geometry":{"type":"Point","coordinates":[-3.71634,40.4911]},"properties":{"kind":"station","mode":"metro","id":"326","name":"MIRASIERRA","routes":"9","route_keys":"|9|","accessible":"Step-free access","source_date":"2026-05-29"}},{"type":"Feature","id":"metro-station-279","geometry":{"type":"Point","coordinates":[-3.77783,40.35795]},"properties":{"kind":"station","mode":"metro","id":"305","name":"LA FORTUNA","routes":"11","route_keys":"|11|","accessible":"Step-free access","source_date":"2026-05-29"}},{"type":"Feature","id":"metro-station-280","geometry":{"type":"Point","coordinates":[-3.63914,40.42361]},"properties":{"kind":"station","mode":"metro","id":"322","name":"LA ALMUDENA","routes":"2","route_keys":"|2|","accessible":"Step-free access","source_date":"2026-05-29"}},{"type":"Feature","id":"metro-station-281","geometry":{"type":"Point","coordinates":[-3.66951,40.41503]},"properties":{"kind":"station","mode":"metro","id":"174","name":"SAINZ DE BARANDA","routes":"6, 9","route_keys":"|6|9|","accessible":"Step-free access","source_date":"2026-05-29"}},{"type":"Feature","id":"metro-station-282","geometry":{"type":"Point","coordinates":[-3.66951,40.41507]},"properties":{"kind":"station","mode":"metro","id":"114","name":"SAINZ DE BARANDA","routes":"6, 9","route_keys":"|6|9|","accessible":"Step-free access","source_date":"2026-05-29"}},{"type":"Feature","id":"metro-station-283","geometry":{"type":"Point","coordinates":[-3.71138,40.4026]},"properties":{"kind":"station","mode":"metro","id":"93","name":"PIRAMIDES","routes":"5","route_keys":"|5|","accessible":"Step-free access","source_date":"2026-05-29"}},{"type":"Feature","id":"metro-station-284","geometry":{"type":"Point","coordinates":[-3.72589,40.49511]},"properties":{"kind":"station","mode":"metro","id":"154","name":"PITIS","routes":"7","route_keys":"|7|","accessible":"Step-free access","source_date":"2026-05-29"}},{"type":"Feature","id":"metro-station-285","geometry":{"type":"Point","coordinates":[-3.77154,40.32899]},"properties":{"kind":"station","mode":"metro","id":"235","name":"LEGANES CENTRAL","routes":"12","route_keys":"|12|","accessible":"Step-free access","source_date":"2026-05-29"}},{"type":"Feature","id":"metro-station-286","geometry":{"type":"Point","coordinates":[-3.83178,40.35008]},"properties":{"kind":"station","mode":"metro","id":"211","name":"ALCORCON CENTRAL","routes":"12","route_keys":"|12|","accessible":"Step-free access","source_date":"2026-05-29"}},{"type":"Feature","id":"metro-station-287","geometry":{"type":"Point","coordinates":[-3.86354,40.3285]},"properties":{"kind":"station","mode":"metro","id":"214","name":"MOSTOLES CENTRAL","routes":"12","route_keys":"|12|","accessible":"Step-free access","source_date":"2026-05-29"}},{"type":"Feature","id":"metro-station-288","geometry":{"type":"Point","coordinates":[-3.70985,40.31862]},"properties":{"kind":"station","mode":"metro","id":"228","name":"EL CASAR","routes":"3, 12","route_keys":"|3|12|","accessible":"Step-free access","source_date":"2026-05-29"}},{"type":"Feature","id":"metro-station-289","geometry":{"type":"Point","coordinates":[-3.76101,40.40324]},"properties":{"kind":"station","mode":"metro","id":"103","name":"CASA DE CAMPO","routes":"5, 10","route_keys":"|5|10|","accessible":"Step-free access","source_date":"2026-05-29"}},{"type":"Feature","id":"metro-station-290","geometry":{"type":"Point","coordinates":[-3.76101,40.40321]},"properties":{"kind":"station","mode":"metro","id":"201","name":"CASA DE CAMPO","routes":"5, 10","route_keys":"|5|10|","accessible":"Step-free access","source_date":"2026-05-29"}},{"type":"Feature","id":"metro-station-291","geometry":{"type":"Point","coordinates":[-3.7095,40.31856]},"properties":{"kind":"station","mode":"metro","id":"349","name":"EL CASAR","routes":"3, 12","route_keys":"|3|12|","accessible":"Step-free access","source_date":"2026-05-29"}}]}